-- MySQL dump 10.13  Distrib 8.4.0, for macos14 (arm64)
--
-- Host: mentoring.cqaz4i5mrupx.us-east-1.rds.amazonaws.com    Database: MentifyNuevo
-- ------------------------------------------------------
-- Server version	8.0.35

/*!40101 SET @OLD_CHARACTER_SET_CLIENT=@@CHARACTER_SET_CLIENT */;
/*!40101 SET @OLD_CHARACTER_SET_RESULTS=@@CHARACTER_SET_RESULTS */;
/*!40101 SET @OLD_COLLATION_CONNECTION=@@COLLATION_CONNECTION */;
/*!50503 SET NAMES utf8mb4 */;
/*!40103 SET @OLD_TIME_ZONE=@@TIME_ZONE */;
/*!40103 SET TIME_ZONE='+00:00' */;
/*!40014 SET @OLD_UNIQUE_CHECKS=@@UNIQUE_CHECKS, UNIQUE_CHECKS=0 */;
/*!40014 SET @OLD_FOREIGN_KEY_CHECKS=@@FOREIGN_KEY_CHECKS, FOREIGN_KEY_CHECKS=0 */;
/*!40101 SET @OLD_SQL_MODE=@@SQL_MODE, SQL_MODE='NO_AUTO_VALUE_ON_ZERO' */;
/*!40111 SET @OLD_SQL_NOTES=@@SQL_NOTES, SQL_NOTES=0 */;

--
-- Table structure for table `AlumnoSesionCita`
--

DROP TABLE IF EXISTS `AlumnoSesionCita`;
/*!40101 SET @saved_cs_client     = @@character_set_client */;
/*!50503 SET character_set_client = utf8mb4 */;
CREATE TABLE `AlumnoSesionCita` (
  `id` int NOT NULL AUTO_INCREMENT,
  `fid_alumno` int NOT NULL,
  `fid_sesionCita` int NOT NULL,
  `fechaCreacion` datetime DEFAULT CURRENT_TIMESTAMP,
  `fechaActualizacion` datetime DEFAULT CURRENT_TIMESTAMP,
  PRIMARY KEY (`id`),
  KEY `fid_sesionCita` (`fid_sesionCita`),
  KEY `AlumnoSesionCita_ibfk_1` (`fid_alumno`),
  CONSTRAINT `AlumnoSesionCita_ibfk_1` FOREIGN KEY (`fid_alumno`) REFERENCES `Usuario` (`id_usuario`)
) ENGINE=InnoDB AUTO_INCREMENT=367 DEFAULT CHARSET=utf8mb4 COLLATE=utf8mb4_0900_ai_ci;
/*!40101 SET character_set_client = @saved_cs_client */;

--
-- Dumping data for table `AlumnoSesionCita`
--

LOCK TABLES `AlumnoSesionCita` WRITE;
/*!40000 ALTER TABLE `AlumnoSesionCita` DISABLE KEYS */;
INSERT INTO `AlumnoSesionCita` VALUES (162,4,1,'2024-07-01 21:36:54','2024-07-01 21:36:54'),(163,4,2,'2024-07-01 21:36:54','2024-07-01 21:36:54'),(164,4,3,'2024-07-01 21:36:54','2024-07-01 21:36:54'),(165,4,4,'2024-07-01 21:36:54','2024-07-01 21:36:54'),(166,4,5,'2024-07-01 21:36:54','2024-07-01 21:36:54'),(167,4,6,'2024-07-01 21:36:54','2024-07-01 21:36:54'),(168,36,7,'2024-07-01 21:36:54','2024-07-01 21:36:54'),(169,4,8,'2024-07-01 21:36:54','2024-07-01 21:36:54'),(170,14,9,'2024-07-01 21:36:54','2024-07-01 21:36:54'),(171,14,10,'2024-07-01 21:36:54','2024-07-01 21:36:54'),(172,4,10,'2024-07-01 21:36:54','2024-07-01 21:36:54'),(173,4,11,'2024-07-01 21:36:54','2024-07-01 21:36:54'),(174,4,12,'2024-07-01 21:36:54','2024-07-01 21:36:54'),(175,14,13,'2024-07-01 21:36:54','2024-07-01 21:36:54'),(176,4,13,'2024-07-01 21:36:54','2024-07-01 21:36:54'),(177,14,14,'2024-07-01 21:36:54','2024-07-01 21:36:54'),(178,4,14,'2024-07-01 21:36:54','2024-07-01 21:36:54'),(179,14,15,'2024-07-01 21:36:54','2024-07-01 21:36:54'),(180,4,15,'2024-07-01 21:36:54','2024-07-01 21:36:54'),(181,14,16,'2024-07-01 21:36:54','2024-07-01 21:36:54'),(182,4,16,'2024-07-01 21:36:54','2024-07-01 21:36:54'),(183,14,17,'2024-07-01 21:36:54','2024-07-01 21:36:54'),(184,4,17,'2024-07-01 21:36:54','2024-07-01 21:36:54'),(185,4,18,'2024-07-01 21:36:54','2024-07-01 21:36:54'),(186,14,19,'2024-07-01 21:36:54','2024-07-01 21:36:54'),(187,4,19,'2024-07-01 21:36:54','2024-07-01 21:36:54'),(188,14,20,'2024-07-01 21:36:54','2024-07-01 21:36:54'),(189,4,20,'2024-07-01 21:36:54','2024-07-01 21:36:54'),(190,14,21,'2024-07-01 21:36:54','2024-07-01 21:36:54'),(191,4,21,'2024-07-01 21:36:54','2024-07-01 21:36:54'),(192,14,22,'2024-07-01 21:36:54','2024-07-01 21:36:54'),(193,4,22,'2024-07-01 21:36:54','2024-07-01 21:36:54'),(194,14,23,'2024-07-01 21:36:54','2024-07-01 21:36:54'),(195,4,23,'2024-07-01 21:36:54','2024-07-01 21:36:54'),(196,4,25,'2024-07-01 21:36:54','2024-07-01 21:36:54'),(197,36,26,'2024-07-01 21:36:54','2024-07-01 21:36:54'),(198,64,27,'2024-07-01 21:36:54','2024-07-01 21:36:54'),(199,14,28,'2024-07-01 21:36:54','2024-07-01 21:36:54'),(200,64,29,'2024-07-01 21:36:54','2024-07-01 21:36:54'),(201,4,30,'2024-07-01 21:36:54','2024-07-01 21:36:54'),(202,36,31,'2024-07-01 21:36:54','2024-07-01 21:36:54'),(203,36,32,'2024-07-01 21:36:54','2024-07-01 21:36:54'),(204,36,33,'2024-07-01 21:36:54','2024-07-01 21:36:54'),(205,36,34,'2024-07-01 21:36:54','2024-07-01 21:36:54'),(206,36,35,'2024-07-01 21:36:54','2024-07-01 21:36:54'),(207,35,36,'2024-07-01 21:36:54','2024-07-01 21:36:54'),(208,4,37,'2024-07-01 21:36:54','2024-07-01 21:36:54'),(209,36,38,'2024-07-01 21:36:54','2024-07-01 21:36:54'),(210,35,39,'2024-07-01 21:36:54','2024-07-01 21:36:54'),(211,35,40,'2024-07-01 21:36:54','2024-07-01 21:36:54'),(212,4,41,'2024-07-01 21:36:54','2024-07-01 21:36:54'),(213,35,42,'2024-07-01 21:36:54','2024-07-01 21:36:54'),(214,35,43,'2024-07-01 21:36:54','2024-07-01 21:36:54'),(215,35,44,'2024-07-01 21:36:54','2024-07-01 21:36:54'),(216,35,45,'2024-07-01 21:36:54','2024-07-01 21:36:54'),(217,35,46,'2024-07-01 21:36:54','2024-07-01 21:36:54'),(218,4,47,'2024-07-01 21:36:54','2024-07-01 21:36:54'),(219,4,48,'2024-07-01 21:36:54','2024-07-01 21:36:54'),(220,4,49,'2024-07-01 21:36:54','2024-07-01 21:36:54'),(221,64,50,'2024-07-01 21:36:54','2024-07-01 21:36:54'),(222,35,51,'2024-07-01 21:36:54','2024-07-01 21:36:54'),(223,4,52,'2024-07-01 21:36:54','2024-07-01 21:36:54'),(224,4,53,'2024-07-01 21:36:54','2024-07-01 21:36:54'),(225,4,54,'2024-07-01 21:36:54','2024-07-01 21:36:54'),(226,35,55,'2024-07-01 21:36:54','2024-07-01 21:36:54'),(227,2,56,'2024-07-01 21:36:54','2024-07-01 21:36:54'),(228,2,57,'2024-07-01 21:36:54','2024-07-01 21:36:54'),(229,2,58,'2024-07-01 21:36:54','2024-07-01 21:36:54'),(230,4,59,'2024-07-01 21:36:54','2024-07-01 21:36:54'),(231,4,60,'2024-07-01 21:36:54','2024-07-01 21:36:54'),(232,64,61,'2024-07-01 21:36:54','2024-07-01 21:36:54'),(233,4,62,'2024-07-01 21:36:54','2024-07-01 21:36:54'),(234,14,63,'2024-07-01 21:36:54','2024-07-01 21:36:54'),(235,4,63,'2024-07-01 21:36:54','2024-07-01 21:36:54'),(236,35,64,'2024-07-01 21:36:54','2024-07-01 21:36:54'),(237,4,65,'2024-07-01 21:36:54','2024-07-01 21:36:54'),(238,36,66,'2024-07-01 21:36:54','2024-07-01 21:36:54'),(239,4,67,'2024-07-01 21:36:54','2024-07-01 21:36:54'),(240,4,68,'2024-07-01 21:36:54','2024-07-01 21:36:54'),(241,35,69,'2024-07-01 21:36:54','2024-07-01 21:36:54'),(242,36,70,'2024-07-01 21:36:54','2024-07-01 21:36:54'),(243,36,71,'2024-07-01 21:36:54','2024-07-01 21:36:54'),(244,4,72,'2024-07-01 21:36:54','2024-07-01 21:36:54'),(245,35,73,'2024-07-01 21:36:54','2024-07-01 21:36:54'),(246,36,74,'2024-07-01 21:36:54','2024-07-01 21:36:54'),(247,36,76,'2024-07-01 21:36:54','2024-07-01 21:36:54'),(248,36,77,'2024-07-01 21:36:54','2024-07-01 21:36:54'),(249,36,78,'2024-07-01 21:36:54','2024-07-01 21:36:54'),(250,36,79,'2024-07-01 21:36:54','2024-07-01 21:36:54'),(251,36,80,'2024-07-01 21:36:54','2024-07-01 21:36:54'),(252,4,81,'2024-07-01 21:36:54','2024-07-01 21:36:54'),(253,36,82,'2024-07-01 21:36:54','2024-07-01 21:36:54'),(254,36,83,'2024-07-01 21:36:54','2024-07-01 21:36:54'),(255,36,84,'2024-07-01 21:36:54','2024-07-01 21:36:54'),(256,36,85,'2024-07-01 21:36:54','2024-07-01 21:36:54'),(257,36,86,'2024-07-01 21:36:54','2024-07-01 21:36:54'),(258,36,87,'2024-07-01 21:36:54','2024-07-01 21:36:54'),(259,36,88,'2024-07-01 21:36:54','2024-07-01 21:36:54'),(260,36,89,'2024-07-01 21:36:54','2024-07-01 21:36:54'),(261,4,90,'2024-07-01 21:36:54','2024-07-01 21:36:54'),(262,36,91,'2024-07-01 21:36:54','2024-07-01 21:36:54'),(263,64,92,'2024-07-01 21:36:54','2024-07-01 21:36:54'),(264,36,93,'2024-07-01 21:36:54','2024-07-01 21:36:54'),(265,36,94,'2024-07-01 21:36:54','2024-07-01 21:36:54'),(266,36,95,'2024-07-01 21:36:54','2024-07-01 21:36:54'),(267,36,96,'2024-07-01 21:36:54','2024-07-01 21:36:54'),(268,4,97,'2024-07-01 21:36:54','2024-07-01 21:36:54'),(269,36,98,'2024-07-01 21:36:54','2024-07-01 21:36:54'),(270,4,99,'2024-07-01 21:36:54','2024-07-01 21:36:54'),(271,36,100,'2024-07-01 21:36:54','2024-07-01 21:36:54'),(272,14,101,'2024-07-01 21:36:54','2024-07-01 21:36:54'),(273,4,101,'2024-07-01 21:36:54','2024-07-01 21:36:54'),(274,4,102,'2024-07-01 21:36:54','2024-07-01 21:36:54'),(275,35,103,'2024-07-01 21:36:54','2024-07-01 21:36:54'),(276,4,103,'2024-07-01 21:36:54','2024-07-01 21:36:54'),(277,35,104,'2024-07-01 21:36:54','2024-07-01 21:36:54'),(278,4,105,'2024-07-01 21:36:54','2024-07-01 21:36:54'),(279,4,106,'2024-07-01 21:36:54','2024-07-01 21:36:54'),(280,36,107,'2024-07-01 21:36:54','2024-07-01 21:36:54'),(281,36,108,'2024-07-01 21:36:54','2024-07-01 21:36:54'),(282,4,109,'2024-07-01 21:36:54','2024-07-01 21:36:54'),(283,4,110,'2024-07-01 21:36:54','2024-07-01 21:36:54'),(284,36,111,'2024-07-01 21:36:54','2024-07-01 21:36:54'),(285,4,112,'2024-07-01 21:36:54','2024-07-01 21:36:54'),(286,4,113,'2024-07-01 21:36:54','2024-07-01 21:36:54'),(287,4,114,'2024-07-01 21:36:54','2024-07-01 21:36:54'),(288,4,115,'2024-07-01 21:36:54','2024-07-01 21:36:54'),(289,4,116,'2024-07-01 21:36:54','2024-07-01 21:36:54'),(290,117,117,'2024-07-01 21:36:54','2024-07-01 21:36:54'),(291,117,118,'2024-07-01 21:36:54','2024-07-01 21:36:54'),(292,4,119,'2024-07-01 21:36:54','2024-07-01 21:36:54'),(293,35,119,'2024-07-01 21:36:54','2024-07-01 21:36:54'),(294,64,120,'2024-07-01 21:36:54','2024-07-01 21:36:54'),(295,4,121,'2024-07-01 21:36:54','2024-07-01 21:36:54'),(296,4,122,'2024-07-01 21:36:54','2024-07-01 21:36:54'),(297,4,123,'2024-07-01 21:36:54','2024-07-01 21:36:54'),(298,4,124,'2024-07-01 21:36:54','2024-07-01 21:36:54'),(299,4,125,'2024-07-01 21:36:54','2024-07-01 21:36:54'),(300,4,126,'2024-07-01 21:36:54','2024-07-01 21:36:54'),(301,4,127,'2024-07-01 21:36:54','2024-07-01 21:36:54'),(302,4,128,'2024-07-01 21:36:54','2024-07-01 21:36:54'),(303,4,129,'2024-07-01 21:36:54','2024-07-01 21:36:54'),(304,4,130,'2024-07-01 21:36:54','2024-07-01 21:36:54'),(305,4,131,'2024-07-01 21:36:54','2024-07-01 21:36:54'),(306,4,132,'2024-07-01 21:36:54','2024-07-01 21:36:54'),(307,4,133,'2024-07-01 21:36:54','2024-07-01 21:36:54'),(308,4,134,'2024-07-01 21:36:54','2024-07-01 21:36:54'),(309,4,136,'2024-07-01 21:36:54','2024-07-01 21:36:54'),(310,4,137,'2024-07-01 21:36:54','2024-07-01 21:36:54'),(311,35,138,'2024-07-01 21:36:54','2024-07-01 21:36:54'),(312,4,139,'2024-07-01 21:36:54','2024-07-01 21:36:54'),(313,4,140,'2024-07-01 21:36:54','2024-07-01 21:36:54'),(314,4,141,'2024-07-01 21:36:54','2024-07-01 21:36:54'),(315,4,142,'2024-07-01 21:36:54','2024-07-01 21:36:54'),(316,4,143,'2024-07-01 21:36:54','2024-07-01 21:36:54'),(317,4,144,'2024-07-01 21:36:54','2024-07-01 21:36:54'),(318,4,145,'2024-07-01 21:36:54','2024-07-01 21:36:54'),(319,4,146,'2024-07-01 21:36:54','2024-07-01 21:36:54'),(320,4,147,'2024-07-01 21:36:54','2024-07-01 21:36:54'),(321,4,148,'2024-07-01 21:36:54','2024-07-01 21:36:54'),(322,4,149,'2024-07-01 21:36:54','2024-07-01 21:36:54'),(323,4,150,'2024-07-01 21:36:54','2024-07-01 21:36:54'),(324,4,151,'2024-07-01 21:36:54','2024-07-01 21:36:54'),(325,4,152,'2024-07-01 21:36:54','2024-07-01 21:36:54'),(326,4,153,'2024-07-01 21:36:54','2024-07-01 21:36:54'),(327,4,154,'2024-07-01 21:36:54','2024-07-01 21:36:54'),(328,4,155,'2024-07-01 21:36:54','2024-07-01 21:36:54'),(329,4,156,'2024-07-01 21:36:54','2024-07-01 21:36:54'),(330,4,157,'2024-07-01 21:36:54','2024-07-01 21:36:54'),(331,4,158,'2024-07-01 21:36:54','2024-07-01 21:36:54'),(332,4,159,'2024-07-01 21:36:54','2024-07-01 21:36:54'),(333,4,160,'2024-07-01 21:36:54','2024-07-01 21:36:54'),(334,4,161,'2024-07-01 21:36:54','2024-07-01 21:36:54'),(335,4,162,'2024-07-01 21:36:54','2024-07-01 21:36:54'),(336,64,163,'2024-07-01 21:36:54','2024-07-01 21:36:54'),(337,4,164,'2024-07-01 21:36:54','2024-07-01 21:36:54'),(338,4,165,'2024-07-01 21:36:54','2024-07-01 21:36:54'),(339,4,166,'2024-07-01 21:36:54','2024-07-01 21:36:54'),(340,4,167,'2024-07-01 21:36:54','2024-07-01 21:36:54'),(341,4,168,'2024-07-01 21:36:54','2024-07-01 21:36:54'),(342,4,169,'2024-07-01 21:36:54','2024-07-01 21:36:54'),(343,4,170,'2024-07-01 21:36:54','2024-07-01 21:36:54'),(344,4,171,'2024-07-01 21:36:54','2024-07-01 21:36:54'),(345,4,172,'2024-07-01 21:36:54','2024-07-01 21:36:54'),(346,4,173,'2024-07-01 21:36:54','2024-07-01 21:36:54'),(347,4,174,'2024-07-01 21:36:54','2024-07-01 21:36:54'),(348,4,175,'2024-07-01 21:36:54','2024-07-01 21:36:54'),(349,4,176,'2024-07-01 21:36:54','2024-07-01 21:36:54'),(350,4,183,'2024-07-01 21:36:54','2024-07-01 21:36:54'),(351,4,184,'2024-07-01 21:36:54','2024-07-01 21:36:54'),(352,4,185,'2024-07-01 21:36:54','2024-07-01 21:36:54'),(353,4,186,'2024-07-01 21:36:54','2024-07-01 21:36:54'),(354,4,187,'2024-07-01 21:36:54','2024-07-01 21:36:54'),(355,4,188,'2024-07-01 21:36:54','2024-07-01 21:36:54'),(356,4,189,'2024-07-01 21:36:54','2024-07-01 21:36:54'),(357,4,190,'2024-07-01 21:36:54','2024-07-01 21:36:54'),(358,4,191,'2024-07-01 21:36:54','2024-07-01 21:36:54'),(359,4,192,'2024-07-01 21:36:54','2024-07-01 21:36:54'),(360,4,193,'2024-07-01 21:36:54','2024-07-01 21:36:54'),(361,207,194,'2024-07-01 21:36:54','2024-07-01 21:36:54'),(362,4,194,'2024-07-01 21:36:54','2024-07-01 21:36:54'),(363,4,195,'2024-07-01 21:36:54','2024-07-01 21:36:54'),(364,207,195,'2024-07-01 21:36:54','2024-07-01 21:36:54'),(365,4,196,'2024-07-01 21:36:54','2024-07-01 21:36:54'),(366,207,196,'2024-07-01 21:36:54','2024-07-01 21:36:54');
/*!40000 ALTER TABLE `AlumnoSesionCita` ENABLE KEYS */;
UNLOCK TABLES;

--
-- Table structure for table `AsignacionTipoTutoria`
--

DROP TABLE IF EXISTS `AsignacionTipoTutoria`;
/*!40101 SET @saved_cs_client     = @@character_set_client */;
/*!50503 SET character_set_client = utf8mb4 */;
CREATE TABLE `AsignacionTipoTutoria` (
  `id_asignacionTipoTutoria` int NOT NULL AUTO_INCREMENT,
  `fid_usuario` int NOT NULL,
  `fid_tipoTutoria` int NOT NULL,
  `esActivo` tinyint(1) NOT NULL DEFAULT '1',
  `fechaCreacion` datetime NOT NULL DEFAULT CURRENT_TIMESTAMP,
  `fechaActualizacion` datetime NOT NULL DEFAULT CURRENT_TIMESTAMP ON UPDATE CURRENT_TIMESTAMP,
  `esTutor` tinyint(1) DEFAULT '0',
  PRIMARY KEY (`id_asignacionTipoTutoria`),
  KEY `fid_tutor` (`fid_usuario`),
  KEY `fid_tipoTutoria` (`fid_tipoTutoria`),
  CONSTRAINT `AsignacionTipoTutoria_ibfk_1` FOREIGN KEY (`fid_usuario`) REFERENCES `Usuario` (`id_usuario`),
  CONSTRAINT `AsignacionTipoTutoria_ibfk_2` FOREIGN KEY (`fid_tipoTutoria`) REFERENCES `TipoTutoria` (`id_tipoTutoria`)
) ENGINE=InnoDB AUTO_INCREMENT=113 DEFAULT CHARSET=utf8mb4 COLLATE=utf8mb4_0900_ai_ci;
/*!40101 SET character_set_client = @saved_cs_client */;

--
-- Dumping data for table `AsignacionTipoTutoria`
--

LOCK TABLES `AsignacionTipoTutoria` WRITE;
/*!40000 ALTER TABLE `AsignacionTipoTutoria` DISABLE KEYS */;
INSERT INTO `AsignacionTipoTutoria` VALUES (1,2,82,0,'2024-06-16 15:49:11','2024-06-27 00:40:47',1),(2,4,82,1,'2024-06-16 15:49:29','2024-06-26 06:52:46',0),(3,2,84,1,'2024-06-16 16:11:22','2024-06-30 23:14:57',1),(4,7,84,0,'2024-06-16 16:11:27','2024-06-17 06:31:13',1),(5,14,84,0,'2024-06-16 16:11:45','2024-06-17 06:31:13',0),(6,35,84,0,'2024-06-16 16:34:28','2024-06-30 05:02:03',0),(7,36,84,0,'2024-06-16 17:15:45','2024-06-17 06:31:13',0),(8,3,83,1,'2024-06-16 17:15:57','2024-06-16 17:15:57',1),(9,36,83,0,'2024-06-16 17:16:02','2024-06-24 06:46:18',0),(10,36,82,0,'2024-06-16 19:28:28','2024-06-24 06:46:18',0),(11,7,85,1,'2024-06-16 19:49:42','2024-06-16 19:49:42',1),(12,4,85,0,'2024-06-16 19:49:55','2024-06-24 06:25:26',0),(13,36,85,0,'2024-06-16 19:50:13','2024-06-24 06:46:19',0),(14,40,85,1,'2024-06-16 19:50:49','2024-06-16 19:50:49',1),(15,2,86,0,'2024-06-16 21:01:22','2024-06-22 07:58:16',1),(16,4,86,0,'2024-06-16 21:01:35','2024-06-30 06:09:55',0),(17,14,86,0,'2024-06-16 21:01:38','2024-06-22 07:58:17',1),(18,2,87,0,'2024-06-17 01:32:08','2024-06-27 00:40:49',1),(19,14,87,0,'2024-06-17 01:32:14','2024-06-28 04:55:13',0),(20,64,87,0,'2024-06-17 01:32:17','2024-06-22 06:06:16',0),(21,4,87,0,'2024-06-17 01:32:22','2024-06-24 06:25:27',0),(22,2,88,1,'2024-06-17 01:40:01','2024-06-27 04:43:47',1),(23,4,88,1,'2024-06-17 01:40:09','2024-06-27 04:44:15',0),(24,3,88,1,'2024-06-17 02:19:51','2024-06-17 02:19:51',1),(25,36,88,0,'2024-06-17 02:20:02','2024-06-24 06:46:20',0),(26,7,88,1,'2024-06-17 02:45:37','2024-06-17 02:45:37',1),(27,35,88,1,'2024-06-17 02:46:14','2024-06-17 02:46:14',0),(28,2,89,0,'2024-06-17 06:13:03','2024-06-27 00:40:50',1),(29,4,89,0,'2024-06-17 06:13:10','2024-06-30 05:04:50',0),(30,64,89,0,'2024-06-17 06:13:16','2024-06-17 06:31:13',0),(31,117,89,0,'2024-06-17 06:13:20','2024-06-17 06:31:13',0),(32,4,84,1,'2024-06-17 06:51:25','2024-06-30 23:15:13',0),(33,2,83,0,'2024-06-22 06:49:09','2024-06-27 00:40:52',1),(34,4,83,1,'2024-06-22 06:49:15','2024-06-26 10:28:18',0),(35,35,86,0,'2024-06-22 07:11:46','2024-06-22 07:58:17',0),(36,3,89,0,'2024-06-23 01:17:00','2024-06-30 05:02:03',1),(37,35,89,0,'2024-06-23 01:17:27','2024-06-30 05:02:03',0),(38,36,89,0,'2024-06-23 01:17:31','2024-06-24 06:46:21',0),(39,3,84,0,'2024-06-23 01:18:15','2024-06-30 05:02:03',1),(40,36,90,0,'2024-06-24 06:42:31','2024-06-24 06:46:21',0),(41,2,90,0,'2024-06-24 06:42:38','2024-06-24 06:42:40',1),(42,68,90,1,'2024-06-24 06:42:53','2024-06-24 06:42:53',1),(43,139,89,0,'2024-06-24 17:18:30','2024-06-30 05:02:03',1),(44,139,84,0,'2024-06-24 17:19:35','2024-06-30 05:02:03',1),(45,2,91,1,'2024-06-27 04:45:42','2024-06-27 04:45:42',1),(46,4,91,1,'2024-06-27 04:45:53','2024-06-27 04:45:53',0),(47,117,91,1,'2024-06-27 04:45:59','2024-06-27 04:45:59',0),(48,139,91,1,'2024-06-27 19:22:39','2024-06-27 19:22:39',1),(49,2,92,0,'2024-06-28 16:38:10','2024-06-28 17:24:50',1),(50,4,92,0,'2024-06-28 16:38:21','2024-06-28 17:24:51',0),(51,10,92,0,'2024-06-28 16:42:05','2024-06-28 16:43:46',1),(52,14,92,0,'2024-06-28 16:43:04','2024-06-28 16:45:18',1),(53,2,93,0,'2024-06-28 16:45:54','2024-06-28 17:17:41',1),(54,4,93,0,'2024-06-28 16:46:02','2024-06-28 17:17:42',0),(55,2,94,1,'2024-06-28 18:31:31','2024-06-28 18:31:31',1),(56,4,94,1,'2024-06-28 18:31:37','2024-06-28 18:31:37',0),(57,144,95,1,'2024-06-28 20:50:21','2024-06-28 20:50:21',1),(58,165,95,1,'2024-06-28 20:50:27','2024-06-28 20:50:27',1),(59,168,95,0,'2024-06-28 20:50:39','2024-06-30 03:45:32',0),(60,167,95,0,'2024-06-28 20:53:03','2024-06-28 20:53:06',0),(61,43,97,0,'2024-06-28 20:58:08','2024-06-28 20:59:30',1),(62,168,97,0,'2024-06-28 20:58:18','2024-06-28 20:59:31',0),(63,64,88,1,'2024-06-29 01:52:06','2024-06-29 01:52:06',0),(64,35,94,0,'2024-06-29 04:46:32','2024-06-29 04:46:41',0),(65,170,94,1,'2024-06-29 09:02:56','2024-06-29 09:02:56',0),(66,3,100,0,'2024-06-30 04:45:50','2024-06-30 05:02:03',1),(67,2,100,0,'2024-06-30 04:45:52','2024-06-30 05:02:03',1),(68,4,100,0,'2024-06-30 04:46:00','2024-06-30 05:02:03',0),(74,166,100,0,'2024-06-30 04:58:12','2024-06-30 05:02:03',1),(75,10,100,0,'2024-06-30 04:58:17','2024-06-30 05:02:03',1),(98,4,103,1,'2024-06-30 05:34:56','2024-06-30 06:11:07',0),(99,191,103,1,'2024-06-30 05:47:59','2024-06-30 06:11:07',0),(100,169,103,0,'2024-06-30 06:00:58','2024-06-30 07:03:12',0),(101,130,103,1,'2024-06-30 06:00:58','2024-06-30 06:11:07',0),(102,190,103,1,'2024-06-30 06:00:58','2024-06-30 06:11:07',0),(103,2,103,0,'2024-06-30 06:05:27','2024-06-30 06:09:55',1),(104,10,103,0,'2024-06-30 06:05:29','2024-06-30 06:05:57',1),(105,35,103,0,'2024-06-30 06:05:34','2024-06-30 06:09:55',0),(106,113,103,0,'2024-06-30 06:05:36','2024-06-30 06:09:55',0),(107,129,103,0,'2024-06-30 06:05:39','2024-06-30 06:09:55',0),(108,130,93,0,'2024-06-30 06:06:02','2024-06-30 06:09:55',1),(109,176,103,1,'2024-06-30 06:11:07','2024-06-30 06:11:07',0),(110,15,103,0,'2024-06-30 06:58:41','2024-06-30 06:59:33',1),(111,14,103,0,'2024-06-30 07:01:44','2024-06-30 07:03:50',1),(112,207,84,1,'2024-06-30 23:15:05','2024-06-30 23:15:05',0);
/*!40000 ALTER TABLE `AsignacionTipoTutoria` ENABLE KEYS */;
UNLOCK TABLES;

--
-- Table structure for table `AsignacionTutorAlumno`
--

DROP TABLE IF EXISTS `AsignacionTutorAlumno`;
/*!40101 SET @saved_cs_client     = @@character_set_client */;
/*!50503 SET character_set_client = utf8mb4 */;
CREATE TABLE `AsignacionTutorAlumno` (
  `id_asignacionTutorAlumno` int NOT NULL AUTO_INCREMENT,
  `fid_alumno` int NOT NULL,
  `fid_tutor` int NOT NULL,
  `fid_tipoTutoria` int NOT NULL,
  `fid_solicitud` int DEFAULT NULL,
  `esActivo` tinyint(1) NOT NULL DEFAULT '1',
  `fechaCreacion` datetime NOT NULL DEFAULT CURRENT_TIMESTAMP,
  `fechaActualizacion` datetime NOT NULL DEFAULT CURRENT_TIMESTAMP ON UPDATE CURRENT_TIMESTAMP,
  PRIMARY KEY (`id_asignacionTutorAlumno`),
  KEY `fid_alumno` (`fid_alumno`),
  KEY `fid_tutor` (`fid_tutor`),
  KEY `fid_tipoTutoria` (`fid_tipoTutoria`),
  KEY `fk_asignacionTutorAlumno_solicitud` (`fid_solicitud`),
  CONSTRAINT `AsignacionTutorAlumno_ibfk_1` FOREIGN KEY (`fid_alumno`) REFERENCES `Usuario` (`id_usuario`),
  CONSTRAINT `AsignacionTutorAlumno_ibfk_2` FOREIGN KEY (`fid_tutor`) REFERENCES `Usuario` (`id_usuario`),
  CONSTRAINT `AsignacionTutorAlumno_ibfk_3` FOREIGN KEY (`fid_tipoTutoria`) REFERENCES `TipoTutoria` (`id_tipoTutoria`),
  CONSTRAINT `AsignacionTutorAlumno_ibfk_4` FOREIGN KEY (`fid_solicitud`) REFERENCES `SolicitudTutorFijo` (`id_solicitud`),
  CONSTRAINT `fk_asignacionTutorAlumno_solicitud` FOREIGN KEY (`fid_solicitud`) REFERENCES `SolicitudTutorFijo` (`id_solicitud`)
) ENGINE=InnoDB AUTO_INCREMENT=43 DEFAULT CHARSET=utf8mb4 COLLATE=utf8mb4_0900_ai_ci;
/*!40101 SET character_set_client = @saved_cs_client */;

--
-- Dumping data for table `AsignacionTutorAlumno`
--

LOCK TABLES `AsignacionTutorAlumno` WRITE;
/*!40000 ALTER TABLE `AsignacionTutorAlumno` DISABLE KEYS */;
INSERT INTO `AsignacionTutorAlumno` VALUES (1,4,2,82,NULL,0,'2024-06-16 15:49:56','2024-06-27 00:40:48'),(2,36,2,82,NULL,0,'2024-06-16 19:28:36','2024-06-24 06:46:19'),(3,36,40,85,1,0,'2024-06-16 19:54:19','2024-06-16 19:57:59'),(4,4,2,87,NULL,0,'2024-06-17 01:32:53','2024-06-24 06:25:28'),(5,64,2,87,NULL,0,'2024-06-17 01:32:57','2024-06-27 00:40:49'),(6,14,2,87,NULL,0,'2024-06-17 01:33:00','2024-06-27 00:40:49'),(7,36,3,88,NULL,0,'2024-06-17 02:20:28','2024-06-24 06:46:20'),(8,117,2,89,NULL,0,'2024-06-17 06:14:24','2024-06-27 00:40:51'),(9,64,2,89,NULL,0,'2024-06-17 06:14:27','2024-06-27 00:40:51'),(10,4,2,89,NULL,0,'2024-06-17 06:14:29','2024-06-27 00:40:51'),(11,4,40,85,4,0,'2024-06-17 06:52:30','2024-06-24 06:25:27'),(12,4,2,88,3,0,'2024-06-17 06:55:15','2024-06-30 05:32:59'),(13,4,2,86,NULL,0,'2024-06-22 07:13:24','2024-06-22 07:25:07'),(14,35,2,86,NULL,0,'2024-06-22 07:13:30','2024-06-22 07:26:34'),(15,4,2,84,NULL,0,'2024-06-22 07:54:46','2024-06-22 07:58:15'),(16,36,68,90,NULL,0,'2024-06-24 06:45:19','2024-06-24 06:46:22'),(17,35,2,88,NULL,0,'2024-06-27 04:49:52','2024-06-30 05:33:00'),(18,4,139,91,NULL,0,'2024-06-27 19:25:12','2024-06-30 06:15:19'),(19,4,2,93,NULL,0,'2024-06-28 16:46:19','2024-06-28 17:17:42'),(20,4,139,89,NULL,0,'2024-06-28 17:05:13','2024-06-28 17:06:23'),(21,4,2,92,13,0,'2024-06-28 17:22:22','2024-06-28 17:24:51'),(22,4,2,94,NULL,0,'2024-06-28 18:31:48','2024-06-28 18:32:54'),(23,64,2,88,NULL,0,'2024-06-29 01:52:47','2024-06-30 05:33:00'),(26,191,190,103,NULL,0,'2024-06-30 06:03:55','2024-06-30 06:04:59'),(27,169,190,103,NULL,0,'2024-06-30 06:03:58','2024-06-30 06:04:59'),(28,4,190,103,NULL,0,'2024-06-30 06:04:19','2024-06-30 06:04:59'),(29,129,2,103,NULL,0,'2024-06-30 06:08:24','2024-06-30 06:09:55'),(30,35,2,103,NULL,0,'2024-06-30 06:08:26','2024-06-30 06:09:55'),(31,113,2,103,NULL,0,'2024-06-30 06:08:28','2024-06-30 06:09:55'),(32,117,2,91,NULL,1,'2024-06-30 06:15:01','2024-06-30 06:15:01'),(33,4,2,91,NULL,1,'2024-06-30 06:15:30','2024-06-30 06:15:30'),(34,191,15,103,NULL,0,'2024-06-30 06:58:58','2024-06-30 06:59:33'),(35,130,15,103,NULL,0,'2024-06-30 06:59:00','2024-06-30 06:59:33'),(36,169,15,103,NULL,0,'2024-06-30 06:59:03','2024-06-30 06:59:33'),(37,4,15,103,NULL,0,'2024-06-30 06:59:07','2024-06-30 06:59:33'),(38,4,14,103,NULL,0,'2024-06-30 07:01:58','2024-06-30 07:03:50'),(39,176,14,103,NULL,0,'2024-06-30 07:02:00','2024-06-30 07:03:50'),(40,191,14,103,NULL,0,'2024-06-30 07:02:02','2024-06-30 07:03:50'),(41,169,14,103,NULL,0,'2024-06-30 07:02:13','2024-06-30 07:03:12'),(42,4,2,94,16,0,'2024-06-30 08:08:14','2024-06-30 08:12:22');
/*!40000 ALTER TABLE `AsignacionTutorAlumno` ENABLE KEYS */;
UNLOCK TABLES;

--
-- Table structure for table `AsistenciaCita`
--

DROP TABLE IF EXISTS `AsistenciaCita`;
/*!40101 SET @saved_cs_client     = @@character_set_client */;
/*!50503 SET character_set_client = utf8mb4 */;
CREATE TABLE `AsistenciaCita` (
  `id_asistencia` int NOT NULL AUTO_INCREMENT,
  `fid_sesionCita` int NOT NULL,
  `fid_alumno` int DEFAULT NULL,
  `asistio` tinyint(1) NOT NULL,
  `fechaCreacion` datetime NOT NULL DEFAULT CURRENT_TIMESTAMP,
  `fechaActualizacion` datetime NOT NULL DEFAULT CURRENT_TIMESTAMP ON UPDATE CURRENT_TIMESTAMP,
  PRIMARY KEY (`id_asistencia`),
  KEY `AsistenciaCita_ibfk_1` (`fid_sesionCita`),
  KEY `AsistenciaCita_ibfk_2` (`fid_alumno`),
  CONSTRAINT `AsistenciaCita_ibfk_1` FOREIGN KEY (`fid_sesionCita`) REFERENCES `SesionCita` (`id_cita`),
  CONSTRAINT `AsistenciaCita_ibfk_2` FOREIGN KEY (`fid_alumno`) REFERENCES `Usuario` (`id_usuario`)
) ENGINE=InnoDB AUTO_INCREMENT=71 DEFAULT CHARSET=utf8mb4 COLLATE=utf8mb4_0900_ai_ci;
/*!40101 SET character_set_client = @saved_cs_client */;

--
-- Dumping data for table `AsistenciaCita`
--

LOCK TABLES `AsistenciaCita` WRITE;
/*!40000 ALTER TABLE `AsistenciaCita` DISABLE KEYS */;
INSERT INTO `AsistenciaCita` VALUES (1,10,4,1,'2024-06-19 06:17:52','2024-06-19 06:17:52'),(2,10,14,0,'2024-06-19 06:17:52','2024-06-19 06:17:52'),(7,6,4,1,'2024-06-19 06:43:15','2024-06-19 06:43:15'),(12,6,4,1,'2024-06-19 19:48:43','2024-06-19 19:48:43'),(13,25,4,1,'2024-06-19 22:17:29','2024-06-19 22:17:29'),(14,25,4,1,'2024-06-19 22:18:09','2024-06-19 22:18:09'),(15,62,4,1,'2024-06-19 22:42:36','2024-06-19 22:42:36'),(17,63,14,0,'2024-06-19 23:25:50','2024-06-19 23:25:50'),(18,63,4,1,'2024-06-19 23:25:50','2024-06-19 23:25:50'),(19,63,14,0,'2024-06-20 20:18:14','2024-06-20 20:18:14'),(20,63,4,1,'2024-06-20 20:18:14','2024-06-20 20:18:14'),(21,63,14,1,'2024-06-20 20:37:56','2024-06-20 20:37:56'),(22,63,4,0,'2024-06-20 20:37:56','2024-06-20 20:37:56'),(23,63,14,1,'2024-06-20 20:38:09','2024-06-20 20:38:09'),(24,63,4,1,'2024-06-20 20:38:09','2024-06-20 20:38:09'),(25,68,2,1,'2024-06-21 20:04:06','2024-06-21 20:04:06'),(26,68,4,1,'2024-06-21 20:04:06','2024-06-21 20:04:06'),(27,126,4,1,'2024-06-28 01:43:27','2024-06-28 01:43:27'),(28,114,4,1,'2024-06-28 02:59:14','2024-06-28 02:59:14'),(29,128,4,1,'2024-06-28 17:08:49','2024-06-28 17:08:49'),(30,137,4,1,'2024-06-28 19:40:10','2024-06-28 19:40:10'),(31,138,35,1,'2024-06-28 19:48:06','2024-06-28 19:48:06'),(32,140,4,1,'2024-06-28 21:15:49','2024-06-28 21:15:49'),(33,141,4,1,'2024-06-28 21:16:26','2024-06-28 21:16:26'),(34,142,4,1,'2024-06-28 22:22:29','2024-06-28 22:22:29'),(35,144,4,1,'2024-06-28 23:29:01','2024-06-28 23:29:01'),(36,145,4,1,'2024-06-28 23:35:52','2024-06-28 23:35:52'),(37,146,4,1,'2024-06-29 00:06:25','2024-06-29 00:06:25'),(38,147,4,1,'2024-06-29 00:28:23','2024-06-29 00:28:23'),(39,148,4,1,'2024-06-29 00:29:15','2024-06-29 00:29:15'),(40,150,4,1,'2024-06-29 00:31:37','2024-06-29 00:31:37'),(41,151,4,1,'2024-06-29 00:46:31','2024-06-29 00:46:31'),(42,152,4,1,'2024-06-29 00:47:59','2024-06-29 00:47:59'),(43,160,4,1,'2024-06-29 01:57:33','2024-06-29 01:57:33'),(44,167,4,1,'2024-06-29 03:34:35','2024-06-29 03:34:35'),(45,121,4,1,'2024-06-29 09:05:09','2024-06-29 09:05:09'),(46,170,4,1,'2024-06-29 16:57:48','2024-06-29 16:57:48'),(47,171,4,1,'2024-06-29 17:06:01','2024-06-29 17:06:01'),(48,172,4,1,'2024-06-29 17:19:05','2024-06-29 17:19:05'),(49,174,4,1,'2024-06-29 18:03:51','2024-06-29 18:03:51'),(50,175,4,1,'2024-06-29 19:39:22','2024-06-29 19:39:22'),(51,168,4,1,'2024-06-29 21:30:21','2024-06-29 21:30:21'),(52,176,4,1,'2024-06-29 21:30:51','2024-06-29 21:30:51'),(53,184,4,1,'2024-06-29 21:56:15','2024-06-29 21:56:15'),(54,185,4,1,'2024-06-29 21:58:30','2024-06-29 21:58:30'),(55,186,4,1,'2024-06-29 22:24:23','2024-06-29 22:24:23'),(56,187,4,1,'2024-06-29 22:52:10','2024-06-29 22:52:10'),(57,188,4,1,'2024-06-29 23:02:43','2024-06-29 23:02:43'),(58,189,4,1,'2024-06-30 03:16:23','2024-06-30 03:16:23'),(59,191,4,1,'2024-06-30 07:15:35','2024-06-30 07:15:35'),(60,192,4,1,'2024-06-30 07:17:52','2024-06-30 07:17:52'),(61,190,4,1,'2024-06-30 07:37:09','2024-06-30 07:37:09'),(62,190,4,1,'2024-06-30 07:38:41','2024-06-30 07:38:41'),(63,125,4,1,'2024-06-30 08:35:37','2024-06-30 08:35:37'),(64,193,4,1,'2024-06-30 08:36:16','2024-06-30 08:36:16'),(65,194,207,1,'2024-06-30 23:18:42','2024-06-30 23:18:42'),(66,194,4,1,'2024-06-30 23:18:42','2024-06-30 23:18:42'),(67,195,4,1,'2024-06-30 23:46:17','2024-06-30 23:46:17'),(68,195,207,1,'2024-06-30 23:46:17','2024-06-30 23:46:17'),(69,196,4,1,'2024-06-30 23:48:58','2024-06-30 23:48:58'),(70,196,207,1,'2024-06-30 23:48:58','2024-06-30 23:48:58');
/*!40000 ALTER TABLE `AsistenciaCita` ENABLE KEYS */;
UNLOCK TABLES;

--
-- Table structure for table `Audit`
--

DROP TABLE IF EXISTS `Audit`;
/*!40101 SET @saved_cs_client     = @@character_set_client */;
/*!50503 SET character_set_client = utf8mb4 */;
CREATE TABLE `Audit` (
  `id` int NOT NULL AUTO_INCREMENT,
  `tableName` varchar(255) NOT NULL,
  `action` varchar(255) NOT NULL,
  `oldValues` json DEFAULT NULL,
  `newValues` json DEFAULT NULL,
  `performedBy` int DEFAULT NULL,
  `timestamp` datetime NOT NULL,
  PRIMARY KEY (`id`)
) ENGINE=InnoDB AUTO_INCREMENT=20 DEFAULT CHARSET=utf8mb4 COLLATE=utf8mb4_0900_ai_ci;
/*!40101 SET character_set_client = @saved_cs_client */;

--
-- Dumping data for table `Audit`
--

LOCK TABLES `Audit` WRITE;
/*!40000 ALTER TABLE `Audit` DISABLE KEYS */;
INSERT INTO `Audit` VALUES (13,'Facultad','INSERT',NULL,'{\"nombre\": \"BB\", \"esActivo\": true, \"id_facultad\": 37, \"fechaCreacion\": \"2024-07-01T22:36:07.966Z\", \"fechaActualizacion\": \"2024-07-01T22:36:07.966Z\"}',1,'2024-07-01 22:36:08'),(14,'Facultad','INSERT',NULL,'{\"nombre\": \"BB\", \"esActivo\": true, \"id_facultad\": 38, \"fechaCreacion\": \"2024-07-01T22:37:05.473Z\", \"fechaActualizacion\": \"2024-07-01T22:37:05.473Z\"}',1,'2024-07-01 22:37:05'),(15,'Facultad','UPDATE','{\"nombre\": \"BB\", \"esActivo\": true, \"id_facultad\": 38, \"fechaCreacion\": \"2024-07-01T22:37:05.473Z\", \"fechaActualizacion\": \"2024-07-01T22:37:05.473Z\"}','{\"nombre\": \"BB\", \"esActivo\": true, \"fid_usuario\": 210, \"id_facultad\": 38, \"fechaCreacion\": \"2024-07-01T22:37:05.473Z\", \"fechaActualizacion\": \"2024-07-01T22:37:05.978Z\"}',1,'2024-07-01 22:37:05'),(16,'Facultad','INSERT',NULL,'{\"nombre\": \"Manufactura\", \"esActivo\": true, \"id_facultad\": 39, \"fechaCreacion\": \"2024-07-02T01:49:33.043Z\", \"fechaActualizacion\": \"2024-07-02T01:49:33.043Z\"}',1,'2024-07-02 01:49:33'),(17,'Roles_Usuario','INSERT',NULL,'{\"id_rol\": 1, \"es_activo\": true, \"id_usuario\": 73, \"fechaCreacion\": \"2024-07-02T01:49:33.073Z\", \"id_roles_usuario\": 298, \"fechaActualizacion\": \"2024-07-02T01:49:33.073Z\"}',1,'2024-07-02 01:49:33'),(18,'Usuario','UPDATE','{\"Roles\": [{\"id_rol\": 3, \"nombre\": \"Tutor\", \"es_activo\": 1, \"Roles_Usuario\": {\"id_rol\": 3, \"es_activo\": true, \"id_usuario\": 73, \"fechaCreacion\": \"2024-06-17T05:07:57.000Z\", \"id_roles_usuario\": 88, \"fechaActualizacion\": \"2024-06-17T05:07:57.000Z\"}, \"fechaCreacion\": \"2024-05-01T19:37:14.000Z\", \"fechaActualizacion\": \"2024-05-01T19:37:14.000Z\"}], \"email\": \"alejandro.gonzalez@ejemplo.com\", \"codigo\": \"35792468\", \"imagen\": \"https://ui-avatars.com/api/?name=A&color=fff&background=039523&size=100\", \"nombres\": \"Alejandro\", \"Facultad\": null, \"esActivo\": 1, \"id_usuario\": 73, \"contrasenha\": \"$2a$10$hdMy2ANAZ9x2MC.lyOkeYOh2SvNPuT.7x203QbkM8NMBdId/fSq1O\", \"fid_facultad\": null, \"fid_programa\": null, \"fechaCreacion\": \"2024-06-17T05:07:54.000Z\", \"primerApellido\": \"Gonzalez\", \"segundoApellido\": \"Fernandez\", \"fechaActualizacion\": \"2024-06-17T05:07:54.000Z\"}','{\"Roles\": [{\"id_rol\": 3, \"nombre\": \"Tutor\", \"es_activo\": 1, \"Roles_Usuario\": {\"id_rol\": 3, \"es_activo\": true, \"id_usuario\": 73, \"fechaCreacion\": \"2024-06-17T05:07:57.000Z\", \"id_roles_usuario\": 88, \"fechaActualizacion\": \"2024-06-17T05:07:57.000Z\"}, \"fechaCreacion\": \"2024-05-01T19:37:14.000Z\", \"fechaActualizacion\": \"2024-05-01T19:37:14.000Z\"}], \"email\": \"alejandro.gonzalez@ejemplo.com\", \"codigo\": \"35792468\", \"imagen\": \"https://ui-avatars.com/api/?name=A&color=fff&background=039523&size=100\", \"nombres\": \"Alejandro\", \"Facultad\": null, \"esActivo\": 1, \"id_usuario\": 73, \"contrasenha\": \"$2a$10$hdMy2ANAZ9x2MC.lyOkeYOh2SvNPuT.7x203QbkM8NMBdId/fSq1O\", \"fid_facultad\": 39, \"fid_programa\": null, \"fechaCreacion\": \"2024-06-17T05:07:54.000Z\", \"primerApellido\": \"Gonzalez\", \"segundoApellido\": \"Fernandez\", \"fechaActualizacion\": \"2024-07-02T01:49:33.081Z\"}',1,'2024-07-02 01:49:33'),(19,'Facultad','UPDATE','{\"nombre\": \"Manufactura\", \"esActivo\": true, \"id_facultad\": 39, \"fechaCreacion\": \"2024-07-02T01:49:33.043Z\", \"fechaActualizacion\": \"2024-07-02T01:49:33.043Z\"}','{\"nombre\": \"Manufactura\", \"esActivo\": true, \"fid_usuario\": 73, \"id_facultad\": 39, \"fechaCreacion\": \"2024-07-02T01:49:33.043Z\", \"fechaActualizacion\": \"2024-07-02T01:49:33.100Z\"}',1,'2024-07-02 01:49:33');
/*!40000 ALTER TABLE `Audit` ENABLE KEYS */;
UNLOCK TABLES;

--
-- Table structure for table `AuditLog`
--

DROP TABLE IF EXISTS `AuditLog`;
/*!40101 SET @saved_cs_client     = @@character_set_client */;
/*!50503 SET character_set_client = utf8mb4 */;
CREATE TABLE `AuditLog` (
  `id_auditLog` int NOT NULL AUTO_INCREMENT,
  `id_usuario` int NOT NULL,
  `accion` varchar(255) NOT NULL,
  `nombreTabla` varchar(255) NOT NULL,
  `id_fila` int NOT NULL,
  `fechaAccion` datetime NOT NULL DEFAULT CURRENT_TIMESTAMP,
  PRIMARY KEY (`id_auditLog`)
) ENGINE=InnoDB DEFAULT CHARSET=utf8mb4 COLLATE=utf8mb4_0900_ai_ci;
/*!40101 SET character_set_client = @saved_cs_client */;

--
-- Dumping data for table `AuditLog`
--

LOCK TABLES `AuditLog` WRITE;
/*!40000 ALTER TABLE `AuditLog` DISABLE KEYS */;
/*!40000 ALTER TABLE `AuditLog` ENABLE KEYS */;
UNLOCK TABLES;

--
-- Table structure for table `CompromisoCita`
--

DROP TABLE IF EXISTS `CompromisoCita`;
/*!40101 SET @saved_cs_client     = @@character_set_client */;
/*!50503 SET character_set_client = utf8mb4 */;
CREATE TABLE `CompromisoCita` (
  `id_compromiso` int NOT NULL AUTO_INCREMENT,
  `nombre` varchar(255) NOT NULL,
  `es_activo` tinyint(1) NOT NULL DEFAULT '1',
  `fid_estado_compromiso` int DEFAULT NULL,
  `fechaCreacion` datetime NOT NULL DEFAULT CURRENT_TIMESTAMP,
  `fechaActualizacion` datetime NOT NULL DEFAULT CURRENT_TIMESTAMP ON UPDATE CURRENT_TIMESTAMP,
  `fid_sesionCita` int DEFAULT NULL,
  PRIMARY KEY (`id_compromiso`),
  KEY `CompromisoCita_fid_sesionCita_foreign_idx` (`fid_sesionCita`),
  KEY `fk_compromiso_cita_estado_compromiso` (`fid_estado_compromiso`),
  CONSTRAINT `CompromisoCita_fid_sesionCita_foreign_idx` FOREIGN KEY (`fid_sesionCita`) REFERENCES `SesionCita` (`id_cita`),
  CONSTRAINT `fk_compromiso_cita_estado_compromiso` FOREIGN KEY (`fid_estado_compromiso`) REFERENCES `EstadoCompromisoCita` (`id_estado_compromiso`)
) ENGINE=InnoDB AUTO_INCREMENT=15 DEFAULT CHARSET=utf8mb4 COLLATE=utf8mb4_0900_ai_ci;
/*!40101 SET character_set_client = @saved_cs_client */;

--
-- Dumping data for table `CompromisoCita`
--

LOCK TABLES `CompromisoCita` WRITE;
/*!40000 ALTER TABLE `CompromisoCita` DISABLE KEYS */;
INSERT INTO `CompromisoCita` VALUES (1,'Repasar temas académicos',1,3,'2024-06-17 01:35:08','2024-06-17 01:35:08',28),(2,'Leer bibliografía de cursos.',1,3,'2024-06-17 01:36:05','2024-06-17 01:36:05',29),(3,'Leer bibliografía de cursos',1,2,'2024-06-17 01:45:17','2024-06-17 01:45:17',30),(4,'Crear diagrama con actividades semanales',1,2,'2024-06-17 02:22:44','2024-06-17 02:22:44',31),(5,'Listar tareas en un tablero.',1,3,'2024-06-17 02:29:40','2024-06-17 02:29:40',32),(6,'Estudiar 5 horas',1,2,'2024-06-17 06:57:42','2024-06-17 06:57:42',60),(7,'Estudiar por lo menos 4 horas al día',1,2,'2024-06-19 06:27:08','2024-06-19 06:27:08',6),(8,'Dormir por lo menos 8 horas diarias',1,2,'2024-06-19 06:27:09','2024-06-19 06:27:09',6),(9,'Asisitir a un taller de redacción',1,2,'2024-06-19 06:43:15','2024-06-19 06:43:15',6),(10,'Asisitir a un taller de comprensión lectora',1,2,'2024-06-19 06:43:15','2024-06-19 06:43:15',6),(11,'Estudiar 10 horas',1,3,'2024-06-21 20:04:06','2024-06-21 20:04:06',68),(12,'Estudió para el final',1,2,'2024-06-28 17:08:50','2024-06-28 17:08:50',128),(13,'Leer bibliografía de cursos',1,2,'2024-06-28 21:15:49','2024-06-28 21:15:49',140),(14,'Compromiso ejemplo',1,2,'2024-06-29 00:28:24','2024-06-29 00:28:24',147);
/*!40000 ALTER TABLE `CompromisoCita` ENABLE KEYS */;
UNLOCK TABLES;

--
-- Table structure for table `Derivacion`
--

DROP TABLE IF EXISTS `Derivacion`;
/*!40101 SET @saved_cs_client     = @@character_set_client */;
/*!50503 SET character_set_client = utf8mb4 */;
CREATE TABLE `Derivacion` (
  `id_derivacion` int NOT NULL AUTO_INCREMENT,
  `fid_tutor` int NOT NULL,
  `fid_alumno` int NOT NULL,
  `fid_unidad_academica` int NOT NULL,
  `fechaActualizacion` datetime NOT NULL DEFAULT CURRENT_TIMESTAMP ON UPDATE CURRENT_TIMESTAMP,
  `esActivo` tinyint(1) NOT NULL DEFAULT '1',
  `fid_tipoTutoria` int NOT NULL,
  `motivo` varchar(255) DEFAULT NULL,
  `antecedentes` varchar(255) DEFAULT NULL,
  `comentarios` varchar(255) DEFAULT NULL,
  `fid_cita` int DEFAULT NULL,
  `fechaCreacion` datetime DEFAULT CURRENT_TIMESTAMP,
  `estado` varchar(255) DEFAULT NULL,
  `fid_facultad` int DEFAULT NULL,
  PRIMARY KEY (`id_derivacion`),
  KEY `Derivacion_fid_alumno_Usuario_fk` (`fid_alumno`),
  KEY `Derivacion_fid_cita_SesionCita_fk` (`fid_cita`),
  KEY `Derivacion_fid_tutor_Usuario_fk` (`fid_tutor`),
  KEY `Derivacion_fid_unidad_academica_UnidadAcademica_fk` (`fid_unidad_academica`),
  KEY `Derivacion_fid_tipoTutoria_foreign_idx` (`fid_tipoTutoria`),
  KEY `Derivacion_fid_facultad_foreign_idx` (`fid_facultad`),
  CONSTRAINT `Derivacion_fid_alumno_Usuario_fk` FOREIGN KEY (`fid_alumno`) REFERENCES `Usuario` (`id_usuario`) ON DELETE CASCADE ON UPDATE CASCADE,
  CONSTRAINT `Derivacion_fid_cita_SesionCita_fk` FOREIGN KEY (`fid_cita`) REFERENCES `SesionCita` (`id_cita`) ON DELETE CASCADE ON UPDATE CASCADE,
  CONSTRAINT `Derivacion_fid_facultad_foreign_idx` FOREIGN KEY (`fid_facultad`) REFERENCES `Facultad` (`id_facultad`) ON DELETE SET NULL ON UPDATE CASCADE,
  CONSTRAINT `Derivacion_fid_tipoTutoria_foreign_idx` FOREIGN KEY (`fid_tipoTutoria`) REFERENCES `TipoTutoria` (`id_tipoTutoria`),
  CONSTRAINT `Derivacion_fid_tipoTutoria_TipoTutoria_fk` FOREIGN KEY (`fid_tipoTutoria`) REFERENCES `TipoTutoria` (`id_tipoTutoria`) ON DELETE CASCADE ON UPDATE CASCADE,
  CONSTRAINT `Derivacion_fid_tutor_Usuario_fk` FOREIGN KEY (`fid_tutor`) REFERENCES `Usuario` (`id_usuario`) ON DELETE CASCADE ON UPDATE CASCADE,
  CONSTRAINT `Derivacion_fid_unidad_academica_UnidadAcademica_fk` FOREIGN KEY (`fid_unidad_academica`) REFERENCES `UnidadAcademica` (`id_unidad_academica`) ON DELETE CASCADE ON UPDATE CASCADE
) ENGINE=InnoDB AUTO_INCREMENT=25 DEFAULT CHARSET=utf8mb4 COLLATE=utf8mb4_0900_ai_ci;
/*!40101 SET character_set_client = @saved_cs_client */;

--
-- Dumping data for table `Derivacion`
--

LOCK TABLES `Derivacion` WRITE;
/*!40000 ALTER TABLE `Derivacion` DISABLE KEYS */;
INSERT INTO `Derivacion` VALUES (18,3,36,5,'2024-06-27 01:53:58',1,88,'prueba de derivacion','prueba de antecedentes',NULL,80,'2024-06-23 01:54:25','Enviado',1),(19,3,36,1,'2024-06-27 02:03:56',1,88,'derivacionessssss','antecedentes que si son importantes','aca hay sugerencias',74,'2024-06-23 02:16:09','Enviado',1),(20,2,4,4,'2024-06-27 04:58:52',1,88,'TIENE PROBLEMAS SICOLOGICOS','HA ROTO LA PIZARRA ','JIJIJI',123,'2024-06-27 04:55:47','Enviado',1),(21,2,4,13,'2024-06-30 03:03:17',1,88,'Derivandoando','Antecedentes de verdad',NULL,124,'2024-06-27 06:08:53','Enviado',1),(22,2,4,19,'2024-06-30 02:56:17',1,93,'Bajo rendimiento académico','Problemas de concentración',NULL,128,'2024-06-28 17:09:28','Enviado',1),(23,2,4,20,'2024-06-29 01:31:03',1,93,'mnotivado de derivaicon','antecentedes','coementarios',129,'2024-06-29 01:29:18','Enviado',1),(24,2,4,12,'2024-06-30 08:01:06',1,91,'Motivos de salud','Fatiga notoria','Debe acudir al medico',190,'2024-06-30 07:38:30','Enviado',1);
/*!40000 ALTER TABLE `Derivacion` ENABLE KEYS */;
UNLOCK TABLES;

--
-- Table structure for table `Disponibilidad`
--

DROP TABLE IF EXISTS `Disponibilidad`;
/*!40101 SET @saved_cs_client     = @@character_set_client */;
/*!50503 SET character_set_client = utf8mb4 */;
CREATE TABLE `Disponibilidad` (
  `id_disponibilidad` int NOT NULL AUTO_INCREMENT,
  `fid_tutor` int NOT NULL,
  `fechaHoraInicio` datetime NOT NULL,
  `fechaHoraFin` datetime NOT NULL,
  `esActivo` tinyint(1) NOT NULL DEFAULT '1',
  `fechaCreacion` datetime NOT NULL DEFAULT CURRENT_TIMESTAMP,
  `fechaActualizacion` datetime NOT NULL DEFAULT CURRENT_TIMESTAMP,
  PRIMARY KEY (`id_disponibilidad`),
  KEY `fid_tutor` (`fid_tutor`),
  CONSTRAINT `Disponibilidad_ibfk_1` FOREIGN KEY (`fid_tutor`) REFERENCES `Usuario` (`id_usuario`)
) ENGINE=InnoDB AUTO_INCREMENT=318 DEFAULT CHARSET=utf8mb4 COLLATE=utf8mb4_0900_ai_ci;
/*!40101 SET character_set_client = @saved_cs_client */;

--
-- Dumping data for table `Disponibilidad`
--

LOCK TABLES `Disponibilidad` WRITE;
/*!40000 ALTER TABLE `Disponibilidad` DISABLE KEYS */;
INSERT INTO `Disponibilidad` VALUES (1,2,'2024-06-21 12:30:00','2024-06-21 20:00:00',0,'2024-06-16 15:52:24','2024-06-16 15:52:44'),(2,2,'2024-06-21 12:30:00','2024-06-21 18:00:00',0,'2024-06-16 15:52:44','2024-06-16 16:36:49'),(3,2,'2024-06-21 19:00:00','2024-06-21 20:00:00',1,'2024-06-16 15:52:44','2024-06-30 07:21:37'),(4,2,'2024-06-21 13:30:00','2024-06-21 18:00:00',0,'2024-06-16 16:36:49','2024-06-16 16:41:06'),(5,2,'2024-06-21 13:30:00','2024-06-21 15:30:00',1,'2024-06-16 16:41:06','2024-06-30 07:21:37'),(6,2,'2024-06-21 16:30:00','2024-06-21 18:00:00',1,'2024-06-16 16:41:06','2024-06-30 07:21:37'),(7,2,'2024-06-16 18:00:00','2024-06-16 21:00:00',0,'2024-06-16 17:07:40','2024-06-16 17:07:51'),(8,2,'2024-06-16 12:00:00','2024-06-17 00:00:00',1,'2024-06-16 17:07:52','2024-06-30 07:21:37'),(9,2,'2024-06-13 14:30:00','2024-06-13 20:30:00',0,'2024-06-16 20:08:37','2024-06-16 20:11:56'),(10,2,'2024-06-12 15:00:00','2024-06-12 20:00:00',0,'2024-06-16 20:08:37','2024-06-16 20:08:53'),(11,2,'2024-06-12 15:00:00','2024-06-12 15:30:00',1,'2024-06-16 20:08:53','2024-06-30 07:21:37'),(12,2,'2024-06-12 17:00:00','2024-06-12 20:00:00',0,'2024-06-16 20:08:53','2024-06-16 21:03:09'),(13,2,'2024-06-13 14:30:00','2024-06-13 19:00:00',0,'2024-06-16 20:11:56','2024-06-16 21:02:43'),(14,2,'2024-06-13 20:00:00','2024-06-14 03:00:00',1,'2024-06-16 20:11:56','2024-06-30 07:21:37'),(15,2,'2024-06-17 14:00:00','2024-06-17 15:30:00',0,'2024-06-16 20:29:12','2024-06-16 20:29:22'),(16,2,'2024-06-17 15:00:00','2024-06-17 15:30:00',1,'2024-06-16 20:29:23','2024-06-30 07:21:37'),(17,2,'2024-06-13 15:30:00','2024-06-13 19:00:00',0,'2024-06-16 21:02:43','2024-06-16 21:44:47'),(18,2,'2024-06-12 17:00:00','2024-06-12 19:00:00',0,'2024-06-16 21:03:09','2024-06-16 21:07:08'),(19,2,'2024-06-12 17:00:00','2024-06-12 18:00:00',0,'2024-06-16 21:07:08','2024-06-16 21:54:38'),(20,2,'2024-06-13 15:30:00','2024-06-13 18:00:00',0,'2024-06-16 21:44:47','2024-06-16 21:47:58'),(21,2,'2024-06-13 15:30:00','2024-06-13 17:00:00',0,'2024-06-16 21:47:58','2024-06-16 22:05:55'),(22,2,'2024-06-13 16:30:00','2024-06-13 17:00:00',1,'2024-06-16 22:05:55','2024-06-30 07:21:37'),(23,2,'2024-06-14 14:00:00','2024-06-14 21:00:00',0,'2024-06-16 22:17:02','2024-06-16 22:17:31'),(24,2,'2024-06-14 15:00:00','2024-06-14 21:00:00',0,'2024-06-16 22:17:31','2024-06-16 22:22:21'),(25,2,'2024-06-14 15:00:00','2024-06-14 18:00:00',0,'2024-06-16 22:22:21','2024-06-16 22:32:33'),(26,2,'2024-06-14 19:00:00','2024-06-14 21:00:00',0,'2024-06-16 22:22:21','2024-06-16 22:35:58'),(27,2,'2024-06-17 16:30:00','2024-06-17 22:00:00',0,'2024-06-16 22:27:39','2024-06-16 22:55:03'),(28,2,'2024-06-18 14:00:00','2024-06-18 20:00:00',0,'2024-06-16 22:28:59','2024-06-16 22:29:16'),(29,2,'2024-06-18 15:30:00','2024-06-18 20:00:00',0,'2024-06-16 22:29:16','2024-06-16 22:44:35'),(30,2,'2024-06-14 15:00:00','2024-06-14 16:00:00',0,'2024-06-16 22:32:33','2024-06-17 01:04:42'),(31,2,'2024-06-14 17:00:00','2024-06-14 18:00:00',1,'2024-06-16 22:32:33','2024-06-30 07:21:37'),(32,2,'2024-06-14 19:00:00','2024-06-14 20:00:00',1,'2024-06-16 22:35:59','2024-06-30 07:21:37'),(33,2,'2024-06-18 15:30:00','2024-06-18 18:00:00',0,'2024-06-16 22:44:35','2024-06-16 22:54:57'),(34,2,'2024-06-18 19:00:00','2024-06-18 20:00:00',1,'2024-06-16 22:44:35','2024-06-30 07:21:37'),(35,2,'2024-06-18 15:30:00','2024-06-18 16:00:00',1,'2024-06-16 22:54:57','2024-06-30 07:21:37'),(36,2,'2024-06-18 17:00:00','2024-06-18 18:00:00',1,'2024-06-16 22:54:57','2024-06-30 07:21:37'),(37,2,'2024-06-17 16:30:00','2024-06-17 19:00:00',0,'2024-06-16 22:55:03','2024-06-16 22:55:48'),(38,2,'2024-06-17 19:30:00','2024-06-17 22:00:00',1,'2024-06-16 22:55:03','2024-06-30 07:21:37'),(39,2,'2024-06-17 16:30:00','2024-06-17 17:00:00',1,'2024-06-16 22:55:48','2024-06-30 07:21:37'),(40,2,'2024-06-17 18:00:00','2024-06-17 19:00:00',1,'2024-06-16 22:55:48','2024-06-30 07:21:37'),(41,2,'2024-06-19 12:30:00','2024-06-19 22:00:00',0,'2024-06-16 22:56:15','2024-06-16 22:56:28'),(42,2,'2024-06-19 12:30:00','2024-06-19 16:00:00',0,'2024-06-16 22:56:28','2024-06-19 22:46:22'),(43,2,'2024-06-19 17:00:00','2024-06-19 22:00:00',0,'2024-06-16 22:56:28','2024-06-19 22:37:48'),(44,2,'2024-06-14 15:30:00','2024-06-14 16:00:00',1,'2024-06-17 01:04:42','2024-06-30 07:21:37'),(45,2,'2024-06-15 12:00:00','2024-06-15 23:30:00',0,'2024-06-17 01:33:56','2024-06-17 01:34:11'),(46,2,'2024-06-15 13:30:00','2024-06-15 23:30:00',0,'2024-06-17 01:34:12','2024-06-17 01:34:45'),(47,2,'2024-06-15 13:30:00','2024-06-15 19:30:00',0,'2024-06-17 01:34:45','2024-06-17 01:35:21'),(48,2,'2024-06-15 21:00:00','2024-06-15 23:30:00',0,'2024-06-17 01:34:45','2024-06-17 03:37:23'),(49,2,'2024-06-15 13:30:00','2024-06-15 16:00:00',0,'2024-06-17 01:35:22','2024-06-17 01:44:49'),(50,2,'2024-06-15 17:30:00','2024-06-15 19:30:00',0,'2024-06-17 01:35:22','2024-06-17 03:16:31'),(51,2,'2024-06-15 13:30:00','2024-06-15 14:00:00',1,'2024-06-17 01:44:49','2024-06-30 07:21:37'),(52,2,'2024-06-15 15:00:00','2024-06-15 16:00:00',1,'2024-06-17 01:44:49','2024-06-30 07:21:37'),(53,3,'2024-06-15 13:00:00','2024-06-15 21:00:00',0,'2024-06-17 02:21:39','2024-06-17 02:21:59'),(54,3,'2024-06-15 17:00:00','2024-06-15 21:00:00',0,'2024-06-17 02:21:59','2024-06-17 03:27:20'),(55,3,'2024-06-13 12:00:00','2024-06-13 21:00:00',0,'2024-06-17 02:28:43','2024-06-17 02:28:53'),(56,3,'2024-06-13 12:00:00','2024-06-13 12:30:00',1,'2024-06-17 02:28:53','2024-06-26 10:30:30'),(57,3,'2024-06-13 14:00:00','2024-06-13 21:00:00',0,'2024-06-17 02:28:53','2024-06-17 03:28:13'),(58,2,'2024-06-15 17:30:00','2024-06-15 18:00:00',1,'2024-06-17 03:16:32','2024-06-30 07:21:37'),(59,2,'2024-06-11 13:00:00','2024-06-11 21:00:00',0,'2024-06-17 03:16:39','2024-06-17 03:16:51'),(60,2,'2024-06-11 14:30:00','2024-06-11 21:00:00',0,'2024-06-17 03:16:51','2024-06-17 03:17:00'),(61,2,'2024-06-11 14:30:00','2024-06-11 15:30:00',1,'2024-06-17 03:17:00','2024-06-30 07:21:38'),(62,2,'2024-06-11 17:00:00','2024-06-11 21:00:00',0,'2024-06-17 03:17:00','2024-06-17 03:18:06'),(63,2,'2024-06-11 18:00:00','2024-06-11 21:00:00',0,'2024-06-17 03:18:06','2024-06-17 03:18:18'),(64,2,'2024-06-11 19:00:00','2024-06-11 21:00:00',1,'2024-06-17 03:18:18','2024-06-30 07:21:38'),(65,2,'2024-06-10 12:00:00','2024-06-10 22:30:00',0,'2024-06-17 03:20:34','2024-06-17 03:20:50'),(66,2,'2024-06-10 13:00:00','2024-06-10 22:30:00',0,'2024-06-17 03:20:50','2024-06-17 03:21:07'),(67,2,'2024-06-10 13:00:00','2024-06-10 14:00:00',1,'2024-06-17 03:21:07','2024-06-30 07:21:38'),(68,2,'2024-06-10 15:00:00','2024-06-10 22:30:00',0,'2024-06-17 03:21:07','2024-06-17 03:23:51'),(69,2,'2024-06-10 15:00:00','2024-06-10 16:00:00',1,'2024-06-17 03:23:51','2024-06-30 07:21:38'),(70,2,'2024-06-10 17:00:00','2024-06-10 22:30:00',0,'2024-06-17 03:23:51','2024-06-17 03:24:54'),(71,2,'2024-06-10 17:00:00','2024-06-10 18:00:00',1,'2024-06-17 03:24:54','2024-06-30 07:21:38'),(72,2,'2024-06-10 19:00:00','2024-06-10 22:30:00',0,'2024-06-17 03:24:54','2024-06-17 03:32:55'),(73,3,'2024-06-15 17:00:00','2024-06-15 18:30:00',1,'2024-06-17 03:27:20','2024-06-26 10:30:30'),(74,3,'2024-06-15 19:30:00','2024-06-15 21:00:00',1,'2024-06-17 03:27:20','2024-06-26 10:30:30'),(75,3,'2024-06-13 14:00:00','2024-06-13 17:30:00',1,'2024-06-17 03:28:13','2024-06-26 10:30:30'),(76,3,'2024-06-13 19:00:00','2024-06-13 21:00:00',1,'2024-06-17 03:28:13','2024-06-26 10:30:30'),(77,3,'2024-06-12 12:00:00','2024-06-12 21:30:00',0,'2024-06-17 03:29:22','2024-06-17 03:29:31'),(78,3,'2024-06-12 12:00:00','2024-06-12 13:00:00',1,'2024-06-17 03:29:31','2024-06-26 10:30:30'),(79,3,'2024-06-12 14:30:00','2024-06-12 21:30:00',1,'2024-06-17 03:29:31','2024-06-26 10:30:30'),(80,3,'2024-06-11 12:30:00','2024-06-11 20:00:00',0,'2024-06-17 03:30:55','2024-06-17 03:31:04'),(81,3,'2024-06-11 12:30:00','2024-06-11 13:00:00',1,'2024-06-17 03:31:04','2024-06-26 10:30:30'),(82,3,'2024-06-11 14:00:00','2024-06-11 20:00:00',1,'2024-06-17 03:31:04','2024-06-26 10:30:30'),(83,2,'2024-06-10 19:00:00','2024-06-10 21:00:00',1,'2024-06-17 03:32:55','2024-06-30 07:21:38'),(84,2,'2024-06-10 22:00:00','2024-06-10 22:30:00',1,'2024-06-17 03:32:55','2024-06-30 07:21:38'),(85,2,'2024-06-15 21:00:00','2024-06-15 21:30:00',1,'2024-06-17 03:37:23','2024-06-30 07:21:38'),(86,2,'2024-06-15 22:30:00','2024-06-15 23:30:00',1,'2024-06-17 03:37:23','2024-06-30 07:21:38'),(87,1,'2024-06-18 13:00:00','2024-06-18 17:00:00',0,'2024-06-17 03:44:32','2024-06-17 03:44:49'),(88,1,'2024-06-18 15:00:00','2024-06-18 17:00:00',1,'2024-06-17 03:44:49','2024-06-17 03:45:24'),(89,1,'2024-06-15 12:30:00','2024-06-15 16:00:00',0,'2024-06-17 03:45:24','2024-06-17 03:45:34'),(90,1,'2024-06-15 14:30:00','2024-06-15 16:00:00',0,'2024-06-17 03:45:35','2024-06-17 03:47:29'),(91,2,'2024-06-12 20:00:00','2024-06-13 03:00:00',0,'2024-06-17 03:58:12','2024-06-17 03:58:24'),(92,2,'2024-06-12 21:00:00','2024-06-13 03:00:00',0,'2024-06-17 03:58:25','2024-06-17 03:58:38'),(93,2,'2024-06-12 22:00:00','2024-06-13 03:00:00',0,'2024-06-17 03:58:38','2024-06-17 03:58:51'),(94,2,'2024-06-12 23:00:00','2024-06-13 03:00:00',0,'2024-06-17 03:58:51','2024-06-17 03:59:01'),(95,2,'2024-06-13 00:00:00','2024-06-13 03:00:00',0,'2024-06-17 03:59:01','2024-06-17 03:59:14'),(96,2,'2024-06-13 02:00:00','2024-06-13 03:00:00',1,'2024-06-17 03:59:14','2024-06-30 07:21:38'),(97,2,'2024-06-08 12:30:00','2024-06-08 23:30:00',1,'2024-06-17 04:02:38','2024-06-30 07:21:38'),(98,2,'2024-06-20 12:30:00','2024-06-20 22:00:00',0,'2024-06-17 06:52:57','2024-06-17 06:53:58'),(99,2,'2024-06-20 14:00:00','2024-06-20 22:00:00',0,'2024-06-17 06:53:58','2024-06-17 07:01:25'),(100,2,'2024-06-17 12:00:00','2024-06-17 14:00:00',0,'2024-06-17 06:55:51','2024-06-17 06:56:12'),(101,2,'2024-06-17 13:00:00','2024-06-17 14:00:00',1,'2024-06-17 06:56:12','2024-06-30 07:21:38'),(102,2,'2024-06-20 14:00:00','2024-06-20 16:00:00',1,'2024-06-17 07:01:25','2024-06-30 07:21:38'),(103,2,'2024-06-20 17:00:00','2024-06-20 22:00:00',0,'2024-06-17 07:01:25','2024-06-21 18:53:03'),(104,2,'2024-06-19 17:00:00','2024-06-19 19:00:00',1,'2024-06-19 22:37:48','2024-06-30 07:21:38'),(105,2,'2024-06-19 20:00:00','2024-06-19 22:00:00',0,'2024-06-19 22:37:48','2024-06-21 19:42:52'),(106,2,'2024-06-19 13:30:00','2024-06-19 16:00:00',0,'2024-06-19 22:46:22','2024-06-20 20:23:33'),(107,2,'2024-06-19 13:30:00','2024-06-19 14:00:00',1,'2024-06-20 20:23:33','2024-06-30 07:21:38'),(108,2,'2024-06-19 15:00:00','2024-06-19 16:00:00',1,'2024-06-20 20:23:33','2024-06-30 07:21:38'),(109,2,'2024-06-20 17:00:00','2024-06-20 20:30:00',0,'2024-06-21 18:53:03','2024-06-21 19:40:56'),(110,2,'2024-06-20 21:30:00','2024-06-21 02:30:00',0,'2024-06-21 18:53:03','2024-06-21 20:03:13'),(111,2,'2024-06-20 17:00:00','2024-06-20 19:00:00',1,'2024-06-21 19:40:56','2024-06-30 07:21:38'),(112,2,'2024-06-20 20:00:00','2024-06-20 20:30:00',1,'2024-06-21 19:40:56','2024-06-30 07:21:38'),(113,2,'2024-06-19 20:00:00','2024-06-19 21:00:00',1,'2024-06-21 19:42:52','2024-06-30 07:21:38'),(114,2,'2024-06-20 21:30:00','2024-06-21 01:00:00',0,'2024-06-21 20:03:13','2024-06-21 20:50:22'),(115,2,'2024-06-21 02:00:00','2024-06-21 02:30:00',1,'2024-06-21 20:03:13','2024-06-30 07:21:38'),(116,3,'2024-06-19 13:00:00','2024-06-19 16:00:00',0,'2024-06-21 20:43:08','2024-06-21 20:45:00'),(117,3,'2024-06-19 13:00:00','2024-06-19 13:30:00',1,'2024-06-21 20:45:01','2024-06-26 10:30:30'),(118,3,'2024-06-19 14:00:00','2024-06-19 16:00:00',0,'2024-06-21 20:45:01','2024-06-21 20:45:41'),(119,3,'2024-06-19 14:00:00','2024-06-19 14:30:00',1,'2024-06-21 20:45:41','2024-06-26 10:30:30'),(120,3,'2024-06-19 15:00:00','2024-06-19 16:00:00',1,'2024-06-21 20:45:41','2024-06-26 10:30:30'),(121,3,'2024-06-21 13:00:00','2024-06-21 19:00:00',0,'2024-06-21 20:48:06','2024-06-21 20:48:17'),(122,3,'2024-06-21 13:00:00','2024-06-21 14:00:00',0,'2024-06-21 20:48:18','2024-06-21 23:28:15'),(123,3,'2024-06-21 14:30:00','2024-06-21 19:00:00',0,'2024-06-21 20:48:18','2024-06-21 20:48:45'),(124,3,'2024-06-21 14:30:00','2024-06-21 16:00:00',0,'2024-06-21 20:48:46','2024-06-21 23:32:49'),(125,3,'2024-06-21 16:30:00','2024-06-21 19:00:00',0,'2024-06-21 20:48:46','2024-06-21 22:55:48'),(126,2,'2024-06-20 21:30:00','2024-06-21 00:00:00',1,'2024-06-21 20:50:22','2024-06-30 07:21:38'),(127,3,'2024-06-21 16:30:00','2024-06-21 18:30:00',0,'2024-06-21 22:55:48','2024-06-21 23:30:55'),(128,3,'2024-06-21 13:30:00','2024-06-21 14:00:00',1,'2024-06-21 23:28:15','2024-06-26 10:30:30'),(129,3,'2024-06-21 16:30:00','2024-06-21 17:00:00',1,'2024-06-21 23:30:56','2024-06-26 10:30:30'),(130,3,'2024-06-21 17:30:00','2024-06-21 18:30:00',1,'2024-06-21 23:30:56','2024-06-26 10:30:30'),(131,3,'2024-06-22 12:30:00','2024-06-22 23:30:00',0,'2024-06-21 23:31:31','2024-06-21 23:31:48'),(132,3,'2024-06-22 12:30:00','2024-06-22 13:30:00',1,'2024-06-21 23:31:48','2024-06-26 10:30:30'),(133,3,'2024-06-22 14:00:00','2024-06-22 23:30:00',0,'2024-06-21 23:31:48','2024-06-21 23:35:35'),(134,3,'2024-06-21 14:30:00','2024-06-21 15:00:00',1,'2024-06-21 23:32:50','2024-06-26 10:30:30'),(135,3,'2024-06-21 15:30:00','2024-06-21 16:00:00',1,'2024-06-21 23:32:50','2024-06-26 10:30:30'),(136,3,'2024-06-22 14:00:00','2024-06-22 16:30:00',0,'2024-06-21 23:35:35','2024-06-22 04:58:26'),(137,3,'2024-06-22 17:00:00','2024-06-22 23:30:00',0,'2024-06-21 23:35:35','2024-06-21 23:42:31'),(138,3,'2024-06-22 17:00:00','2024-06-22 19:30:00',1,'2024-06-21 23:42:31','2024-06-26 10:30:30'),(139,3,'2024-06-22 20:30:00','2024-06-22 23:30:00',1,'2024-06-21 23:42:31','2024-06-26 10:30:30'),(140,2,'2024-06-22 12:30:00','2024-06-22 14:00:00',0,'2024-06-22 03:14:21','2024-06-22 03:14:36'),(141,2,'2024-06-22 12:30:00','2024-06-22 13:00:00',1,'2024-06-22 03:14:37','2024-06-30 07:21:38'),(142,3,'2024-06-23 15:00:00','2024-06-23 19:00:00',0,'2024-06-22 03:51:21','2024-06-22 04:59:24'),(143,2,'2024-06-22 18:00:00','2024-06-22 20:30:00',0,'2024-06-22 04:06:51','2024-06-22 04:08:08'),(145,2,'2024-06-22 18:00:00','2024-06-22 20:30:00',0,'2024-06-22 04:09:42','2024-06-22 04:09:58'),(146,2,'2024-06-22 18:00:00','2024-06-22 20:30:00',0,'2024-06-22 04:09:58','2024-06-22 04:11:09'),(147,2,'2024-06-22 18:00:00','2024-06-22 20:30:00',0,'2024-06-22 04:11:09','2024-06-22 04:12:27'),(148,2,'2024-06-22 18:30:00','2024-06-22 20:30:00',0,'2024-06-22 04:12:27','2024-06-22 04:15:56'),(149,2,'2024-06-22 18:00:00','2024-06-22 20:30:00',0,'2024-06-22 04:15:56','2024-06-22 04:19:04'),(150,2,'2024-06-22 18:00:00','2024-06-22 18:30:00',0,'2024-06-22 04:19:04','2024-06-22 05:55:08'),(151,3,'2024-06-22 15:00:00','2024-06-22 16:30:00',1,'2024-06-22 04:58:26','2024-06-26 10:30:30'),(152,3,'2024-06-23 16:00:00','2024-06-23 19:00:00',0,'2024-06-22 04:59:24','2024-06-22 05:56:26'),(153,3,'2024-06-23 16:00:00','2024-06-23 16:30:00',0,'2024-06-22 05:56:26','2024-06-22 06:06:40'),(154,3,'2024-06-23 17:30:00','2024-06-23 19:00:00',0,'2024-06-22 05:56:26','2024-06-22 06:05:40'),(155,2,'2024-06-22 17:30:00','2024-06-22 21:00:00',0,'2024-06-22 06:02:43','2024-06-22 06:03:03'),(157,3,'2024-06-23 17:30:00','2024-06-23 18:00:00',1,'2024-06-22 06:05:40','2024-06-26 10:30:30'),(158,2,'2024-06-22 17:30:00','2024-06-22 21:00:00',0,'2024-06-22 06:07:17','2024-06-22 06:08:31'),(159,2,'2024-06-22 19:30:00','2024-06-22 21:00:00',0,'2024-06-22 06:08:31','2024-06-22 06:14:20'),(160,2,'2024-06-22 17:30:00','2024-06-22 21:30:00',0,'2024-06-22 06:19:47','2024-06-22 06:20:15'),(161,2,'2024-06-22 15:00:00','2024-06-22 21:30:00',0,'2024-06-22 06:20:16','2024-06-22 06:44:16'),(162,2,'2024-06-22 17:30:00','2024-06-22 21:30:00',0,'2024-06-22 06:44:17','2024-06-22 06:45:09'),(163,2,'2024-06-22 17:30:00','2024-06-22 18:30:00',1,'2024-06-22 06:45:09','2024-06-30 07:21:38'),(164,2,'2024-06-22 21:00:00','2024-06-22 21:30:00',1,'2024-06-22 06:45:09','2024-06-30 07:21:38'),(165,2,'2024-06-23 14:30:00','2024-06-24 00:30:00',0,'2024-06-22 06:45:54','2024-06-22 06:46:13'),(166,2,'2024-06-23 14:30:00','2024-06-23 17:00:00',0,'2024-06-22 06:46:13','2024-06-22 07:08:32'),(167,2,'2024-06-23 18:30:00','2024-06-24 00:30:00',0,'2024-06-22 06:46:13','2024-06-22 07:11:11'),(168,2,'2024-06-23 14:30:00','2024-06-23 15:00:00',0,'2024-06-22 07:08:32','2024-06-22 21:51:42'),(169,2,'2024-06-23 16:30:00','2024-06-23 17:00:00',0,'2024-06-22 07:08:32','2024-06-22 21:50:05'),(170,2,'2024-06-23 18:30:00','2024-06-23 19:00:00',0,'2024-06-22 07:11:11','2024-06-22 21:34:46'),(171,2,'2024-06-23 18:00:00','2024-06-24 00:30:00',0,'2024-06-22 07:11:11','2024-06-22 07:12:30'),(172,2,'2024-06-23 18:00:00','2024-06-23 18:30:00',0,'2024-06-22 07:12:30','2024-06-22 21:50:17'),(173,2,'2024-06-23 20:30:00','2024-06-24 00:30:00',0,'2024-06-22 07:12:30','2024-06-22 07:25:34'),(174,2,'2024-06-23 20:30:00','2024-06-23 21:00:00',0,'2024-06-22 07:25:34','2024-06-22 21:50:24'),(175,2,'2024-06-23 22:30:00','2024-06-24 00:30:00',0,'2024-06-22 07:25:34','2024-06-22 21:27:17'),(176,2,'2024-06-23 13:30:00','2024-06-24 01:30:00',0,'2024-06-22 21:27:17','2024-06-22 21:49:58'),(177,2,'2024-06-23 15:00:00','2024-06-24 01:30:00',0,'2024-06-22 21:49:58','2024-06-22 21:51:52'),(178,2,'2024-06-23 15:00:00','2024-06-23 19:30:00',1,'2024-06-22 21:51:52','2024-06-30 07:21:38'),(179,2,'2024-06-23 21:30:00','2024-06-24 01:30:00',1,'2024-06-22 21:51:52','2024-06-30 07:21:38'),(180,2,'2024-06-25 14:00:00','2024-06-25 18:00:00',0,'2024-06-24 06:25:02','2024-06-24 06:25:12'),(181,2,'2024-06-25 16:00:00','2024-06-25 18:00:00',0,'2024-06-24 06:25:12','2024-06-26 05:50:31'),(182,139,'2024-06-26 14:00:00','2024-06-26 23:30:00',0,'2024-06-24 17:20:46','2024-06-24 17:20:58'),(183,139,'2024-06-27 14:00:00','2024-06-27 23:30:00',0,'2024-06-24 17:20:46','2024-06-28 19:23:43'),(184,139,'2024-06-28 14:00:00','2024-06-28 15:00:00',1,'2024-06-24 17:20:46','2024-06-28 02:56:25'),(185,139,'2024-06-29 14:00:00','2024-06-29 23:30:00',0,'2024-06-24 17:20:46','2024-06-28 03:14:19'),(186,139,'2024-06-30 14:00:00','2024-06-30 23:30:00',0,'2024-06-24 17:20:46','2024-06-28 22:56:50'),(187,139,'2024-06-26 14:00:00','2024-06-26 16:00:00',1,'2024-06-24 17:20:59','2024-06-28 02:56:25'),(188,139,'2024-06-26 18:00:00','2024-06-26 23:30:00',0,'2024-06-24 17:20:59','2024-06-24 18:41:47'),(189,139,'2024-06-26 18:00:00','2024-06-26 19:00:00',1,'2024-06-24 18:41:47','2024-06-28 02:56:25'),(190,139,'2024-06-26 21:00:00','2024-06-26 23:30:00',0,'2024-06-24 18:41:47','2024-06-28 19:36:22'),(191,2,'2024-06-26 16:00:00','2024-06-26 19:30:00',0,'2024-06-25 01:16:13','2024-06-25 01:16:28'),(192,2,'2024-06-26 12:30:00','2024-06-26 17:00:00',0,'2024-06-25 01:16:28','2024-06-27 04:55:10'),(194,2,'2024-06-27 14:00:00','2024-06-27 21:30:00',0,'2024-06-25 01:17:45','2024-06-26 05:50:15'),(195,2,'2024-06-27 14:00:00','2024-06-27 15:00:00',1,'2024-06-26 05:50:15','2024-06-30 07:21:38'),(196,2,'2024-06-27 17:30:00','2024-06-27 21:30:00',0,'2024-06-26 05:50:15','2024-06-28 16:53:06'),(197,2,'2024-06-25 17:30:00','2024-06-25 18:00:00',0,'2024-06-26 05:50:31','2024-06-26 05:53:30'),(198,2,'2024-06-25 13:00:00','2024-06-25 15:30:00',0,'2024-06-26 06:50:34','2024-06-26 06:50:45'),(199,2,'2024-06-25 15:00:00','2024-06-25 15:30:00',0,'2024-06-26 06:50:45','2024-06-30 07:17:41'),(200,2,'2024-06-25 18:00:00','2024-06-25 21:00:00',0,'2024-06-26 06:53:00','2024-06-26 06:53:10'),(201,2,'2024-06-25 18:00:00','2024-06-25 18:30:00',0,'2024-06-26 06:53:10','2024-06-30 07:15:14'),(202,2,'2024-06-25 20:00:00','2024-06-25 21:00:00',0,'2024-06-26 06:53:10','2024-06-29 09:04:21'),(203,3,'2024-06-25 13:30:00','2024-06-28 19:30:00',1,'2024-06-26 10:30:30','2024-06-26 10:30:30'),(204,2,'2024-06-28 13:00:00','2024-06-28 23:30:00',0,'2024-06-26 10:44:51','2024-06-27 04:50:22'),(212,2,'2024-06-29 13:30:00','2024-06-29 21:00:00',0,'2024-06-27 02:31:45','2024-06-29 00:30:41'),(213,2,'2024-06-28 13:00:00','2024-06-28 14:00:00',0,'2024-06-27 04:50:22','2024-06-29 01:44:14'),(214,2,'2024-06-28 15:00:00','2024-06-28 23:30:00',0,'2024-06-27 04:50:22','2024-06-28 17:17:12'),(215,2,'2024-06-26 12:30:00','2024-06-26 13:00:00',1,'2024-06-27 04:55:10','2024-06-30 07:21:38'),(216,2,'2024-06-26 14:00:00','2024-06-26 17:00:00',0,'2024-06-27 04:55:10','2024-06-27 06:08:24'),(217,2,'2024-06-26 14:00:00','2024-06-26 15:00:00',1,'2024-06-27 06:08:26','2024-06-30 07:21:38'),(218,2,'2024-06-26 15:30:00','2024-06-26 17:00:00',0,'2024-06-27 06:08:26','2024-06-28 01:42:56'),(219,2,'2024-06-26 15:30:00','2024-06-26 18:00:00',1,'2024-06-28 01:42:56','2024-06-30 07:21:38'),(220,139,'2024-06-29 14:00:00','2024-06-29 16:00:00',0,'2024-06-28 03:14:19','2024-06-28 19:22:48'),(221,139,'2024-06-29 17:00:00','2024-06-29 23:30:00',0,'2024-06-28 03:14:19','2024-06-29 02:13:01'),(222,2,'2024-06-27 17:30:00','2024-06-27 20:30:00',0,'2024-06-28 16:53:06','2024-06-30 08:36:03'),(223,2,'2024-06-27 21:30:00','2024-06-28 00:30:00',0,'2024-06-28 17:15:52','2024-06-28 21:15:16'),(224,2,'2024-07-04 22:30:00','2024-07-05 00:30:00',1,'2024-06-28 17:15:52','2024-06-30 07:21:38'),(225,2,'2024-07-11 22:30:00','2024-07-12 00:30:00',1,'2024-06-28 17:15:52','2024-06-30 07:21:38'),(226,2,'2024-07-18 22:30:00','2024-07-19 00:30:00',1,'2024-06-28 17:15:52','2024-06-30 07:21:38'),(227,2,'2024-07-29 13:30:00','2024-07-29 21:00:00',1,'2024-06-28 17:15:52','2024-06-30 07:21:38'),(228,2,'2024-08-29 13:30:00','2024-08-29 21:00:00',1,'2024-06-28 17:15:52','2024-06-30 07:21:38'),(229,2,'2024-07-25 20:00:00','2024-07-25 21:00:00',1,'2024-06-28 17:15:52','2024-06-30 07:21:38'),(230,2,'2024-06-28 15:00:00','2024-06-28 16:00:00',0,'2024-06-28 17:17:12','2024-06-29 01:43:52'),(231,2,'2024-06-28 17:00:00','2024-06-28 23:30:00',0,'2024-06-28 17:17:12','2024-06-28 18:32:02'),(232,2,'2024-06-28 17:00:00','2024-06-28 22:00:00',0,'2024-06-28 18:32:03','2024-06-28 21:16:14'),(233,2,'2024-06-28 23:00:00','2024-06-28 23:30:00',0,'2024-06-28 18:32:03','2024-06-29 00:28:54'),(234,139,'2024-06-29 14:00:00','2024-06-29 14:30:00',1,'2024-06-28 19:22:48','2024-06-28 19:22:48'),(235,139,'2024-06-29 15:30:00','2024-06-29 16:00:00',1,'2024-06-28 19:22:48','2024-06-28 19:22:48'),(236,139,'2024-06-27 14:00:00','2024-06-27 16:00:00',0,'2024-06-28 19:23:43','2024-06-28 19:39:56'),(237,139,'2024-06-27 17:30:00','2024-06-27 23:30:00',0,'2024-06-28 19:23:43','2024-06-28 19:29:30'),(238,139,'2024-06-27 17:30:00','2024-06-27 21:30:00',0,'2024-06-28 19:29:30','2024-06-28 19:47:36'),(239,139,'2024-06-27 22:30:00','2024-06-27 23:30:00',1,'2024-06-28 19:29:30','2024-06-28 19:29:30'),(241,139,'2024-06-26 21:00:00','2024-06-26 22:30:00',1,'2024-06-28 19:36:23','2024-06-28 19:36:23'),(242,139,'2024-06-27 15:00:00','2024-06-27 16:00:00',1,'2024-06-28 19:39:57','2024-06-28 19:39:57'),(243,139,'2024-06-27 17:30:00','2024-06-27 19:00:00',1,'2024-06-28 19:47:36','2024-06-28 19:47:36'),(244,139,'2024-06-27 20:00:00','2024-06-27 21:30:00',1,'2024-06-28 19:47:36','2024-06-28 19:47:36'),(245,2,'2024-06-27 21:30:00','2024-06-27 23:00:00',1,'2024-06-28 21:15:16','2024-06-30 07:21:38'),(246,2,'2024-06-28 00:00:00','2024-06-28 00:30:00',1,'2024-06-28 21:15:16','2024-06-30 07:21:38'),(247,2,'2024-06-28 17:00:00','2024-06-28 20:30:00',0,'2024-06-28 21:16:14','2024-06-28 23:28:47'),(248,2,'2024-06-28 21:00:00','2024-06-28 22:00:00',0,'2024-06-28 21:16:14','2024-06-28 22:21:56'),(249,2,'2024-06-28 21:30:00','2024-06-28 22:00:00',0,'2024-06-28 22:21:56','2024-06-29 00:47:48'),(250,139,'2024-06-30 14:00:00','2024-06-30 15:00:00',1,'2024-06-28 22:56:50','2024-06-28 22:56:50'),(251,139,'2024-06-30 15:30:00','2024-06-30 23:30:00',0,'2024-06-28 22:56:50','2024-06-29 01:49:36'),(252,2,'2024-06-28 17:00:00','2024-06-28 20:00:00',0,'2024-06-28 23:28:47','2024-06-28 23:35:38'),(253,2,'2024-06-28 17:00:00','2024-06-28 18:30:00',0,'2024-06-28 23:35:38','2024-06-29 00:06:03'),(254,2,'2024-06-28 19:00:00','2024-06-28 20:00:00',0,'2024-06-28 23:35:38','2024-06-29 00:27:58'),(255,2,'2024-06-28 17:00:00','2024-06-28 17:30:00',0,'2024-06-29 00:06:04','2024-06-29 01:44:21'),(256,2,'2024-06-28 18:00:00','2024-06-28 18:30:00',0,'2024-06-29 00:06:04','2024-06-29 01:44:27'),(257,2,'2024-06-28 19:30:00','2024-06-28 20:00:00',0,'2024-06-29 00:27:58','2024-06-29 01:53:08'),(258,2,'2024-06-29 13:30:00','2024-06-29 20:30:00',0,'2024-06-29 00:30:42','2024-06-29 01:47:47'),(259,2,'2024-06-29 00:00:00','2024-06-29 00:30:00',0,'2024-06-29 00:31:08','2024-06-29 00:31:27'),(260,2,'2024-06-28 23:30:00','2024-06-29 00:30:00',0,'2024-06-29 00:31:13','2024-06-29 00:46:18'),(261,2,'2024-06-29 00:00:00','2024-06-29 03:00:00',0,'2024-06-29 00:46:19','2024-06-29 01:48:11'),(262,2,'2024-06-28 15:30:00','2024-06-28 16:00:00',0,'2024-06-29 01:43:52','2024-06-29 01:44:05'),(263,2,'2024-06-29 13:30:00','2024-06-29 16:00:00',0,'2024-06-29 01:47:45','2024-06-29 09:04:05'),(264,2,'2024-06-29 18:30:00','2024-06-29 20:30:00',0,'2024-06-29 01:47:45','2024-06-29 17:56:07'),(265,2,'2024-06-29 00:00:00','2024-06-29 01:00:00',1,'2024-06-29 01:48:11','2024-06-30 07:21:38'),(266,2,'2024-06-29 01:30:00','2024-06-29 03:00:00',0,'2024-06-29 01:48:11','2024-06-29 03:34:22'),(267,165,'2024-06-27 13:00:00','2024-06-28 00:30:00',1,'2024-06-29 01:48:23','2024-06-29 02:16:33'),(268,166,'2024-06-24 14:30:00','2024-06-24 18:00:00',1,'2024-06-29 01:48:45','2024-06-29 01:48:45'),(269,166,'2024-06-27 15:00:00','2024-06-27 19:30:00',1,'2024-06-29 01:48:45','2024-06-29 01:48:45'),(270,166,'2024-06-26 14:00:00','2024-06-26 21:30:00',1,'2024-06-29 01:48:45','2024-06-29 01:48:45'),(271,139,'2024-06-30 15:30:00','2024-06-30 22:00:00',0,'2024-06-29 01:49:37','2024-06-29 02:09:59'),(272,139,'2024-06-30 23:00:00','2024-06-30 23:30:00',1,'2024-06-29 01:49:37','2024-06-29 01:49:37'),(273,2,'2024-06-30 15:00:00','2024-06-30 20:00:00',0,'2024-06-29 01:50:04','2024-06-29 01:50:19'),(274,2,'2024-06-30 15:00:00','2024-06-30 17:00:00',0,'2024-06-29 01:50:19','2024-06-30 06:51:11'),(275,2,'2024-06-30 18:00:00','2024-06-30 20:00:00',0,'2024-06-29 01:50:19','2024-06-30 23:18:25'),(276,2,'2024-07-01 13:30:00','2024-07-01 17:00:00',1,'2024-06-29 01:57:00','2024-06-30 07:21:38'),(277,2,'2024-06-30 22:00:00','2024-07-01 01:30:00',0,'2024-06-29 01:57:42','2024-06-29 01:57:52'),(278,2,'2024-06-30 22:00:00','2024-06-30 23:30:00',1,'2024-06-29 01:57:52','2024-06-30 07:21:38'),(279,2,'2024-07-01 01:00:00','2024-07-01 01:30:00',1,'2024-06-29 01:57:52','2024-06-30 07:21:38'),(280,139,'2024-06-30 15:30:00','2024-06-30 19:00:00',1,'2024-06-29 02:09:59','2024-06-29 02:09:59'),(281,139,'2024-06-30 20:00:00','2024-06-30 22:00:00',1,'2024-06-29 02:09:59','2024-06-29 02:09:59'),(282,139,'2024-06-29 17:00:00','2024-06-29 18:00:00',1,'2024-06-29 02:13:01','2024-06-29 02:13:01'),(283,139,'2024-06-29 19:00:00','2024-06-29 23:30:00',1,'2024-06-29 02:13:01','2024-06-29 02:13:01'),(284,165,'2024-06-28 13:00:00','2024-06-29 00:30:00',1,'2024-06-29 02:16:33','2024-06-29 02:16:33'),(285,165,'2024-06-30 13:00:00','2024-07-01 00:30:00',1,'2024-06-29 02:16:33','2024-06-29 02:16:33'),(286,165,'2024-06-26 13:00:00','2024-06-27 00:30:00',1,'2024-06-29 02:16:33','2024-06-29 02:16:33'),(287,165,'2024-06-29 13:00:00','2024-06-30 00:30:00',1,'2024-06-29 02:16:33','2024-06-29 02:16:33'),(288,2,'2024-06-29 01:30:00','2024-06-29 02:30:00',1,'2024-06-29 03:34:22','2024-06-30 07:21:38'),(289,2,'2024-06-29 13:30:00','2024-06-29 14:30:00',0,'2024-06-29 09:04:05','2024-06-29 17:05:43'),(290,2,'2024-06-29 15:30:00','2024-06-29 16:00:00',0,'2024-06-29 09:04:05','2024-06-29 16:57:37'),(291,2,'2024-06-29 13:30:00','2024-06-29 14:00:00',0,'2024-06-29 17:05:43','2024-06-29 17:18:53'),(292,2,'2024-06-29 18:30:00','2024-06-29 19:00:00',0,'2024-06-29 17:56:07','2024-06-29 21:54:59'),(293,2,'2024-06-29 12:00:00','2024-06-29 21:00:00',0,'2024-06-29 17:56:07','2024-06-29 18:02:25'),(294,2,'2024-06-29 12:00:00','2024-06-29 12:30:00',1,'2024-06-29 18:02:25','2024-06-30 07:21:38'),(295,2,'2024-06-29 13:00:00','2024-06-29 21:00:00',0,'2024-06-29 18:02:25','2024-06-29 19:39:09'),(296,2,'2024-06-29 13:30:00','2024-06-29 21:00:00',0,'2024-06-29 19:39:09','2024-06-29 21:30:41'),(297,2,'2024-06-29 13:30:00','2024-06-29 20:00:00',0,'2024-06-29 21:30:42','2024-06-29 21:54:11'),(298,2,'2024-06-29 20:30:00','2024-06-29 22:00:00',0,'2024-06-29 21:30:42','2024-06-29 21:58:20'),(300,2,'2024-06-29 13:30:00','2024-06-29 19:30:00',1,'2024-06-29 21:54:11','2024-06-30 07:21:39'),(301,2,'2024-06-29 20:30:00','2024-06-29 21:00:00',1,'2024-06-29 21:58:20','2024-06-30 07:21:39'),(302,2,'2024-06-29 21:30:00','2024-06-29 22:00:00',0,'2024-06-29 21:58:20','2024-06-29 22:23:56'),(303,2,'2024-06-29 22:00:00','2024-06-30 02:00:00',0,'2024-06-29 22:51:46','2024-06-29 22:51:57'),(304,2,'2024-06-29 22:30:00','2024-06-30 02:00:00',0,'2024-06-29 22:51:58','2024-06-29 23:02:33'),(305,2,'2024-06-29 23:00:00','2024-06-30 02:00:00',0,'2024-06-29 23:02:33','2024-06-30 03:16:13'),(306,2,'2024-06-29 23:30:00','2024-06-30 02:00:00',0,'2024-06-30 03:16:14','2024-06-30 23:45:56'),(307,2,'2024-06-30 16:00:00','2024-06-30 17:00:00',1,'2024-06-30 06:51:11','2024-06-30 07:21:39'),(308,2,'2023-08-05 05:00:00','2023-08-06 05:00:00',1,'2024-06-30 07:21:39','2024-06-30 07:21:39'),(309,2,'2023-08-05 13:00:00','2023-08-05 16:30:00',1,'2024-06-30 07:29:30','2024-06-30 07:29:47'),(310,2,'2023-08-05 17:00:00','2023-08-05 21:30:00',1,'2024-06-30 07:29:30','2024-06-30 07:29:47'),(311,2,'2023-08-05 22:00:00','2023-08-05 22:30:00',1,'2024-06-30 07:29:47','2024-06-30 07:29:47'),(312,2,'2024-06-27 17:30:00','2024-06-27 18:30:00',1,'2024-06-30 08:36:03','2024-06-30 08:36:03'),(313,2,'2024-06-27 19:00:00','2024-06-27 20:30:00',1,'2024-06-30 08:36:03','2024-06-30 08:36:03'),(314,2,'2024-06-30 18:00:00','2024-06-30 19:30:00',1,'2024-06-30 23:18:26','2024-06-30 23:18:26'),(315,2,'2024-06-29 23:30:00','2024-06-30 00:30:00',1,'2024-06-30 23:45:56','2024-06-30 23:45:56'),(316,2,'2024-06-30 01:00:00','2024-06-30 02:00:00',0,'2024-06-30 23:45:56','2024-06-30 23:48:27'),(317,2,'2024-06-30 01:00:00','2024-06-30 01:30:00',1,'2024-06-30 23:48:27','2024-06-30 23:48:27');
/*!40000 ALTER TABLE `Disponibilidad` ENABLE KEYS */;
UNLOCK TABLES;

--
-- Table structure for table `Encuesta`
--

DROP TABLE IF EXISTS `Encuesta`;
/*!40101 SET @saved_cs_client     = @@character_set_client */;
/*!50503 SET character_set_client = utf8mb4 */;
CREATE TABLE `Encuesta` (
  `id_encuesta` int NOT NULL AUTO_INCREMENT,
  `fid_alumno` int NOT NULL,
  `fid_estado_Encuesta` int NOT NULL,
  `fid_encuesta_Maestra` int NOT NULL,
  `fechaActualizacion` datetime DEFAULT CURRENT_TIMESTAMP ON UPDATE CURRENT_TIMESTAMP COMMENT 'Respuesta del Alumno',
  `esActivo` tinyint(1) NOT NULL DEFAULT '1',
  `fechaCreacion` datetime DEFAULT NULL,
  PRIMARY KEY (`id_encuesta`),
  KEY `fid_alumno` (`fid_alumno`),
  KEY `fid_encuesta_Maestra` (`fid_encuesta_Maestra`),
  KEY `Encuesta_fid_estado_encuesta_foreign_idx` (`fid_estado_Encuesta`),
  CONSTRAINT `Encuesta_fid_estado_encuesta_foreign_idx` FOREIGN KEY (`fid_estado_Encuesta`) REFERENCES `EstadoEncuesta` (`id_estado_encuesta`),
  CONSTRAINT `Encuesta_ibfk_1` FOREIGN KEY (`fid_alumno`) REFERENCES `Usuario` (`id_usuario`) ON DELETE CASCADE ON UPDATE CASCADE,
  CONSTRAINT `Encuesta_ibfk_2` FOREIGN KEY (`fid_estado_Encuesta`) REFERENCES `EstadoEncuesta` (`id_estado_encuesta`) ON DELETE CASCADE ON UPDATE CASCADE,
  CONSTRAINT `Encuesta_ibfk_3` FOREIGN KEY (`fid_encuesta_Maestra`) REFERENCES `EncuestaMaestra` (`id_encuesta_maestra`) ON DELETE CASCADE ON UPDATE CASCADE
) ENGINE=InnoDB AUTO_INCREMENT=70 DEFAULT CHARSET=utf8mb4 COLLATE=utf8mb4_0900_ai_ci;
/*!40101 SET character_set_client = @saved_cs_client */;

--
-- Dumping data for table `Encuesta`
--

LOCK TABLES `Encuesta` WRITE;
/*!40000 ALTER TABLE `Encuesta` DISABLE KEYS */;
INSERT INTO `Encuesta` VALUES (10,4,1,7,'2024-06-30 03:57:52',1,'2024-06-30 03:55:11'),(11,35,1,7,'2024-06-30 03:57:52',1,'2024-06-30 03:55:16'),(12,64,1,7,'2024-06-30 03:57:52',1,'2024-06-30 03:55:21'),(13,4,1,8,'2024-06-30 03:57:52',1,'2024-06-30 03:55:35'),(14,4,2,9,'2024-06-30 03:57:52',1,'2024-06-30 03:55:42'),(15,35,1,10,'2024-06-30 03:57:52',1,'2024-06-30 03:55:47'),(16,4,1,10,'2024-06-30 03:57:52',1,'2024-06-30 03:55:51'),(17,4,1,11,'2024-06-30 03:57:52',1,'2024-06-30 03:55:55'),(18,4,1,12,'2024-06-30 03:57:52',1,'2024-06-30 03:55:59'),(19,4,1,13,'2024-06-30 03:57:52',1,'2024-06-30 03:56:05'),(20,4,1,14,'2024-06-30 03:57:52',1,'2024-06-30 03:56:12'),(28,4,1,22,'2024-06-30 03:57:52',1,'2024-06-30 03:57:01'),(29,4,1,23,'2024-06-30 03:57:52',1,'2024-06-30 03:57:06'),(48,4,1,42,'2024-06-30 03:57:52',1,'2024-06-30 03:57:40'),(49,4,1,43,'2024-06-30 03:57:52',1,'2024-06-29 16:57:56'),(50,4,1,44,'2024-06-30 03:57:52',1,'2024-06-29 17:06:07'),(51,4,1,45,'2024-06-30 03:57:52',1,'2024-06-29 17:19:16'),(52,4,2,46,'2024-06-30 03:57:52',1,'2024-06-29 19:23:05'),(53,4,2,47,'2024-06-30 03:57:52',1,'2024-06-29 19:45:09'),(54,4,2,48,'2024-06-30 03:57:52',1,'2024-06-29 21:45:38'),(55,4,2,49,'2024-06-30 03:57:52',1,'2024-06-29 21:57:39'),(56,4,2,50,'2024-06-30 03:57:52',1,'2024-06-29 22:03:37'),(57,4,2,51,'2024-06-30 03:57:52',1,'2024-06-29 22:40:52'),(58,4,2,52,'2024-06-30 03:57:52',1,'2024-06-29 22:52:43'),(59,4,2,53,'2024-06-30 03:57:52',1,'2024-06-29 23:03:08'),(60,4,2,54,'2024-06-30 06:35:04',1,'2024-06-30 04:14:05'),(61,4,1,55,'2024-06-30 07:15:58',1,'2024-06-30 07:15:58'),(62,4,2,56,'2024-06-30 08:03:45',1,'2024-06-30 07:18:00'),(63,4,2,57,'2024-06-30 23:07:37',1,'2024-06-30 08:36:24'),(64,4,2,58,'2024-06-30 23:20:05',1,'2024-06-30 23:19:01'),(65,207,2,58,'2024-06-30 23:19:30',1,'2024-06-30 23:19:01'),(66,4,1,59,'2024-06-30 23:46:25',1,'2024-06-30 23:46:25'),(67,207,2,59,'2024-06-30 23:46:48',1,'2024-06-30 23:46:25'),(68,4,1,60,'2024-06-30 23:49:04',1,'2024-06-30 23:49:04'),(69,207,2,60,'2024-06-30 23:49:41',1,'2024-06-30 23:49:04');
/*!40000 ALTER TABLE `Encuesta` ENABLE KEYS */;
UNLOCK TABLES;

--
-- Table structure for table `EncuestaMaestra`
--

DROP TABLE IF EXISTS `EncuestaMaestra`;
/*!40101 SET @saved_cs_client     = @@character_set_client */;
/*!50503 SET character_set_client = utf8mb4 */;
CREATE TABLE `EncuestaMaestra` (
  `id_encuesta_maestra` int NOT NULL AUTO_INCREMENT,
  `titulo` varchar(255) NOT NULL,
  `fechaCreacion` datetime NOT NULL DEFAULT CURRENT_TIMESTAMP,
  `fechaActualizacion` datetime NOT NULL DEFAULT CURRENT_TIMESTAMP ON UPDATE CURRENT_TIMESTAMP,
  `esActivo` tinyint(1) NOT NULL DEFAULT '1',
  `fid_estado_encuesta_maestra` int NOT NULL,
  `fid_facultad` int NOT NULL,
  PRIMARY KEY (`id_encuesta_maestra`),
  KEY `fid_estado_encuesta_maestra` (`fid_estado_encuesta_maestra`),
  KEY `EncuestaMaestra_fid_facultad_foreign_idx` (`fid_facultad`),
  CONSTRAINT `EncuestaMaestra_fid_facultad_foreign_idx` FOREIGN KEY (`fid_facultad`) REFERENCES `Facultad` (`id_facultad`),
  CONSTRAINT `EncuestaMaestra_ibfk_2` FOREIGN KEY (`fid_estado_encuesta_maestra`) REFERENCES `EstadoEncuestaMaestra` (`id_estado_encuesta_maestra`)
) ENGINE=InnoDB AUTO_INCREMENT=61 DEFAULT CHARSET=utf8mb4 COLLATE=utf8mb4_0900_ai_ci;
/*!40101 SET character_set_client = @saved_cs_client */;

--
-- Dumping data for table `EncuestaMaestra`
--

LOCK TABLES `EncuestaMaestra` WRITE;
/*!40000 ALTER TABLE `EncuestaMaestra` DISABLE KEYS */;
INSERT INTO `EncuestaMaestra` VALUES (7,'Encuesta: 27/6/2024','2024-06-28 01:40:55','2024-06-28 01:43:39',1,2,1),(8,'Encuesta: 27/6/2024','2024-06-28 01:43:40','2024-06-28 17:25:10',1,2,1),(9,'Encuesta: 28/6/2024','2024-06-28 17:25:10','2024-06-28 21:16:33',1,2,1),(10,'Encuesta: 28/6/2024','2024-06-28 21:16:33','2024-06-28 22:22:34',1,2,1),(11,'Encuesta: 28/6/2024','2024-06-28 22:22:34','2024-06-28 23:29:30',1,2,1),(12,'Encuesta: 28/6/2024','2024-06-28 23:29:30','2024-06-28 23:37:27',1,2,1),(13,'Encuesta: 28/6/2024','2024-06-28 23:37:27','2024-06-29 00:06:36',1,2,1),(14,'Encuesta: 28/6/2024','2024-06-29 00:06:36','2024-06-29 00:39:23',1,2,1),(22,'Encuesta: 28/6/2024','2024-06-29 00:39:23','2024-06-29 00:46:47',1,2,1),(23,'Encuesta: 28/6/2024','2024-06-29 00:46:47','2024-06-29 03:47:20',1,2,1),(42,'Encuesta: 29/6/2024','2024-06-29 03:47:20','2024-06-29 16:57:56',1,2,1),(43,'Encuesta: 29/6/2024','2024-06-29 16:57:56','2024-06-29 17:06:07',1,2,1),(44,'Encuesta: 29/6/2024','2024-06-29 17:06:07','2024-06-29 17:19:16',1,2,1),(45,'Encuesta: 29/6/2024','2024-06-29 17:19:16','2024-06-29 18:04:12',1,2,1),(46,'Encuesta: 29/6/2024','2024-06-29 18:04:12','2024-06-29 19:39:46',1,2,1),(47,'Encuesta: 29/6/2024','2024-06-29 19:39:46','2024-06-29 21:30:58',1,2,1),(48,'Encuesta: 29/6/2024','2024-06-29 21:30:58','2024-06-29 21:56:32',1,2,1),(49,'Encuesta: 29/6/2024','2024-06-29 21:56:33','2024-06-29 22:03:07',1,2,1),(50,'Encuesta: 29/6/2024','2024-06-29 22:03:08','2024-06-29 22:24:32',1,2,1),(51,'Encuesta: 29/6/2024','2024-06-29 22:24:32','2024-06-29 22:52:19',1,2,1),(52,'Encuesta: 29/6/2024','2024-06-29 22:52:19','2024-06-29 23:02:50',1,2,1),(53,'Encuesta: 29/6/2024','2024-06-29 23:02:50','2024-06-30 03:16:28',1,2,1),(54,'Encuesta: 29/6/2024','2024-06-30 03:16:29','2024-06-30 07:15:58',1,2,1),(55,'Encuesta: 30/6/2024','2024-06-30 07:15:58','2024-06-30 07:17:59',1,2,1),(56,'Encuesta: 30/6/2024','2024-06-30 07:18:00','2024-06-30 08:36:23',1,2,1),(57,'Encuesta: 30/6/2024','2024-06-30 08:36:23','2024-06-30 23:19:00',1,2,1),(58,'Encuesta: 30/6/2024','2024-06-30 23:19:00','2024-06-30 23:46:25',1,2,1),(59,'Encuesta: 30/6/2024','2024-06-30 23:46:25','2024-06-30 23:49:04',1,2,1),(60,'Encuesta: 30/6/2024','2024-06-30 23:49:04','2024-06-30 23:49:04',1,1,1);
/*!40000 ALTER TABLE `EncuestaMaestra` ENABLE KEYS */;
UNLOCK TABLES;

--
-- Table structure for table `EstadoCita`
--

DROP TABLE IF EXISTS `EstadoCita`;
/*!40101 SET @saved_cs_client     = @@character_set_client */;
/*!50503 SET character_set_client = utf8mb4 */;
CREATE TABLE `EstadoCita` (
  `id_estado_cita` int NOT NULL AUTO_INCREMENT,
  `nombre` varchar(255) DEFAULT NULL,
  `descripcion` varchar(255) DEFAULT NULL,
  `es_activo` tinyint(1) DEFAULT NULL,
  `fechaCreacion` datetime NOT NULL DEFAULT CURRENT_TIMESTAMP,
  `fechaActualizacion` datetime NOT NULL DEFAULT CURRENT_TIMESTAMP ON UPDATE CURRENT_TIMESTAMP,
  PRIMARY KEY (`id_estado_cita`)
) ENGINE=InnoDB AUTO_INCREMENT=4 DEFAULT CHARSET=utf8mb4 COLLATE=utf8mb4_0900_ai_ci;
/*!40101 SET character_set_client = @saved_cs_client */;

--
-- Dumping data for table `EstadoCita`
--

LOCK TABLES `EstadoCita` WRITE;
/*!40000 ALTER TABLE `EstadoCita` DISABLE KEYS */;
INSERT INTO `EstadoCita` VALUES (1,'Programado','La cita ha sido programada y está pendiente de realización',1,'2024-05-22 02:12:01','2024-05-22 02:12:02'),(2,'Completado','La cita se ha completado satisfactoriamente',1,'2024-05-22 02:12:01','2024-05-22 02:12:02'),(3,'Cancelado','La cita ha sido cancelada antes de su fecha de realización',1,'2024-05-22 02:12:01','2024-05-22 02:12:02');
/*!40000 ALTER TABLE `EstadoCita` ENABLE KEYS */;
UNLOCK TABLES;

--
-- Table structure for table `EstadoCompromisoCita`
--

DROP TABLE IF EXISTS `EstadoCompromisoCita`;
/*!40101 SET @saved_cs_client     = @@character_set_client */;
/*!50503 SET character_set_client = utf8mb4 */;
CREATE TABLE `EstadoCompromisoCita` (
  `id_estado_compromiso` int NOT NULL AUTO_INCREMENT,
  `nombre` varchar(255) NOT NULL,
  `descripcion` varchar(255) DEFAULT NULL,
  `es_activo` tinyint(1) NOT NULL DEFAULT '1',
  `fechaCreacion` datetime NOT NULL DEFAULT CURRENT_TIMESTAMP,
  `fechaActualizacion` datetime NOT NULL DEFAULT CURRENT_TIMESTAMP ON UPDATE CURRENT_TIMESTAMP,
  PRIMARY KEY (`id_estado_compromiso`)
) ENGINE=InnoDB AUTO_INCREMENT=4 DEFAULT CHARSET=utf8mb4 COLLATE=utf8mb4_0900_ai_ci;
/*!40101 SET character_set_client = @saved_cs_client */;

--
-- Dumping data for table `EstadoCompromisoCita`
--

LOCK TABLES `EstadoCompromisoCita` WRITE;
/*!40000 ALTER TABLE `EstadoCompromisoCita` DISABLE KEYS */;
INSERT INTO `EstadoCompromisoCita` VALUES (1,'Comprometido','Estado inicial donde el compromiso está formalizado pero aún no ha comenzado su ejecución. ',1,'2024-05-31 16:07:22','2024-05-31 16:07:22'),(2,'Ejecucion','El compromiso está activo y las actividades para cumplirlo están en curso.',1,'2024-05-31 16:09:03','2024-05-31 16:09:03'),(3,'Finalizado','Todas las actividades del compromiso se han completado y los objetivos alcanzados',1,'2024-05-31 16:09:24','2024-05-31 16:09:24');
/*!40000 ALTER TABLE `EstadoCompromisoCita` ENABLE KEYS */;
UNLOCK TABLES;

--
-- Table structure for table `EstadoEncuesta`
--

DROP TABLE IF EXISTS `EstadoEncuesta`;
/*!40101 SET @saved_cs_client     = @@character_set_client */;
/*!50503 SET character_set_client = utf8mb4 */;
CREATE TABLE `EstadoEncuesta` (
  `id_estado_encuesta` int NOT NULL AUTO_INCREMENT,
  `nombre` varchar(255) NOT NULL,
  `descripcion` varchar(255) DEFAULT NULL,
  `esActivo` tinyint(1) NOT NULL DEFAULT '1',
  `fechaCreacion` datetime DEFAULT NULL,
  `fechaActualizacion` datetime DEFAULT NULL,
  PRIMARY KEY (`id_estado_encuesta`)
) ENGINE=InnoDB AUTO_INCREMENT=3 DEFAULT CHARSET=utf8mb4 COLLATE=utf8mb4_0900_ai_ci;
/*!40101 SET character_set_client = @saved_cs_client */;

--
-- Dumping data for table `EstadoEncuesta`
--

LOCK TABLES `EstadoEncuesta` WRITE;
/*!40000 ALTER TABLE `EstadoEncuesta` DISABLE KEYS */;
INSERT INTO `EstadoEncuesta` VALUES (1,'Pendiente','Encuesta pendiente de respuesta',1,'2024-06-13 21:05:02','2024-06-13 21:05:02'),(2,'Respondido','Encuesta respondida',1,'2024-06-13 21:05:02','2024-06-13 21:05:02');
/*!40000 ALTER TABLE `EstadoEncuesta` ENABLE KEYS */;
UNLOCK TABLES;

--
-- Table structure for table `EstadoEncuestaMaestra`
--

DROP TABLE IF EXISTS `EstadoEncuestaMaestra`;
/*!40101 SET @saved_cs_client     = @@character_set_client */;
/*!50503 SET character_set_client = utf8mb4 */;
CREATE TABLE `EstadoEncuestaMaestra` (
  `id_estado_encuesta_maestra` int NOT NULL AUTO_INCREMENT,
  `nombre` varchar(255) NOT NULL,
  `descripcion` varchar(255) DEFAULT NULL,
  `esActivo` tinyint(1) NOT NULL DEFAULT '1',
  `fechaCreacion` datetime NOT NULL DEFAULT CURRENT_TIMESTAMP,
  `fechaActualizacion` datetime NOT NULL DEFAULT CURRENT_TIMESTAMP ON UPDATE CURRENT_TIMESTAMP,
  PRIMARY KEY (`id_estado_encuesta_maestra`)
) ENGINE=InnoDB AUTO_INCREMENT=3 DEFAULT CHARSET=utf8mb4 COLLATE=utf8mb4_0900_ai_ci;
/*!40101 SET character_set_client = @saved_cs_client */;

--
-- Dumping data for table `EstadoEncuestaMaestra`
--

LOCK TABLES `EstadoEncuestaMaestra` WRITE;
/*!40000 ALTER TABLE `EstadoEncuestaMaestra` DISABLE KEYS */;
INSERT INTO `EstadoEncuestaMaestra` VALUES (1,'Vigente','Encuesta vigente',1,'2024-06-20 01:07:46','2024-06-20 01:07:46'),(2,'Finalizado','Encuesta finalizada',1,'2024-06-20 01:07:46','2024-06-20 01:07:46');
/*!40000 ALTER TABLE `EstadoEncuestaMaestra` ENABLE KEYS */;
UNLOCK TABLES;

--
-- Table structure for table `EstadoSolicitudTutorFijo`
--

DROP TABLE IF EXISTS `EstadoSolicitudTutorFijo`;
/*!40101 SET @saved_cs_client     = @@character_set_client */;
/*!50503 SET character_set_client = utf8mb4 */;
CREATE TABLE `EstadoSolicitudTutorFijo` (
  `id_estadoSolicitud` int NOT NULL AUTO_INCREMENT,
  `nombre` varchar(255) NOT NULL,
  `descripcion` varchar(255) DEFAULT NULL,
  `esActivo` tinyint(1) NOT NULL DEFAULT '1',
  `fechaCreacion` datetime NOT NULL DEFAULT CURRENT_TIMESTAMP,
  `fechaActualizacion` datetime NOT NULL DEFAULT CURRENT_TIMESTAMP ON UPDATE CURRENT_TIMESTAMP,
  PRIMARY KEY (`id_estadoSolicitud`)
) ENGINE=InnoDB AUTO_INCREMENT=4 DEFAULT CHARSET=utf8mb4 COLLATE=utf8mb4_0900_ai_ci;
/*!40101 SET character_set_client = @saved_cs_client */;

--
-- Dumping data for table `EstadoSolicitudTutorFijo`
--

LOCK TABLES `EstadoSolicitudTutorFijo` WRITE;
/*!40000 ALTER TABLE `EstadoSolicitudTutorFijo` DISABLE KEYS */;
INSERT INTO `EstadoSolicitudTutorFijo` VALUES (1,'En Espera',NULL,1,'2024-05-22 19:06:45','2024-05-22 19:25:02'),(2,'Aceptado',NULL,1,'2024-05-22 19:08:56','2024-05-22 19:08:56'),(3,'Rechazado',NULL,1,'2024-05-22 19:08:58','2024-05-22 19:08:58');
/*!40000 ALTER TABLE `EstadoSolicitudTutorFijo` ENABLE KEYS */;
UNLOCK TABLES;

--
-- Table structure for table `Facultad`
--

DROP TABLE IF EXISTS `Facultad`;
/*!40101 SET @saved_cs_client     = @@character_set_client */;
/*!50503 SET character_set_client = utf8mb4 */;
CREATE TABLE `Facultad` (
  `id_facultad` int NOT NULL AUTO_INCREMENT,
  `nombre` varchar(100) DEFAULT NULL,
  `fid_usuario` int DEFAULT NULL,
  `esActivo` tinyint NOT NULL DEFAULT '1',
  `fechaCreacion` datetime DEFAULT CURRENT_TIMESTAMP,
  `fechaActualizacion` datetime DEFAULT CURRENT_TIMESTAMP ON UPDATE CURRENT_TIMESTAMP,
  `siglas` varchar(10) DEFAULT NULL,
  PRIMARY KEY (`id_facultad`),
  KEY `fid_usuario` (`fid_usuario`),
  CONSTRAINT `Facultad_ibfk_1` FOREIGN KEY (`fid_usuario`) REFERENCES `Usuario` (`id_usuario`)
) ENGINE=InnoDB AUTO_INCREMENT=44 DEFAULT CHARSET=utf8mb4 COLLATE=utf8mb4_0900_ai_ci;
/*!40101 SET character_set_client = @saved_cs_client */;

--
-- Dumping data for table `Facultad`
--

LOCK TABLES `Facultad` WRITE;
/*!40000 ALTER TABLE `Facultad` DISABLE KEYS */;
INSERT INTO `Facultad` VALUES (1,'Derecho',2,1,'2024-06-16 05:07:42','2024-06-27 03:42:32',NULL),(3,'Estudios Generales Ciencias',139,1,'2024-06-16 06:01:42','2024-06-25 01:04:22',NULL),(5,'Marketing',66,0,'2024-06-17 02:20:48','2024-06-27 03:35:38',NULL),(6,'Artes',144,1,'2024-06-21 20:58:41','2024-06-28 04:51:50',NULL),(7,'Estudios Generales Letras',157,1,'2024-06-22 04:59:22','2024-06-30 18:13:43',NULL),(8,'Gastronomia',122,1,'2024-06-23 02:16:58','2024-06-30 19:11:19',NULL),(11,'Ciencias Sociales',69,1,'2024-06-23 02:24:42','2024-06-30 14:57:52',NULL),(12,'Educacion',136,1,'2024-06-23 02:36:57','2024-06-23 08:19:01',NULL),(13,'Arquitectura',3,1,'2024-06-23 19:23:45','2024-06-28 20:28:45',NULL),(15,'Ciencias Políticas',153,1,'2024-06-28 15:33:54','2024-06-28 15:33:55',NULL),(17,'Psicología',74,0,'2024-06-28 15:38:24','2024-06-28 20:19:31',NULL),(19,'Economía',81,0,'2024-06-28 15:40:25','2024-06-28 15:41:09',NULL),(20,'Administración',165,1,'2024-06-28 16:01:45','2024-06-28 20:38:39',NULL),(21,'Humanidades',160,1,'2024-06-28 16:02:52','2024-06-28 16:02:52',NULL),(22,'Astronomía',80,1,'2024-06-30 05:25:47','2024-06-30 05:25:48',NULL),(23,'Comunicación',40,1,'2024-06-30 07:54:25','2024-06-30 07:54:26',NULL),(24,'Gasronomía',198,0,'2024-06-30 14:33:55','2024-06-30 14:34:11',NULL),(25,'Gastronomía experimental',199,1,'2024-06-30 14:41:19','2024-06-30 14:41:23',NULL),(26,'Economía Especializada',200,0,'2024-06-30 14:44:47','2024-06-30 14:46:18',NULL),(27,'Educación Naval',201,1,'2024-06-30 14:48:15','2024-06-30 14:48:20',NULL),(28,'Turismo y Hotelería',74,0,'2024-06-30 18:20:02','2024-06-30 19:14:15',NULL),(29,'Filosofía',206,0,'2024-06-30 18:55:09','2024-06-30 19:06:24',NULL),(35,'AAAAAAAA',210,0,'2024-07-01 22:27:56','2024-07-01 22:31:06',NULL),(38,'BB',210,1,'2024-07-01 22:37:05','2024-07-01 22:37:05',NULL),(39,'Manufactura',73,1,'2024-07-02 01:49:33','2024-07-02 01:49:33',NULL),(41,'cocina nuclear',221,1,'2024-07-02 02:42:30','2024-07-02 02:42:30',NULL),(42,'Facutlad Prueba',71,1,'2024-07-02 02:49:12','2024-07-02 02:49:12',NULL),(43,'Facultad Testeo',70,1,'2024-07-02 02:50:39','2024-07-02 02:50:39',NULL);
/*!40000 ALTER TABLE `Facultad` ENABLE KEYS */;
UNLOCK TABLES;

--
-- Table structure for table `HistorialCitas`
--

DROP TABLE IF EXISTS `HistorialCitas`;
/*!40101 SET @saved_cs_client     = @@character_set_client */;
/*!50503 SET character_set_client = utf8mb4 */;
CREATE TABLE `HistorialCitas` (
  `id` int NOT NULL AUTO_INCREMENT,
  `citaId` int NOT NULL,
  `fechaHoraInicio` datetime DEFAULT NULL,
  `fechaHoraFin` datetime DEFAULT NULL,
  `tipoModalidad` varchar(255) DEFAULT NULL,
  `lugar` varchar(255) DEFAULT NULL,
  `estado` varchar(255) DEFAULT NULL,
  `usuarioModifico` int NOT NULL,
  `fechaModificacion` datetime NOT NULL DEFAULT CURRENT_TIMESTAMP,
  PRIMARY KEY (`id`),
  KEY `citaId` (`citaId`),
  KEY `usuarioModifico` (`usuarioModifico`),
  CONSTRAINT `HistorialCitas_ibfk_1` FOREIGN KEY (`citaId`) REFERENCES `SesionCita` (`id_cita`),
  CONSTRAINT `HistorialCitas_ibfk_2` FOREIGN KEY (`usuarioModifico`) REFERENCES `Usuario` (`id_usuario`)
) ENGINE=InnoDB DEFAULT CHARSET=utf8mb4 COLLATE=utf8mb4_0900_ai_ci;
/*!40101 SET character_set_client = @saved_cs_client */;

--
-- Dumping data for table `HistorialCitas`
--

LOCK TABLES `HistorialCitas` WRITE;
/*!40000 ALTER TABLE `HistorialCitas` DISABLE KEYS */;
/*!40000 ALTER TABLE `HistorialCitas` ENABLE KEYS */;
UNLOCK TABLES;

--
-- Table structure for table `HistoricoEstudiante`
--

DROP TABLE IF EXISTS `HistoricoEstudiante`;
/*!40101 SET @saved_cs_client     = @@character_set_client */;
/*!50503 SET character_set_client = utf8mb4 */;
CREATE TABLE `HistoricoEstudiante` (
  `id_registro` int NOT NULL AUTO_INCREMENT,
  `fid_alumno` int NOT NULL,
  `nota` longblob,
  `fechaCreacion` datetime NOT NULL DEFAULT CURRENT_TIMESTAMP,
  `fechaActualizacion` datetime NOT NULL DEFAULT CURRENT_TIMESTAMP ON UPDATE CURRENT_TIMESTAMP,
  `creadoPor` int DEFAULT NULL,
  `actualizadoPor` int DEFAULT NULL,
  `esActivo` tinyint(1) NOT NULL DEFAULT '1',
  PRIMARY KEY (`id_registro`),
  KEY `fid_alumno` (`fid_alumno`),
  CONSTRAINT `HistoricoEstudiante_ibfk_1` FOREIGN KEY (`fid_alumno`) REFERENCES `Usuario` (`id_usuario`)
) ENGINE=InnoDB AUTO_INCREMENT=14 DEFAULT CHARSET=utf8mb4 COLLATE=utf8mb4_0900_ai_ci;
/*!40101 SET character_set_client = @saved_cs_client */;

--
-- Dumping data for table `HistoricoEstudiante`
--

LOCK TABLES `HistoricoEstudiante` WRITE;
/*!40000 ALTER TABLE `HistoricoEstudiante` DISABLE KEYS */;
INSERT INTO `HistoricoEstudiante` VALUES (5,117,_binary '%PDF-1.4\r\n% ReportLab Generated PDF document http://www.reportlab.com\r\n1 0 obj\r\n<<\r\n/F1 2 0 R /F2 3 0 R\r\n>>\r\nendobj\r\n2 0 obj\r\n<<\r\n/BaseFont /Helvetica /Encoding /WinAnsiEncoding /Name /F1 /Subtype /Type1 /Type /Font\r\n>>\r\nendobj\r\n3 0 obj\r\n<<\r\n/BaseFont /Helvetica-Bold /Encoding /WinAnsiEncoding /Name /F2 /Subtype /Type1 /Type /Font\r\n>>\r\nendobj\r\n4 0 obj\r\n<<\r\n/Contents 8 0 R /MediaBox [ 0 0 612 792 ] /Parent 7 0 R /Resources <<\r\n/Font 1 0 R /ProcSet [ /PDF /Text /ImageB /ImageC /ImageI ]\r\n>> /Rotate 0 /Trans <<\r\n\r\n>> \r\n  /Type /Page\r\n>>\r\nendobj\r\n5 0 obj\r\n<<\r\n/PageMode /UseNone /Pages 7 0 R /Type /Catalog\r\n>>\r\nendobj\r\n6 0 obj\r\n<<\r\n/Author (\\(anonymous\\)) /CreationDate (D:20240611000907+05\'00\') /Creator (\\(unspecified\\)) /Keywords () /ModDate (D:20240611000907+05\'00\') /Producer (ReportLab PDF Library - www.reportlab.com) \r\n  /Subject (\\(unspecified\\)) /Title (\\(anonymous\\)) /Trapped /False\r\n>>\r\nendobj\r\n7 0 obj\r\n<<\r\n/Count 1 /Kids [ 4 0 R ] /Type /Pages\r\n>>\r\nendobj\r\n8 0 obj\r\n<<\r\n/Filter [ /ASCII85Decode /FlateDecode ] /Length 590\r\n>>\r\nstream\r\nGasJPgMYb\"%#46B\'YNc>6mHDKLWagB1CW#gCjlC<FUK\"*NB&WbqP.TsOJ2AU,a*Y*jA/WM#Z)S\"hkp\\:Y(69@\"N4,!!bnL)p^3XNh<u@1dQ0(R\"VqQBeiiCGN2B8]dmt5YEZkg3a?eN/m;c>^*oQ1%IHfLh5.0lV_=tAk0CPQYL>j!B=.hMpjdFqm]L!.>nO!I08+MDmhbe-7#m\"RfCo/2iSh5%!4PoLj2e\\b:Blo*3cGpc_;i\"+K6IIi04mj%pa#Na-d?#nXf#rAUbK\\)Zma@,b]`ndGBfhHN/M!J`L\"W!%5+S#hQ_tH,F1!h,f#AE]b._W5^-7g$=\'fE>X3`<V0o4TlPo1n2P:/o?4fsf8+m+m`8D_t7)%P1ieWo=B$;q#gRh[2`Wri\";K;Q^1?gHj(>>H[#:#eW1@t\'ok-uPT^8:EN_<PQ+^l\\%$2>#3YZ2/D<dF?P52WbncMX1,bIQLo@47q]EuG.>1ljR\\mjQp2)Onn5P*c$8![b8GcK\"e9/:&oiIs^mceN6MGO6bHibk;9nhcbC#O11WqNqAbfi*4^F5a$+Dk\'%^STt)2A./JqiO\"G)QsurW7T(/^s~>endstream\r\nendobj\r\nxref\r\n0 9\r\n0000000000 65535 f \r\n0000000073 00000 n \r\n0000000114 00000 n \r\n0000000221 00000 n \r\n0000000333 00000 n \r\n0000000526 00000 n \r\n0000000594 00000 n \r\n0000000877 00000 n \r\n0000000936 00000 n \r\ntrailer\r\n<<\r\n/ID \r\n[<898abb22c768b2f9734084f5f909eaf2><898abb22c768b2f9734084f5f909eaf2>]\r\n% ReportLab generated PDF document -- digest (http://www.reportlab.com)\r\n\r\n/Info 6 0 R\r\n/Root 5 0 R\r\n/Size 9\r\n>>\r\nstartxref\r\n1616\r\n%%EOF\r\n','2024-06-26 06:49:39','2024-06-27 04:18:25',2,2,1),(6,64,_binary '%PDF-1.4\r\n% ReportLab Generated PDF document http://www.reportlab.com\r\n1 0 obj\r\n<<\r\n/F1 2 0 R /F2 3 0 R\r\n>>\r\nendobj\r\n2 0 obj\r\n<<\r\n/BaseFont /Helvetica /Encoding /WinAnsiEncoding /Name /F1 /Subtype /Type1 /Type /Font\r\n>>\r\nendobj\r\n3 0 obj\r\n<<\r\n/BaseFont /Helvetica-Bold /Encoding /WinAnsiEncoding /Name /F2 /Subtype /Type1 /Type /Font\r\n>>\r\nendobj\r\n4 0 obj\r\n<<\r\n/Contents 8 0 R /MediaBox [ 0 0 612 792 ] /Parent 7 0 R /Resources <<\r\n/Font 1 0 R /ProcSet [ /PDF /Text /ImageB /ImageC /ImageI ]\r\n>> /Rotate 0 /Trans <<\r\n\r\n>> \r\n  /Type /Page\r\n>>\r\nendobj\r\n5 0 obj\r\n<<\r\n/PageMode /UseNone /Pages 7 0 R /Type /Catalog\r\n>>\r\nendobj\r\n6 0 obj\r\n<<\r\n/Author (\\(anonymous\\)) /CreationDate (D:20240611000907+05\'00\') /Creator (\\(unspecified\\)) /Keywords () /ModDate (D:20240611000907+05\'00\') /Producer (ReportLab PDF Library - www.reportlab.com) \r\n  /Subject (\\(unspecified\\)) /Title (\\(anonymous\\)) /Trapped /False\r\n>>\r\nendobj\r\n7 0 obj\r\n<<\r\n/Count 1 /Kids [ 4 0 R ] /Type /Pages\r\n>>\r\nendobj\r\n8 0 obj\r\n<<\r\n/Filter [ /ASCII85Decode /FlateDecode ] /Length 590\r\n>>\r\nstream\r\nGasJPgMYb\"%#46B\'YNc>6mHDKLWagB1CW#gCjlC<FUK\"*NB&WbqP.TsOJ2AU,a*Y*jA/WM#Z)S\"hkp\\:Y(69@\"N4,!!bnL)p^3XNh<u@1dQ0(R\"VqQBeiiCGN2B8]dmt5YEZkg3a?eN/m;c>^*oQ1%IHfLh5.0lV_=tAk0CPQYL>j!B=.hMpjdFqm]L!.>nO!I08+MDmhbe-7#m\"RfCo/2iSh5%!4PoLj2e\\b:Blo*3cGpc_;i\"+K6IIi04mj%pa#Na-d?#nXf#rAUbK\\)Zma@,b]`ndGBfhHN/M!J`L\"W!%5+S#hQ_tH,F1!h,f#AE]b._W5^-7g$=\'fE>X3`<V0o4TlPo1n2P:/o?4fsf8+m+m`8D_t7)%P1ieWo=B$;q#gRh[2`Wri\";K;Q^1?gHj(>>H[#:#eW1@t\'ok-uPT^8:EN_<PQ+^l\\%$2>#3YZ2/D<dF?P52WbncMX1,bIQLo@47q]EuG.>1ljR\\mjQp2)Onn5P*c$8![b8GcK\"e9/:&oiIs^mceN6MGO6bHibk;9nhcbC#O11WqNqAbfi*4^F5a$+Dk\'%^STt)2A./JqiO\"G)QsurW7T(/^s~>endstream\r\nendobj\r\nxref\r\n0 9\r\n0000000000 65535 f \r\n0000000073 00000 n \r\n0000000114 00000 n \r\n0000000221 00000 n \r\n0000000333 00000 n \r\n0000000526 00000 n \r\n0000000594 00000 n \r\n0000000877 00000 n \r\n0000000936 00000 n \r\ntrailer\r\n<<\r\n/ID \r\n[<898abb22c768b2f9734084f5f909eaf2><898abb22c768b2f9734084f5f909eaf2>]\r\n% ReportLab generated PDF document -- digest (http://www.reportlab.com)\r\n\r\n/Info 6 0 R\r\n/Root 5 0 R\r\n/Size 9\r\n>>\r\nstartxref\r\n1616\r\n%%EOF\r\n','2024-06-26 06:49:39','2024-06-30 08:11:04',2,2,1),(7,39,_binary '%PDF-1.4\r\n% ReportLab Generated PDF document http://www.reportlab.com\r\n1 0 obj\r\n<<\r\n/F1 2 0 R /F2 3 0 R\r\n>>\r\nendobj\r\n2 0 obj\r\n<<\r\n/BaseFont /Helvetica /Encoding /WinAnsiEncoding /Name /F1 /Subtype /Type1 /Type /Font\r\n>>\r\nendobj\r\n3 0 obj\r\n<<\r\n/BaseFont /Helvetica-Bold /Encoding /WinAnsiEncoding /Name /F2 /Subtype /Type1 /Type /Font\r\n>>\r\nendobj\r\n4 0 obj\r\n<<\r\n/Contents 8 0 R /MediaBox [ 0 0 612 792 ] /Parent 7 0 R /Resources <<\r\n/Font 1 0 R /ProcSet [ /PDF /Text /ImageB /ImageC /ImageI ]\r\n>> /Rotate 0 /Trans <<\r\n\r\n>> \r\n  /Type /Page\r\n>>\r\nendobj\r\n5 0 obj\r\n<<\r\n/PageMode /UseNone /Pages 7 0 R /Type /Catalog\r\n>>\r\nendobj\r\n6 0 obj\r\n<<\r\n/Author (\\(anonymous\\)) /CreationDate (D:20240611000907+05\'00\') /Creator (\\(unspecified\\)) /Keywords () /ModDate (D:20240611000907+05\'00\') /Producer (ReportLab PDF Library - www.reportlab.com) \r\n  /Subject (\\(unspecified\\)) /Title (\\(anonymous\\)) /Trapped /False\r\n>>\r\nendobj\r\n7 0 obj\r\n<<\r\n/Count 1 /Kids [ 4 0 R ] /Type /Pages\r\n>>\r\nendobj\r\n8 0 obj\r\n<<\r\n/Filter [ /ASCII85Decode /FlateDecode ] /Length 590\r\n>>\r\nstream\r\nGasJPgMYb\"%#46B\'YNc>6mHDKLWagB1CW#gCjlC<FUK\"*NB&WbqP.TsOJ2AU,a*Y*jA/WM#Z)S\"hkp\\:Y(69@\"N4,!!bnL)p^3XNh<u@1dQ0(R\"VqQBeiiCGN2B8]dmt5YEZkg3a?eN/m;c>^*oQ1%IHfLh5.0lV_=tAk0CPQYL>j!B=.hMpjdFqm]L!.>nO!I08+MDmhbe-7#m\"RfCo/2iSh5%!4PoLj2e\\b:Blo*3cGpc_;i\"+K6IIi04mj%pa#Na-d?#nXf#rAUbK\\)Zma@,b]`ndGBfhHN/M!J`L\"W!%5+S#hQ_tH,F1!h,f#AE]b._W5^-7g$=\'fE>X3`<V0o4TlPo1n2P:/o?4fsf8+m+m`8D_t7)%P1ieWo=B$;q#gRh[2`Wri\";K;Q^1?gHj(>>H[#:#eW1@t\'ok-uPT^8:EN_<PQ+^l\\%$2>#3YZ2/D<dF?P52WbncMX1,bIQLo@47q]EuG.>1ljR\\mjQp2)Onn5P*c$8![b8GcK\"e9/:&oiIs^mceN6MGO6bHibk;9nhcbC#O11WqNqAbfi*4^F5a$+Dk\'%^STt)2A./JqiO\"G)QsurW7T(/^s~>endstream\r\nendobj\r\nxref\r\n0 9\r\n0000000000 65535 f \r\n0000000073 00000 n \r\n0000000114 00000 n \r\n0000000221 00000 n \r\n0000000333 00000 n \r\n0000000526 00000 n \r\n0000000594 00000 n \r\n0000000877 00000 n \r\n0000000936 00000 n \r\ntrailer\r\n<<\r\n/ID \r\n[<898abb22c768b2f9734084f5f909eaf2><898abb22c768b2f9734084f5f909eaf2>]\r\n% ReportLab generated PDF document -- digest (http://www.reportlab.com)\r\n\r\n/Info 6 0 R\r\n/Root 5 0 R\r\n/Size 9\r\n>>\r\nstartxref\r\n1616\r\n%%EOF\r\n','2024-06-27 04:18:25','2024-06-30 08:11:03',2,2,1),(8,68,_binary '%PDF-1.4\r\n% ReportLab Generated PDF document http://www.reportlab.com\r\n1 0 obj\r\n<<\r\n/F1 2 0 R /F2 3 0 R\r\n>>\r\nendobj\r\n2 0 obj\r\n<<\r\n/BaseFont /Helvetica /Encoding /WinAnsiEncoding /Name /F1 /Subtype /Type1 /Type /Font\r\n>>\r\nendobj\r\n3 0 obj\r\n<<\r\n/BaseFont /Helvetica-Bold /Encoding /WinAnsiEncoding /Name /F2 /Subtype /Type1 /Type /Font\r\n>>\r\nendobj\r\n4 0 obj\r\n<<\r\n/Contents 8 0 R /MediaBox [ 0 0 612 792 ] /Parent 7 0 R /Resources <<\r\n/Font 1 0 R /ProcSet [ /PDF /Text /ImageB /ImageC /ImageI ]\r\n>> /Rotate 0 /Trans <<\r\n\r\n>> \r\n  /Type /Page\r\n>>\r\nendobj\r\n5 0 obj\r\n<<\r\n/PageMode /UseNone /Pages 7 0 R /Type /Catalog\r\n>>\r\nendobj\r\n6 0 obj\r\n<<\r\n/Author (\\(anonymous\\)) /CreationDate (D:20240611000907+05\'00\') /Creator (\\(unspecified\\)) /Keywords () /ModDate (D:20240611000907+05\'00\') /Producer (ReportLab PDF Library - www.reportlab.com) \r\n  /Subject (\\(unspecified\\)) /Title (\\(anonymous\\)) /Trapped /False\r\n>>\r\nendobj\r\n7 0 obj\r\n<<\r\n/Count 1 /Kids [ 4 0 R ] /Type /Pages\r\n>>\r\nendobj\r\n8 0 obj\r\n<<\r\n/Filter [ /ASCII85Decode /FlateDecode ] /Length 590\r\n>>\r\nstream\r\nGasJPgMYb\"%#46B\'YNc>6mHDKLWagB1CW#gCjlC<FUK\"*NB&WbqP.TsOJ2AU,a*Y*jA/WM#Z)S\"hkp\\:Y(69@\"N4,!!bnL)p^3XNh<u@1dQ0(R\"VqQBeiiCGN2B8]dmt5YEZkg3a?eN/m;c>^*oQ1%IHfLh5.0lV_=tAk0CPQYL>j!B=.hMpjdFqm]L!.>nO!I08+MDmhbe-7#m\"RfCo/2iSh5%!4PoLj2e\\b:Blo*3cGpc_;i\"+K6IIi04mj%pa#Na-d?#nXf#rAUbK\\)Zma@,b]`ndGBfhHN/M!J`L\"W!%5+S#hQ_tH,F1!h,f#AE]b._W5^-7g$=\'fE>X3`<V0o4TlPo1n2P:/o?4fsf8+m+m`8D_t7)%P1ieWo=B$;q#gRh[2`Wri\";K;Q^1?gHj(>>H[#:#eW1@t\'ok-uPT^8:EN_<PQ+^l\\%$2>#3YZ2/D<dF?P52WbncMX1,bIQLo@47q]EuG.>1ljR\\mjQp2)Onn5P*c$8![b8GcK\"e9/:&oiIs^mceN6MGO6bHibk;9nhcbC#O11WqNqAbfi*4^F5a$+Dk\'%^STt)2A./JqiO\"G)QsurW7T(/^s~>endstream\r\nendobj\r\nxref\r\n0 9\r\n0000000000 65535 f \r\n0000000073 00000 n \r\n0000000114 00000 n \r\n0000000221 00000 n \r\n0000000333 00000 n \r\n0000000526 00000 n \r\n0000000594 00000 n \r\n0000000877 00000 n \r\n0000000936 00000 n \r\ntrailer\r\n<<\r\n/ID \r\n[<898abb22c768b2f9734084f5f909eaf2><898abb22c768b2f9734084f5f909eaf2>]\r\n% ReportLab generated PDF document -- digest (http://www.reportlab.com)\r\n\r\n/Info 6 0 R\r\n/Root 5 0 R\r\n/Size 9\r\n>>\r\nstartxref\r\n1616\r\n%%EOF\r\n','2024-06-27 04:18:25','2024-06-30 08:11:04',2,2,1),(9,4,_binary '%PDF-1.4\r\n% ReportLab Generated PDF document http://www.reportlab.com\r\n1 0 obj\r\n<<\r\n/F1 2 0 R /F2 3 0 R\r\n>>\r\nendobj\r\n2 0 obj\r\n<<\r\n/BaseFont /Helvetica /Encoding /WinAnsiEncoding /Name /F1 /Subtype /Type1 /Type /Font\r\n>>\r\nendobj\r\n3 0 obj\r\n<<\r\n/BaseFont /Helvetica-Bold /Encoding /WinAnsiEncoding /Name /F2 /Subtype /Type1 /Type /Font\r\n>>\r\nendobj\r\n4 0 obj\r\n<<\r\n/Contents 8 0 R /MediaBox [ 0 0 612 792 ] /Parent 7 0 R /Resources <<\r\n/Font 1 0 R /ProcSet [ /PDF /Text /ImageB /ImageC /ImageI ]\r\n>> /Rotate 0 /Trans <<\r\n\r\n>> \r\n  /Type /Page\r\n>>\r\nendobj\r\n5 0 obj\r\n<<\r\n/PageMode /UseNone /Pages 7 0 R /Type /Catalog\r\n>>\r\nendobj\r\n6 0 obj\r\n<<\r\n/Author (\\(anonymous\\)) /CreationDate (D:20240611000907+05\'00\') /Creator (\\(unspecified\\)) /Keywords () /ModDate (D:20240611000907+05\'00\') /Producer (ReportLab PDF Library - www.reportlab.com) \r\n  /Subject (\\(unspecified\\)) /Title (\\(anonymous\\)) /Trapped /False\r\n>>\r\nendobj\r\n7 0 obj\r\n<<\r\n/Count 1 /Kids [ 4 0 R ] /Type /Pages\r\n>>\r\nendobj\r\n8 0 obj\r\n<<\r\n/Filter [ /ASCII85Decode /FlateDecode ] /Length 590\r\n>>\r\nstream\r\nGasJPgMYb\"%#46B\'YNc>6mHDKLWagB1CW#gCjlC<FUK\"*NB&WbqP.TsOJ2AU,a*Y*jA/WM#Z)S\"hkp\\:Y(69@\"N4,!!bnL)p^3XNh<u@1dQ0(R\"VqQBeiiCGN2B8]dmt5YEZkg3a?eN/m;c>^*oQ1%IHfLh5.0lV_=tAk0CPQYL>j!B=.hMpjdFqm]L!.>nO!I08+MDmhbe-7#m\"RfCo/2iSh5%!4PoLj2e\\b:Blo*3cGpc_;i\"+K6IIi04mj%pa#Na-d?#nXf#rAUbK\\)Zma@,b]`ndGBfhHN/M!J`L\"W!%5+S#hQ_tH,F1!h,f#AE]b._W5^-7g$=\'fE>X3`<V0o4TlPo1n2P:/o?4fsf8+m+m`8D_t7)%P1ieWo=B$;q#gRh[2`Wri\";K;Q^1?gHj(>>H[#:#eW1@t\'ok-uPT^8:EN_<PQ+^l\\%$2>#3YZ2/D<dF?P52WbncMX1,bIQLo@47q]EuG.>1ljR\\mjQp2)Onn5P*c$8![b8GcK\"e9/:&oiIs^mceN6MGO6bHibk;9nhcbC#O11WqNqAbfi*4^F5a$+Dk\'%^STt)2A./JqiO\"G)QsurW7T(/^s~>endstream\r\nendobj\r\nxref\r\n0 9\r\n0000000000 65535 f \r\n0000000073 00000 n \r\n0000000114 00000 n \r\n0000000221 00000 n \r\n0000000333 00000 n \r\n0000000526 00000 n \r\n0000000594 00000 n \r\n0000000877 00000 n \r\n0000000936 00000 n \r\ntrailer\r\n<<\r\n/ID \r\n[<898abb22c768b2f9734084f5f909eaf2><898abb22c768b2f9734084f5f909eaf2>]\r\n% ReportLab generated PDF document -- digest (http://www.reportlab.com)\r\n\r\n/Info 6 0 R\r\n/Root 5 0 R\r\n/Size 9\r\n>>\r\nstartxref\r\n1616\r\n%%EOF\r\n','2024-06-29 02:01:02','2024-06-30 08:11:04',2,2,1),(10,194,_binary '%PDF-1.4\r\n% ReportLab Generated PDF document http://www.reportlab.com\r\n1 0 obj\r\n<<\r\n/F1 2 0 R /F2 3 0 R\r\n>>\r\nendobj\r\n2 0 obj\r\n<<\r\n/BaseFont /Helvetica /Encoding /WinAnsiEncoding /Name /F1 /Subtype /Type1 /Type /Font\r\n>>\r\nendobj\r\n3 0 obj\r\n<<\r\n/BaseFont /Helvetica-Bold /Encoding /WinAnsiEncoding /Name /F2 /Subtype /Type1 /Type /Font\r\n>>\r\nendobj\r\n4 0 obj\r\n<<\r\n/Contents 8 0 R /MediaBox [ 0 0 612 792 ] /Parent 7 0 R /Resources <<\r\n/Font 1 0 R /ProcSet [ /PDF /Text /ImageB /ImageC /ImageI ]\r\n>> /Rotate 0 /Trans <<\r\n\r\n>> \r\n  /Type /Page\r\n>>\r\nendobj\r\n5 0 obj\r\n<<\r\n/PageMode /UseNone /Pages 7 0 R /Type /Catalog\r\n>>\r\nendobj\r\n6 0 obj\r\n<<\r\n/Author (\\(anonymous\\)) /CreationDate (D:20240611000907+05\'00\') /Creator (\\(unspecified\\)) /Keywords () /ModDate (D:20240611000907+05\'00\') /Producer (ReportLab PDF Library - www.reportlab.com) \r\n  /Subject (\\(unspecified\\)) /Title (\\(anonymous\\)) /Trapped /False\r\n>>\r\nendobj\r\n7 0 obj\r\n<<\r\n/Count 1 /Kids [ 4 0 R ] /Type /Pages\r\n>>\r\nendobj\r\n8 0 obj\r\n<<\r\n/Filter [ /ASCII85Decode /FlateDecode ] /Length 590\r\n>>\r\nstream\r\nGasJPgMYb\"%#46B\'YNc>6mHDKLWagB1CW#gCjlC<FUK\"*NB&WbqP.TsOJ2AU,a*Y*jA/WM#Z)S\"hkp\\:Y(69@\"N4,!!bnL)p^3XNh<u@1dQ0(R\"VqQBeiiCGN2B8]dmt5YEZkg3a?eN/m;c>^*oQ1%IHfLh5.0lV_=tAk0CPQYL>j!B=.hMpjdFqm]L!.>nO!I08+MDmhbe-7#m\"RfCo/2iSh5%!4PoLj2e\\b:Blo*3cGpc_;i\"+K6IIi04mj%pa#Na-d?#nXf#rAUbK\\)Zma@,b]`ndGBfhHN/M!J`L\"W!%5+S#hQ_tH,F1!h,f#AE]b._W5^-7g$=\'fE>X3`<V0o4TlPo1n2P:/o?4fsf8+m+m`8D_t7)%P1ieWo=B$;q#gRh[2`Wri\";K;Q^1?gHj(>>H[#:#eW1@t\'ok-uPT^8:EN_<PQ+^l\\%$2>#3YZ2/D<dF?P52WbncMX1,bIQLo@47q]EuG.>1ljR\\mjQp2)Onn5P*c$8![b8GcK\"e9/:&oiIs^mceN6MGO6bHibk;9nhcbC#O11WqNqAbfi*4^F5a$+Dk\'%^STt)2A./JqiO\"G)QsurW7T(/^s~>endstream\r\nendobj\r\nxref\r\n0 9\r\n0000000000 65535 f \r\n0000000073 00000 n \r\n0000000114 00000 n \r\n0000000221 00000 n \r\n0000000333 00000 n \r\n0000000526 00000 n \r\n0000000594 00000 n \r\n0000000877 00000 n \r\n0000000936 00000 n \r\ntrailer\r\n<<\r\n/ID \r\n[<898abb22c768b2f9734084f5f909eaf2><898abb22c768b2f9734084f5f909eaf2>]\r\n% ReportLab generated PDF document -- digest (http://www.reportlab.com)\r\n\r\n/Info 6 0 R\r\n/Root 5 0 R\r\n/Size 9\r\n>>\r\nstartxref\r\n1616\r\n%%EOF\r\n','2024-06-30 06:55:57','2024-06-30 06:56:40',2,2,1),(11,191,_binary '%PDF-1.4\r\n% ReportLab Generated PDF document http://www.reportlab.com\r\n1 0 obj\r\n<<\r\n/F1 2 0 R /F2 3 0 R\r\n>>\r\nendobj\r\n2 0 obj\r\n<<\r\n/BaseFont /Helvetica /Encoding /WinAnsiEncoding /Name /F1 /Subtype /Type1 /Type /Font\r\n>>\r\nendobj\r\n3 0 obj\r\n<<\r\n/BaseFont /Helvetica-Bold /Encoding /WinAnsiEncoding /Name /F2 /Subtype /Type1 /Type /Font\r\n>>\r\nendobj\r\n4 0 obj\r\n<<\r\n/Contents 8 0 R /MediaBox [ 0 0 612 792 ] /Parent 7 0 R /Resources <<\r\n/Font 1 0 R /ProcSet [ /PDF /Text /ImageB /ImageC /ImageI ]\r\n>> /Rotate 0 /Trans <<\r\n\r\n>> \r\n  /Type /Page\r\n>>\r\nendobj\r\n5 0 obj\r\n<<\r\n/PageMode /UseNone /Pages 7 0 R /Type /Catalog\r\n>>\r\nendobj\r\n6 0 obj\r\n<<\r\n/Author (\\(anonymous\\)) /CreationDate (D:20240611000907+05\'00\') /Creator (\\(unspecified\\)) /Keywords () /ModDate (D:20240611000907+05\'00\') /Producer (ReportLab PDF Library - www.reportlab.com) \r\n  /Subject (\\(unspecified\\)) /Title (\\(anonymous\\)) /Trapped /False\r\n>>\r\nendobj\r\n7 0 obj\r\n<<\r\n/Count 1 /Kids [ 4 0 R ] /Type /Pages\r\n>>\r\nendobj\r\n8 0 obj\r\n<<\r\n/Filter [ /ASCII85Decode /FlateDecode ] /Length 590\r\n>>\r\nstream\r\nGasJPgMYb\"%#46B\'YNc>6mHDKLWagB1CW#gCjlC<FUK\"*NB&WbqP.TsOJ2AU,a*Y*jA/WM#Z)S\"hkp\\:Y(69@\"N4,!!bnL)p^3XNh<u@1dQ0(R\"VqQBeiiCGN2B8]dmt5YEZkg3a?eN/m;c>^*oQ1%IHfLh5.0lV_=tAk0CPQYL>j!B=.hMpjdFqm]L!.>nO!I08+MDmhbe-7#m\"RfCo/2iSh5%!4PoLj2e\\b:Blo*3cGpc_;i\"+K6IIi04mj%pa#Na-d?#nXf#rAUbK\\)Zma@,b]`ndGBfhHN/M!J`L\"W!%5+S#hQ_tH,F1!h,f#AE]b._W5^-7g$=\'fE>X3`<V0o4TlPo1n2P:/o?4fsf8+m+m`8D_t7)%P1ieWo=B$;q#gRh[2`Wri\";K;Q^1?gHj(>>H[#:#eW1@t\'ok-uPT^8:EN_<PQ+^l\\%$2>#3YZ2/D<dF?P52WbncMX1,bIQLo@47q]EuG.>1ljR\\mjQp2)Onn5P*c$8![b8GcK\"e9/:&oiIs^mceN6MGO6bHibk;9nhcbC#O11WqNqAbfi*4^F5a$+Dk\'%^STt)2A./JqiO\"G)QsurW7T(/^s~>endstream\r\nendobj\r\nxref\r\n0 9\r\n0000000000 65535 f \r\n0000000073 00000 n \r\n0000000114 00000 n \r\n0000000221 00000 n \r\n0000000333 00000 n \r\n0000000526 00000 n \r\n0000000594 00000 n \r\n0000000877 00000 n \r\n0000000936 00000 n \r\ntrailer\r\n<<\r\n/ID \r\n[<898abb22c768b2f9734084f5f909eaf2><898abb22c768b2f9734084f5f909eaf2>]\r\n% ReportLab generated PDF document -- digest (http://www.reportlab.com)\r\n\r\n/Info 6 0 R\r\n/Root 5 0 R\r\n/Size 9\r\n>>\r\nstartxref\r\n1616\r\n%%EOF\r\n','2024-06-30 06:55:57','2024-06-30 06:56:40',2,2,1),(12,148,_binary '%PDF-1.4\r\n% ReportLab Generated PDF document http://www.reportlab.com\r\n1 0 obj\r\n<<\r\n/F1 2 0 R /F2 3 0 R\r\n>>\r\nendobj\r\n2 0 obj\r\n<<\r\n/BaseFont /Helvetica /Encoding /WinAnsiEncoding /Name /F1 /Subtype /Type1 /Type /Font\r\n>>\r\nendobj\r\n3 0 obj\r\n<<\r\n/BaseFont /Helvetica-Bold /Encoding /WinAnsiEncoding /Name /F2 /Subtype /Type1 /Type /Font\r\n>>\r\nendobj\r\n4 0 obj\r\n<<\r\n/Contents 8 0 R /MediaBox [ 0 0 612 792 ] /Parent 7 0 R /Resources <<\r\n/Font 1 0 R /ProcSet [ /PDF /Text /ImageB /ImageC /ImageI ]\r\n>> /Rotate 0 /Trans <<\r\n\r\n>> \r\n  /Type /Page\r\n>>\r\nendobj\r\n5 0 obj\r\n<<\r\n/PageMode /UseNone /Pages 7 0 R /Type /Catalog\r\n>>\r\nendobj\r\n6 0 obj\r\n<<\r\n/Author (\\(anonymous\\)) /CreationDate (D:20240611000907+05\'00\') /Creator (\\(unspecified\\)) /Keywords () /ModDate (D:20240611000907+05\'00\') /Producer (ReportLab PDF Library - www.reportlab.com) \r\n  /Subject (\\(unspecified\\)) /Title (\\(anonymous\\)) /Trapped /False\r\n>>\r\nendobj\r\n7 0 obj\r\n<<\r\n/Count 1 /Kids [ 4 0 R ] /Type /Pages\r\n>>\r\nendobj\r\n8 0 obj\r\n<<\r\n/Filter [ /ASCII85Decode /FlateDecode ] /Length 590\r\n>>\r\nstream\r\nGasJPgMYb\"%#46B\'YNc>6mHDKLWagB1CW#gCjlC<FUK\"*NB&WbqP.TsOJ2AU,a*Y*jA/WM#Z)S\"hkp\\:Y(69@\"N4,!!bnL)p^3XNh<u@1dQ0(R\"VqQBeiiCGN2B8]dmt5YEZkg3a?eN/m;c>^*oQ1%IHfLh5.0lV_=tAk0CPQYL>j!B=.hMpjdFqm]L!.>nO!I08+MDmhbe-7#m\"RfCo/2iSh5%!4PoLj2e\\b:Blo*3cGpc_;i\"+K6IIi04mj%pa#Na-d?#nXf#rAUbK\\)Zma@,b]`ndGBfhHN/M!J`L\"W!%5+S#hQ_tH,F1!h,f#AE]b._W5^-7g$=\'fE>X3`<V0o4TlPo1n2P:/o?4fsf8+m+m`8D_t7)%P1ieWo=B$;q#gRh[2`Wri\";K;Q^1?gHj(>>H[#:#eW1@t\'ok-uPT^8:EN_<PQ+^l\\%$2>#3YZ2/D<dF?P52WbncMX1,bIQLo@47q]EuG.>1ljR\\mjQp2)Onn5P*c$8![b8GcK\"e9/:&oiIs^mceN6MGO6bHibk;9nhcbC#O11WqNqAbfi*4^F5a$+Dk\'%^STt)2A./JqiO\"G)QsurW7T(/^s~>endstream\r\nendobj\r\nxref\r\n0 9\r\n0000000000 65535 f \r\n0000000073 00000 n \r\n0000000114 00000 n \r\n0000000221 00000 n \r\n0000000333 00000 n \r\n0000000526 00000 n \r\n0000000594 00000 n \r\n0000000877 00000 n \r\n0000000936 00000 n \r\ntrailer\r\n<<\r\n/ID \r\n[<898abb22c768b2f9734084f5f909eaf2><898abb22c768b2f9734084f5f909eaf2>]\r\n% ReportLab generated PDF document -- digest (http://www.reportlab.com)\r\n\r\n/Info 6 0 R\r\n/Root 5 0 R\r\n/Size 9\r\n>>\r\nstartxref\r\n1616\r\n%%EOF\r\n','2024-06-30 06:55:57','2024-06-30 06:56:40',2,2,1),(13,169,_binary '%PDF-1.4\r\n% ReportLab Generated PDF document http://www.reportlab.com\r\n1 0 obj\r\n<<\r\n/F1 2 0 R /F2 3 0 R\r\n>>\r\nendobj\r\n2 0 obj\r\n<<\r\n/BaseFont /Helvetica /Encoding /WinAnsiEncoding /Name /F1 /Subtype /Type1 /Type /Font\r\n>>\r\nendobj\r\n3 0 obj\r\n<<\r\n/BaseFont /Helvetica-Bold /Encoding /WinAnsiEncoding /Name /F2 /Subtype /Type1 /Type /Font\r\n>>\r\nendobj\r\n4 0 obj\r\n<<\r\n/Contents 8 0 R /MediaBox [ 0 0 612 792 ] /Parent 7 0 R /Resources <<\r\n/Font 1 0 R /ProcSet [ /PDF /Text /ImageB /ImageC /ImageI ]\r\n>> /Rotate 0 /Trans <<\r\n\r\n>> \r\n  /Type /Page\r\n>>\r\nendobj\r\n5 0 obj\r\n<<\r\n/PageMode /UseNone /Pages 7 0 R /Type /Catalog\r\n>>\r\nendobj\r\n6 0 obj\r\n<<\r\n/Author (\\(anonymous\\)) /CreationDate (D:20240611000907+05\'00\') /Creator (\\(unspecified\\)) /Keywords () /ModDate (D:20240611000907+05\'00\') /Producer (ReportLab PDF Library - www.reportlab.com) \r\n  /Subject (\\(unspecified\\)) /Title (\\(anonymous\\)) /Trapped /False\r\n>>\r\nendobj\r\n7 0 obj\r\n<<\r\n/Count 1 /Kids [ 4 0 R ] /Type /Pages\r\n>>\r\nendobj\r\n8 0 obj\r\n<<\r\n/Filter [ /ASCII85Decode /FlateDecode ] /Length 590\r\n>>\r\nstream\r\nGasJPgMYb\"%#46B\'YNc>6mHDKLWagB1CW#gCjlC<FUK\"*NB&WbqP.TsOJ2AU,a*Y*jA/WM#Z)S\"hkp\\:Y(69@\"N4,!!bnL)p^3XNh<u@1dQ0(R\"VqQBeiiCGN2B8]dmt5YEZkg3a?eN/m;c>^*oQ1%IHfLh5.0lV_=tAk0CPQYL>j!B=.hMpjdFqm]L!.>nO!I08+MDmhbe-7#m\"RfCo/2iSh5%!4PoLj2e\\b:Blo*3cGpc_;i\"+K6IIi04mj%pa#Na-d?#nXf#rAUbK\\)Zma@,b]`ndGBfhHN/M!J`L\"W!%5+S#hQ_tH,F1!h,f#AE]b._W5^-7g$=\'fE>X3`<V0o4TlPo1n2P:/o?4fsf8+m+m`8D_t7)%P1ieWo=B$;q#gRh[2`Wri\";K;Q^1?gHj(>>H[#:#eW1@t\'ok-uPT^8:EN_<PQ+^l\\%$2>#3YZ2/D<dF?P52WbncMX1,bIQLo@47q]EuG.>1ljR\\mjQp2)Onn5P*c$8![b8GcK\"e9/:&oiIs^mceN6MGO6bHibk;9nhcbC#O11WqNqAbfi*4^F5a$+Dk\'%^STt)2A./JqiO\"G)QsurW7T(/^s~>endstream\r\nendobj\r\nxref\r\n0 9\r\n0000000000 65535 f \r\n0000000073 00000 n \r\n0000000114 00000 n \r\n0000000221 00000 n \r\n0000000333 00000 n \r\n0000000526 00000 n \r\n0000000594 00000 n \r\n0000000877 00000 n \r\n0000000936 00000 n \r\ntrailer\r\n<<\r\n/ID \r\n[<898abb22c768b2f9734084f5f909eaf2><898abb22c768b2f9734084f5f909eaf2>]\r\n% ReportLab generated PDF document -- digest (http://www.reportlab.com)\r\n\r\n/Info 6 0 R\r\n/Root 5 0 R\r\n/Size 9\r\n>>\r\nstartxref\r\n1616\r\n%%EOF\r\n','2024-06-30 08:11:04','2024-06-30 08:11:04',2,2,1);
/*!40000 ALTER TABLE `HistoricoEstudiante` ENABLE KEYS */;
UNLOCK TABLES;

--
-- Table structure for table `Notificaciones`
--

DROP TABLE IF EXISTS `Notificaciones`;
/*!40101 SET @saved_cs_client     = @@character_set_client */;
/*!50503 SET character_set_client = utf8mb4 */;
CREATE TABLE `Notificaciones` (
  `id_notificacion` int NOT NULL AUTO_INCREMENT,
  `fid_usuario` int NOT NULL,
  `fid_sesionCita` int NOT NULL,
  `tipo` enum('recordatorio','cambio','cancelación','confirmación') NOT NULL,
  `leido` tinyint(1) NOT NULL DEFAULT '0',
  `fechaCreacion` datetime NOT NULL DEFAULT CURRENT_TIMESTAMP,
  `fechaActualizacion` datetime NOT NULL DEFAULT CURRENT_TIMESTAMP ON UPDATE CURRENT_TIMESTAMP,
  `fechaHoraInicio` datetime DEFAULT NULL,
  `fechaHoraFin` datetime DEFAULT NULL,
  `modalidad` varchar(255) DEFAULT NULL,
  `lugar` varchar(255) DEFAULT NULL,
  PRIMARY KEY (`id_notificacion`),
  KEY `fid_usuario` (`fid_usuario`),
  KEY `fid_sesionCita` (`fid_sesionCita`),
  CONSTRAINT `Notificaciones_ibfk_1` FOREIGN KEY (`fid_usuario`) REFERENCES `Usuario` (`id_usuario`),
  CONSTRAINT `Notificaciones_ibfk_2` FOREIGN KEY (`fid_sesionCita`) REFERENCES `SesionCita` (`id_cita`)
) ENGINE=InnoDB AUTO_INCREMENT=127 DEFAULT CHARSET=utf8mb4 COLLATE=utf8mb4_0900_ai_ci;
/*!40101 SET character_set_client = @saved_cs_client */;

--
-- Dumping data for table `Notificaciones`
--

LOCK TABLES `Notificaciones` WRITE;
/*!40000 ALTER TABLE `Notificaciones` DISABLE KEYS */;
INSERT INTO `Notificaciones` VALUES (1,4,68,'cancelación',1,'2024-06-22 04:53:22','2024-06-24 18:24:58','2024-06-21 01:00:00','2024-06-21 02:00:00','Presencial','A104'),(2,36,77,'cancelación',0,'2024-06-22 04:55:45','2024-06-22 04:55:45','2024-06-22 13:30:00','2024-06-22 14:00:00','Presencial','N302'),(3,36,88,'confirmación',0,'2024-06-22 04:58:27','2024-06-22 04:58:27','2024-06-22 14:00:00','2024-06-22 15:00:00','Presencial','a232'),(4,36,89,'confirmación',0,'2024-06-22 04:59:25','2024-06-22 04:59:25','2024-06-23 15:00:00','2024-06-23 16:00:00','Presencial','a121'),(5,36,89,'cancelación',0,'2024-06-22 05:00:11','2024-06-22 05:00:11','2024-06-23 15:00:00','2024-06-23 16:00:00','Presencial','a121'),(6,36,88,'cancelación',0,'2024-06-22 05:01:19','2024-06-22 05:01:19','2024-06-22 14:00:00','2024-06-22 15:00:00','Presencial','a232'),(7,35,69,'cancelación',0,'2024-06-22 05:02:16','2024-06-22 05:02:16','2024-06-19 13:30:00','2024-06-19 14:00:00','Presencial','V202'),(8,36,79,'cancelación',0,'2024-06-22 05:06:45','2024-06-22 05:06:45','2024-06-22 16:30:00','2024-06-22 17:00:00','Presencial','A101'),(9,35,44,'cancelación',0,'2024-06-22 05:22:42','2024-06-22 05:22:42','2024-06-12 13:00:00','2024-06-12 14:30:00','Presencial','Z504'),(10,36,88,'cancelación',0,'2024-06-22 05:29:07','2024-06-22 05:29:07','2024-06-22 14:00:00','2024-06-22 15:00:00','Presencial','a232'),(11,4,90,'confirmación',1,'2024-06-22 05:55:09','2024-06-24 18:24:58','2024-06-22 18:00:00','2024-06-22 18:30:00','Presencial','A202'),(12,4,90,'cancelación',1,'2024-06-22 05:55:21','2024-06-24 18:24:58','2024-06-22 18:00:00','2024-06-22 18:30:00','Presencial','A202'),(13,36,91,'confirmación',0,'2024-06-22 05:56:26','2024-06-22 05:56:26','2024-06-23 16:30:00','2024-06-23 17:30:00','Presencial','a202'),(14,36,91,'cancelación',0,'2024-06-22 05:56:34','2024-06-22 05:56:34','2024-06-23 16:30:00','2024-06-23 17:30:00','Presencial','a202'),(15,64,92,'confirmación',0,'2024-06-22 06:03:04','2024-06-22 06:03:04','2024-06-22 18:30:00','2024-06-22 21:00:00','Presencial','A202'),(16,36,93,'confirmación',0,'2024-06-22 06:05:41','2024-06-22 06:05:41','2024-06-23 18:00:00','2024-06-23 19:00:00','Presencial','a202'),(17,36,93,'cancelación',0,'2024-06-22 06:06:17','2024-06-22 06:06:17','2024-06-23 18:00:00','2024-06-23 19:00:00','Presencial','a202'),(18,36,94,'confirmación',0,'2024-06-22 06:06:40','2024-06-22 06:06:40','2024-06-23 16:00:00','2024-06-23 16:30:00','Presencial','s23'),(19,36,94,'cancelación',0,'2024-06-22 06:07:19','2024-06-22 06:07:19','2024-06-23 16:00:00','2024-06-23 16:30:00','Presencial','s23'),(20,36,95,'confirmación',0,'2024-06-22 06:08:32','2024-06-22 06:08:32','2024-06-22 17:30:00','2024-06-22 19:30:00','Presencial','A200'),(21,36,96,'confirmación',0,'2024-06-22 06:14:21','2024-06-22 06:14:21','2024-06-22 19:30:00','2024-06-22 21:00:00','Presencial','N200'),(22,4,97,'confirmación',1,'2024-06-22 06:20:16','2024-06-24 18:24:58','2024-06-22 17:30:00','2024-06-22 19:30:00','Presencial','A202'),(23,36,98,'confirmación',0,'2024-06-22 06:44:17','2024-06-22 06:44:17','2024-06-22 15:00:00','2024-06-22 17:30:00','Presencial','A202'),(24,4,99,'confirmación',1,'2024-06-22 06:45:09','2024-06-24 18:24:58','2024-06-22 18:30:00','2024-06-22 21:00:00','Presencial','N200'),(25,36,100,'confirmación',0,'2024-06-22 06:46:14','2024-06-22 06:46:14','2024-06-23 17:00:00','2024-06-23 18:30:00','Presencial','N200'),(26,14,101,'confirmación',0,'2024-06-22 07:08:32','2024-06-22 07:08:32','2024-06-23 15:00:00','2024-06-23 16:30:00','Presencial','A200'),(27,4,101,'confirmación',1,'2024-06-22 07:08:33','2024-06-24 18:24:58','2024-06-23 15:00:00','2024-06-23 16:30:00','Presencial','A200'),(28,4,102,'confirmación',1,'2024-06-22 07:11:12','2024-06-24 18:24:58','2024-06-23 19:00:00','2024-06-23 20:30:00','Presencial','A200'),(29,4,102,'cancelación',1,'2024-06-22 07:11:57','2024-06-24 18:24:58','2024-06-23 19:00:00','2024-06-23 20:30:00','Presencial','A200'),(30,35,103,'confirmación',0,'2024-06-22 07:12:30','2024-06-22 07:12:30','2024-06-23 18:30:00','2024-06-23 20:30:00','Presencial','A200'),(31,4,103,'confirmación',1,'2024-06-22 07:12:30','2024-06-24 18:24:58','2024-06-23 18:30:00','2024-06-23 20:30:00','Presencial','A200'),(32,35,104,'confirmación',0,'2024-06-22 07:25:34','2024-06-22 07:25:34','2024-06-23 21:00:00','2024-06-23 22:30:00','Presencial','A200'),(33,4,105,'confirmación',1,'2024-06-22 21:27:17','2024-06-24 18:24:58','2024-06-23 22:30:00','2024-06-24 00:00:00','Presencial','A400'),(34,4,106,'confirmación',1,'2024-06-22 21:34:47','2024-06-24 18:24:58','2024-06-23 18:30:00','2024-06-23 19:00:00','Presencial','A200'),(35,36,107,'confirmación',0,'2024-06-22 21:49:59','2024-06-22 21:49:59','2024-06-23 13:30:00','2024-06-23 15:00:00','Presencial','A200'),(36,36,108,'confirmación',0,'2024-06-22 21:50:06','2024-06-22 21:50:06','2024-06-23 16:30:00','2024-06-23 17:00:00','Presencial','A300'),(37,4,109,'confirmación',1,'2024-06-22 21:50:18','2024-06-24 18:24:58','2024-06-23 18:00:00','2024-06-23 18:30:00','Presencial','A200'),(38,4,110,'confirmación',1,'2024-06-22 21:50:25','2024-06-24 18:24:58','2024-06-23 20:30:00','2024-06-23 21:00:00','Presencial','N300'),(39,36,111,'confirmación',0,'2024-06-22 21:51:43','2024-06-22 21:51:43','2024-06-23 14:30:00','2024-06-23 15:00:00','Presencial','A200'),(40,4,112,'confirmación',1,'2024-06-22 21:51:53','2024-06-24 18:24:58','2024-06-23 19:30:00','2024-06-23 21:30:00','Presencial','A300'),(41,4,113,'confirmación',1,'2024-06-24 06:25:13','2024-06-24 18:24:58','2024-06-25 14:00:00','2024-06-25 16:00:00','Presencial','A200'),(42,4,114,'confirmación',1,'2024-06-24 17:20:59','2024-06-24 18:24:58','2024-06-26 16:00:00','2024-06-26 18:00:00','Presencial','123'),(43,4,115,'confirmación',1,'2024-06-24 18:41:48','2024-06-24 19:04:13','2024-06-26 19:00:00','2024-06-26 21:00:00','Presencial','123'),(44,4,116,'confirmación',1,'2024-06-25 01:16:29','2024-06-26 17:49:36','2024-06-26 17:00:00','2024-06-26 19:00:00','Presencial','A301'),(45,4,116,'cancelación',1,'2024-06-25 01:16:36','2024-06-26 17:49:36','2024-06-26 17:00:00','2024-06-26 19:00:00','Presencial','A301'),(46,117,117,'confirmación',0,'2024-06-26 05:50:15','2024-06-26 05:50:15','2024-06-27 15:00:00','2024-06-27 17:30:00','Presencial','A200'),(47,117,118,'confirmación',0,'2024-06-26 05:50:31','2024-06-26 05:50:31','2024-06-25 16:00:00','2024-06-25 17:30:00','Presencial','A200'),(48,4,119,'confirmación',1,'2024-06-26 05:53:31','2024-06-26 17:49:36','2024-06-25 17:30:00','2024-06-25 18:00:00','Presencial','A300'),(49,35,119,'confirmación',0,'2024-06-26 05:53:31','2024-06-26 05:53:31','2024-06-25 17:30:00','2024-06-25 18:00:00','Presencial','A300'),(50,64,120,'confirmación',0,'2024-06-26 06:50:46','2024-06-26 06:50:46','2024-06-25 13:00:00','2024-06-25 15:00:00','Presencial','A320'),(51,4,121,'confirmación',1,'2024-06-26 06:53:11','2024-06-26 17:49:36','2024-06-25 18:30:00','2024-06-25 20:00:00','Presencial','A200'),(52,4,122,'confirmación',1,'2024-06-27 04:50:23','2024-06-27 05:02:58','2024-06-28 14:00:00','2024-06-28 15:00:00','Presencial','V2302'),(53,4,123,'confirmación',1,'2024-06-27 04:55:11','2024-06-27 05:02:58','2024-06-26 13:00:00','2024-06-26 14:00:00','Presencial','V304'),(54,4,124,'confirmación',1,'2024-06-27 06:08:26','2024-06-27 06:09:59','2024-06-26 15:00:00','2024-06-26 15:30:00','Presencial','V2031'),(55,4,126,'confirmación',1,'2024-06-28 01:42:57','2024-06-28 01:46:12','2024-06-26 16:00:00','2024-06-26 17:00:00','Presencial','A405'),(56,4,127,'confirmación',1,'2024-06-28 03:14:20','2024-06-28 03:37:33','2024-06-29 16:00:00','2024-06-29 17:00:00','Presencial','A101'),(57,4,127,'cancelación',1,'2024-06-28 03:17:16','2024-06-28 03:37:33','2024-06-29 16:00:00','2024-06-29 17:00:00','Presencial','A101'),(58,4,128,'confirmación',1,'2024-06-28 16:53:07','2024-06-28 16:55:17','2024-06-27 20:30:00','2024-06-27 21:30:00','Presencial','A502'),(59,4,129,'confirmación',1,'2024-06-28 17:17:13','2024-06-28 17:20:46','2024-06-28 16:00:00','2024-06-28 17:00:00','Presencial','A501'),(60,4,130,'cambio',1,'2024-06-28 17:23:29','2024-06-28 17:24:19','2024-06-28 22:00:00','2024-06-28 23:00:00','Presencial','V302'),(61,4,130,'cambio',1,'2024-06-28 17:23:56','2024-06-28 17:24:19','2024-06-28 22:00:00','2024-06-28 23:00:00','Presencial','V302'),(62,4,131,'confirmación',1,'2024-06-28 18:32:03','2024-06-28 18:38:27','2024-06-28 22:00:00','2024-06-28 23:00:00','Presencial','A205'),(63,4,126,'cancelación',1,'2024-06-28 18:43:20','2024-06-28 18:49:08','2024-06-26 16:00:00','2024-06-26 17:00:00','Presencial','A405'),(64,4,132,'confirmación',1,'2024-06-28 19:22:49','2024-06-28 19:41:31','2024-06-29 14:30:00','2024-06-29 15:30:00','Presencial','A101'),(65,4,132,'cancelación',1,'2024-06-28 19:23:03','2024-06-28 19:41:31','2024-06-29 14:30:00','2024-06-29 15:30:00','Presencial','A101'),(66,4,133,'confirmación',1,'2024-06-28 19:23:44','2024-06-28 19:41:31','2024-06-27 16:00:00','2024-06-27 17:30:00','Presencial','A101'),(67,4,134,'confirmación',1,'2024-06-28 19:29:31','2024-06-28 19:41:31','2024-06-27 21:30:00','2024-06-27 22:30:00','Presencial','A101'),(68,4,136,'confirmación',1,'2024-06-28 19:36:23','2024-06-28 19:41:31','2024-06-26 22:30:00','2024-06-26 23:30:00','Presencial','A302'),(69,4,137,'confirmación',1,'2024-06-28 19:39:57','2024-06-28 19:41:31','2024-06-27 14:00:00','2024-06-27 15:00:00','Presencial','A101'),(70,35,138,'confirmación',0,'2024-06-28 19:47:37','2024-06-28 19:47:37','2024-06-27 19:00:00','2024-06-27 20:00:00','Presencial','N302'),(71,4,140,'confirmación',1,'2024-06-28 21:15:17','2024-06-28 21:21:49','2024-06-27 23:00:00','2024-06-28 00:00:00','Presencial','A750'),(72,4,141,'confirmación',1,'2024-06-28 21:16:15','2024-06-28 21:21:49','2024-06-28 20:30:00','2024-06-28 21:00:00','Presencial','A201'),(73,4,142,'confirmación',1,'2024-06-28 22:21:57','2024-06-28 23:41:49','2024-06-28 21:00:00','2024-06-28 21:30:00','Presencial','Z480'),(74,4,143,'confirmación',1,'2024-06-28 22:56:51','2024-06-28 23:41:49','2024-06-30 15:00:00','2024-06-30 15:30:00','Presencial','A406'),(75,4,143,'cancelación',1,'2024-06-28 22:57:29','2024-06-28 23:41:49','2024-06-30 15:00:00','2024-06-30 15:30:00','Presencial','A406'),(76,4,144,'confirmación',1,'2024-06-28 23:28:47','2024-06-28 23:41:49','2024-06-28 20:00:00','2024-06-28 20:30:00','Presencial','A460'),(77,4,145,'confirmación',1,'2024-06-28 23:35:39','2024-06-28 23:41:49','2024-06-28 18:30:00','2024-06-28 19:00:00','Presencial','Z204'),(78,4,146,'confirmación',1,'2024-06-29 00:06:04','2024-06-29 01:39:11','2024-06-28 17:30:00','2024-06-28 18:00:00','Presencial','A201'),(79,4,147,'confirmación',1,'2024-06-29 00:27:58','2024-06-29 01:39:11','2024-06-28 19:00:00','2024-06-28 19:30:00','Presencial','A201'),(80,4,148,'confirmación',1,'2024-06-29 00:28:54','2024-06-29 01:39:11','2024-06-28 23:00:00','2024-06-28 23:30:00','Presencial','Z105'),(81,4,149,'confirmación',1,'2024-06-29 00:30:42','2024-06-29 01:39:11','2024-06-29 20:30:00','2024-06-29 21:00:00','Presencial','A204'),(82,4,150,'confirmación',1,'2024-06-29 00:31:28','2024-06-29 01:39:11','2024-06-29 00:00:00','2024-06-29 00:30:00','Presencial','A302'),(83,4,151,'confirmación',1,'2024-06-29 00:46:19','2024-06-29 01:39:11','2024-06-28 23:30:00','2024-06-29 00:00:00','Presencial','N504'),(84,4,152,'confirmación',1,'2024-06-29 00:47:49','2024-06-29 01:39:11','2024-06-28 21:30:00','2024-06-28 22:00:00','Presencial','A405'),(85,4,153,'confirmación',1,'2024-06-29 01:43:52','2024-06-29 01:44:18','2024-06-28 15:00:00','2024-06-28 15:30:00','Presencial','V2092'),(86,4,154,'confirmación',1,'2024-06-29 01:44:05','2024-06-29 01:44:18','2024-06-28 15:30:00','2024-06-28 16:00:00','Presencial','V234'),(87,4,155,'confirmación',1,'2024-06-29 01:44:14','2024-06-29 01:48:37','2024-06-28 13:00:00','2024-06-28 14:00:00','Presencial','V3501'),(88,4,156,'confirmación',1,'2024-06-29 01:44:22','2024-06-29 01:48:37','2024-06-28 17:00:00','2024-06-28 17:30:00','Presencial','V231'),(89,4,157,'confirmación',1,'2024-06-29 01:44:27','2024-06-29 01:48:37','2024-06-28 18:00:00','2024-06-28 18:30:00','Presencial','401'),(90,4,158,'cancelación',1,'2024-06-29 01:46:20','2024-06-29 01:48:37','2024-06-30 21:00:00','2024-06-30 22:00:00','Presencial','-'),(91,4,159,'confirmación',1,'2024-06-29 01:47:45','2024-06-29 01:48:37','2024-06-29 16:00:00','2024-06-29 18:30:00','Presencial','A303'),(92,4,160,'confirmación',1,'2024-06-29 01:48:11','2024-06-29 01:48:37','2024-06-29 01:00:00','2024-06-29 01:30:00','Presencial','N302'),(93,4,161,'confirmación',1,'2024-06-29 01:49:37','2024-06-29 01:50:45','2024-06-30 22:00:00','2024-06-30 23:00:00','Presencial','A101'),(94,4,162,'confirmación',1,'2024-06-29 01:50:19','2024-06-29 02:10:27','2024-06-30 17:00:00','2024-06-30 18:00:00','Presencial','A320'),(95,64,163,'confirmación',0,'2024-06-29 01:53:08','2024-06-29 01:53:08','2024-06-28 19:30:00','2024-06-28 20:00:00','Presencial','303'),(96,4,164,'confirmación',1,'2024-06-29 01:57:52','2024-06-29 02:10:27','2024-06-30 23:30:00','2024-07-01 01:00:00','Presencial','A200'),(97,4,165,'confirmación',1,'2024-06-29 02:09:59','2024-06-29 02:10:27','2024-06-30 19:00:00','2024-06-30 20:00:00','Presencial','A101'),(98,4,166,'confirmación',1,'2024-06-29 02:13:01','2024-06-29 02:14:52','2024-06-29 18:00:00','2024-06-29 19:00:00','Presencial','N302'),(99,4,166,'cancelación',1,'2024-06-29 02:15:28','2024-06-29 04:01:04','2024-06-29 18:00:00','2024-06-29 19:00:00','Presencial','N302'),(100,4,167,'confirmación',1,'2024-06-29 03:34:22','2024-06-29 04:01:04','2024-06-29 02:30:00','2024-06-29 03:00:00','Presencial','A405'),(101,4,168,'confirmación',1,'2024-06-29 09:04:05','2024-06-29 15:50:16','2024-06-29 14:30:00','2024-06-29 15:30:00','Presencial','A200'),(102,4,169,'confirmación',1,'2024-06-29 09:04:22','2024-06-29 15:50:16','2024-06-25 20:00:00','2024-06-25 21:00:00','Presencial','A200'),(103,4,170,'confirmación',1,'2024-06-29 16:57:37','2024-06-29 17:26:43','2024-06-29 15:30:00','2024-06-29 16:00:00','Presencial','A302'),(104,4,171,'confirmación',1,'2024-06-29 17:05:44','2024-06-29 17:26:43','2024-06-29 14:00:00','2024-06-29 14:30:00','Presencial','A405'),(105,4,172,'confirmación',1,'2024-06-29 17:18:54','2024-06-29 17:26:43','2024-06-29 13:30:00','2024-06-29 14:00:00','Presencial','A606'),(106,4,173,'confirmación',1,'2024-06-29 17:56:08','2024-06-29 18:52:44','2024-06-29 19:00:00','2024-06-29 19:30:00','Presencial','dfgd'),(107,4,174,'confirmación',1,'2024-06-29 18:02:25','2024-06-29 18:52:44','2024-06-29 12:30:00','2024-06-29 13:00:00','Presencial','A106'),(108,4,175,'confirmación',1,'2024-06-29 19:39:10','2024-06-30 07:01:04','2024-06-29 13:00:00','2024-06-29 13:30:00','Presencial','A205'),(109,4,176,'confirmación',1,'2024-06-29 21:30:42','2024-06-30 07:01:04','2024-06-29 20:00:00','2024-06-29 20:30:00','Presencial','A504'),(110,4,183,'confirmación',1,'2024-06-29 21:54:12','2024-06-30 07:01:04','2024-06-29 19:30:00','2024-06-29 20:00:00','Presencial','n320'),(111,4,184,'confirmación',1,'2024-06-29 21:54:59','2024-06-30 07:01:04','2024-06-29 18:30:00','2024-06-29 19:00:00','Presencial','n302'),(112,4,185,'confirmación',1,'2024-06-29 21:58:20','2024-06-30 07:01:04','2024-06-29 21:00:00','2024-06-29 21:30:00','Presencial','a301'),(113,4,186,'confirmación',1,'2024-06-29 22:23:56','2024-06-30 07:01:04','2024-06-29 21:30:00','2024-06-29 22:00:00','Presencial','a201'),(114,4,187,'confirmación',1,'2024-06-29 22:51:58','2024-06-30 07:01:04','2024-06-29 22:00:00','2024-06-29 22:30:00','Presencial','A401'),(115,4,188,'confirmación',1,'2024-06-29 23:02:33','2024-06-30 07:01:04','2024-06-29 22:30:00','2024-06-29 23:00:00','Presencial','A401'),(116,4,189,'confirmación',1,'2024-06-30 03:16:14','2024-06-30 07:01:04','2024-06-29 23:00:00','2024-06-29 23:30:00','Presencial','A401'),(117,4,190,'confirmación',1,'2024-06-30 06:51:11','2024-06-30 07:01:04','2024-06-30 15:00:00','2024-06-30 16:00:00','Presencial','A200'),(118,4,191,'confirmación',1,'2024-06-30 07:15:15','2024-06-30 14:57:36','2024-06-25 18:00:00','2024-06-25 18:30:00','Presencial','Z605'),(119,4,192,'confirmación',1,'2024-06-30 07:17:41','2024-06-30 14:57:36','2024-06-25 15:00:00','2024-06-25 15:30:00','Presencial','A709'),(120,4,193,'confirmación',1,'2024-06-30 08:36:03','2024-06-30 14:57:36','2024-06-27 18:30:00','2024-06-27 19:00:00','Presencial','A200'),(121,207,194,'confirmación',0,'2024-06-30 23:18:26','2024-06-30 23:18:26','2024-06-30 19:30:00','2024-06-30 20:00:00','Presencial','A405'),(122,4,194,'confirmación',0,'2024-06-30 23:18:27','2024-06-30 23:18:27','2024-06-30 19:30:00','2024-06-30 20:00:00','Presencial','A405'),(123,4,195,'confirmación',0,'2024-06-30 23:45:57','2024-06-30 23:45:57','2024-06-30 00:30:00','2024-06-30 01:00:00','Presencial','Z801'),(124,207,195,'confirmación',0,'2024-06-30 23:45:57','2024-06-30 23:45:57','2024-06-30 00:30:00','2024-06-30 01:00:00','Presencial','Z801'),(125,4,196,'confirmación',0,'2024-06-30 23:48:28','2024-06-30 23:48:28','2024-06-30 01:30:00','2024-06-30 02:00:00','Presencial','z507'),(126,207,196,'confirmación',0,'2024-06-30 23:48:28','2024-06-30 23:48:28','2024-06-30 01:30:00','2024-06-30 02:00:00','Presencial','z507');
/*!40000 ALTER TABLE `Notificaciones` ENABLE KEYS */;
UNLOCK TABLES;

--
-- Table structure for table `Opcion`
--

DROP TABLE IF EXISTS `Opcion`;
/*!40101 SET @saved_cs_client     = @@character_set_client */;
/*!50503 SET character_set_client = utf8mb4 */;
CREATE TABLE `Opcion` (
  `id_opcion` int NOT NULL AUTO_INCREMENT,
  `fid_pregunta` int DEFAULT NULL,
  `enunciado` varchar(255) NOT NULL,
  `esActivo` tinyint(1) NOT NULL DEFAULT '1',
  `fechaCreacion` datetime DEFAULT NULL,
  `fechaActualizacion` datetime DEFAULT NULL,
  PRIMARY KEY (`id_opcion`),
  KEY `fid_pregunta` (`fid_pregunta`),
  CONSTRAINT `Opcion_ibfk_1` FOREIGN KEY (`fid_pregunta`) REFERENCES `Pregunta` (`id_pregunta`) ON DELETE CASCADE ON UPDATE CASCADE
) ENGINE=InnoDB AUTO_INCREMENT=49 DEFAULT CHARSET=utf8mb4 COLLATE=utf8mb4_0900_ai_ci;
/*!40101 SET character_set_client = @saved_cs_client */;

--
-- Dumping data for table `Opcion`
--

LOCK TABLES `Opcion` WRITE;
/*!40000 ALTER TABLE `Opcion` DISABLE KEYS */;
INSERT INTO `Opcion` VALUES (1,1,'Nada útil',1,'2024-06-29 07:13:35','2024-06-29 07:13:35'),(2,1,'Poco útil',1,'2024-06-29 07:13:35','2024-06-29 07:13:35'),(3,1,'Útil',1,'2024-06-29 07:13:35','2024-06-29 07:13:35'),(4,1,'Muy útil',1,'2024-06-29 07:13:35','2024-06-29 07:13:35'),(5,1,'Demasiado útil',1,'2024-06-29 07:13:35','2024-06-29 07:13:35'),(6,2,'1',1,'2024-06-29 07:13:35','2024-06-29 07:13:35'),(7,2,'2',1,'2024-06-29 07:13:35','2024-06-29 07:13:35'),(8,2,'3',1,'2024-06-29 07:13:35','2024-06-29 07:13:35'),(9,2,'4',1,'2024-06-29 07:13:35','2024-06-29 07:13:35'),(10,2,'5',1,'2024-06-29 07:13:35','2024-06-29 07:13:35'),(11,3,'Sí',1,'2024-06-29 07:13:35','2024-06-29 07:13:35'),(12,3,'Parcialmente',1,'2024-06-29 07:13:35','2024-06-29 07:13:35'),(13,3,'No',1,'2024-06-29 07:13:35','2024-06-29 07:13:35'),(14,4,'Sí',1,'2024-06-29 07:13:36','2024-06-29 07:13:36'),(15,4,'Parcialmente',1,'2024-06-29 07:13:36','2024-06-29 07:13:36'),(16,4,'No',1,'2024-06-29 07:13:36','2024-06-29 07:13:36');
/*!40000 ALTER TABLE `Opcion` ENABLE KEYS */;
UNLOCK TABLES;

--
-- Table structure for table `OpcionSidebar`
--

DROP TABLE IF EXISTS `OpcionSidebar`;
/*!40101 SET @saved_cs_client     = @@character_set_client */;
/*!50503 SET character_set_client = utf8mb4 */;
CREATE TABLE `OpcionSidebar` (
  `id` int NOT NULL AUTO_INCREMENT,
  `label` varchar(255) NOT NULL,
  `icon` varchar(255) DEFAULT NULL,
  `componentId` varchar(255) DEFAULT NULL,
  `parentId` int DEFAULT NULL,
  `createdAt` datetime NOT NULL DEFAULT CURRENT_TIMESTAMP,
  `updatedAt` datetime NOT NULL DEFAULT CURRENT_TIMESTAMP ON UPDATE CURRENT_TIMESTAMP,
  PRIMARY KEY (`id`),
  KEY `parentId` (`parentId`),
  CONSTRAINT `OpcionSidebar_ibfk_1` FOREIGN KEY (`parentId`) REFERENCES `OpcionSidebar` (`id`)
) ENGINE=InnoDB AUTO_INCREMENT=28 DEFAULT CHARSET=utf8mb4 COLLATE=utf8mb4_0900_ai_ci;
/*!40101 SET character_set_client = @saved_cs_client */;

--
-- Dumping data for table `OpcionSidebar`
--

LOCK TABLES `OpcionSidebar` WRITE;
/*!40000 ALTER TABLE `OpcionSidebar` DISABLE KEYS */;
INSERT INTO `OpcionSidebar` VALUES (1,'Dashboard','dashboard_icon','dashboardComponent',NULL,'2024-05-01 22:25:29','2024-05-01 22:25:29'),(2,'Facultades y Programas','Building2','facultad',NULL,'2024-05-01 22:41:17','2024-05-08 19:47:09'),(5,'Gestión de Usuarios','Users','',NULL,'2024-05-02 20:06:38','2024-05-28 04:59:52'),(6,'Gestión de Alumnos','','alumnos',5,'2024-05-02 20:06:38','2024-05-28 05:00:10'),(7,'Gestión de Tutores','','tutores',5,'2024-05-02 20:06:38','2024-05-28 05:00:24'),(8,'Unidades Académicas','Building','unidadesAcademicas',NULL,'2024-05-03 18:03:46','2024-05-03 18:08:45'),(9,'Citas','Calendar','citasTutor',NULL,'2024-05-03 19:09:55','2024-05-03 19:11:57'),(10,'Alumnos Asignados','UserCheck','alumnosAsignadosTutor',NULL,'2024-05-03 19:10:59','2024-05-03 19:11:57'),(11,'Tipos de Tutorías','BookOpen','tiposTutorias',NULL,'2024-05-03 19:14:40','2024-05-03 19:21:35'),(12,'Solicitudes de Asignación','Inbox','solicitudesAsignacion',NULL,'2024-05-03 19:17:03','2024-05-03 19:17:03'),(13,'Manejo Académico','Book','',NULL,'2024-05-03 19:19:32','2024-05-28 05:00:41'),(14,'Gestión de Programas','','listadoProgramasDeFacultad',13,'2024-05-03 19:19:33','2024-06-10 10:02:04'),(15,'Gestión de Tutores','','tutores',13,'2024-05-03 19:19:33','2024-05-28 05:00:57'),(17,'Reporte Indicadores','BarChart3','reporteIndicadores',NULL,'2024-05-03 19:20:00','2024-05-28 04:40:19'),(18,'Mis Tutores','UserCheck','misTutores',NULL,'2024-05-03 19:20:24','2024-05-28 05:01:17'),(19,'Encuestas de Satisfacción','Clipboard','encuestasAlumno',NULL,'2024-05-03 19:20:53','2024-05-28 05:01:32'),(20,'Citas','Calendar','citasAlumno',NULL,'2024-05-03 19:24:01','2024-05-03 19:24:01'),(22,'Asignación de Tutor','FilePen','asignacionTutor',NULL,'2024-05-22 21:30:51','2024-05-22 21:30:51'),(23,'Gestión de Responsables de Tutoría','','responsable',5,'2024-06-02 21:59:45','2024-06-07 03:35:07'),(24,'Asistente','','asistente',13,'2024-06-02 22:16:48','2024-06-02 22:16:48'),(25,'Gestión de Alumnos','','alumnos',13,'2024-06-10 08:45:29','2024-06-10 08:45:29'),(26,'Encuestas de Satisfacción','Clipboard','solicitudesEncuestas',NULL,'2024-06-10 10:23:20','2024-06-10 10:23:20'),(27,'Derivaciones de Tutoría','FilePen','responsableTutoria',NULL,'2024-06-17 02:00:20','2024-06-17 02:00:20');
/*!40000 ALTER TABLE `OpcionSidebar` ENABLE KEYS */;
UNLOCK TABLES;

--
-- Table structure for table `PasswordResetToken`
--

DROP TABLE IF EXISTS `PasswordResetToken`;
/*!40101 SET @saved_cs_client     = @@character_set_client */;
/*!50503 SET character_set_client = utf8mb4 */;
CREATE TABLE `PasswordResetToken` (
  `id_token` int NOT NULL AUTO_INCREMENT,
  `fid_usuario` int NOT NULL,
  `token` varchar(255) NOT NULL,
  `expires` datetime NOT NULL,
  PRIMARY KEY (`id_token`),
  KEY `PasswordResetToken_ibfk_1` (`fid_usuario`),
  CONSTRAINT `PasswordResetToken_ibfk_1` FOREIGN KEY (`fid_usuario`) REFERENCES `Usuario` (`id_usuario`)
) ENGINE=InnoDB AUTO_INCREMENT=19 DEFAULT CHARSET=utf8mb4 COLLATE=utf8mb4_0900_ai_ci;
/*!40101 SET character_set_client = @saved_cs_client */;

--
-- Dumping data for table `PasswordResetToken`
--

LOCK TABLES `PasswordResetToken` WRITE;
/*!40000 ALTER TABLE `PasswordResetToken` DISABLE KEYS */;
INSERT INTO `PasswordResetToken` VALUES (3,40,'b81d54d57afef46249b213670d6bf82bacc6e0e3','2024-06-12 21:19:37'),(4,40,'618ddbb52fbd71345d1bca75cc53402380b0da93','2024-06-12 21:23:20'),(5,40,'b063ed976284dbbda1a236d8a4dba89a3f9c1758','2024-06-12 21:29:47'),(6,40,'2c6b0dfe27152e10e0192038927daaaae03c69a2','2024-06-13 06:19:00'),(13,4,'0aec7ccb75548ba4b74a972624ab362d61ee44cc','2024-06-29 16:56:02'),(14,4,'88c0cd872833e740640fa79046a953b3d1dec5aa','2024-06-29 17:34:52'),(15,4,'82ca03a913fc5df220a5ac3a39ab1d254729930c','2024-06-29 17:36:34'),(18,2,'6a7334237bdae5192ca8a8276eb5c84a473d5868','2024-06-30 08:49:27');
/*!40000 ALTER TABLE `PasswordResetToken` ENABLE KEYS */;
UNLOCK TABLES;

--
-- Table structure for table `Pregunta`
--

DROP TABLE IF EXISTS `Pregunta`;
/*!40101 SET @saved_cs_client     = @@character_set_client */;
/*!50503 SET character_set_client = utf8mb4 */;
CREATE TABLE `Pregunta` (
  `id_pregunta` int NOT NULL AUTO_INCREMENT,
  `enunciado` varchar(255) NOT NULL,
  `es_rspta_unica` tinyint(1) NOT NULL,
  `esActivo` tinyint(1) NOT NULL DEFAULT '1',
  `fechaCreacion` datetime DEFAULT NULL,
  `fechaActualizacion` datetime DEFAULT NULL,
  PRIMARY KEY (`id_pregunta`)
) ENGINE=InnoDB AUTO_INCREMENT=13 DEFAULT CHARSET=utf8mb4 COLLATE=utf8mb4_0900_ai_ci;
/*!40101 SET character_set_client = @saved_cs_client */;

--
-- Dumping data for table `Pregunta`
--

LOCK TABLES `Pregunta` WRITE;
/*!40000 ALTER TABLE `Pregunta` DISABLE KEYS */;
INSERT INTO `Pregunta` VALUES (1,'¿Qué tan útil encontraste las sesiones de tutoría?',1,1,'2024-06-29 07:13:35','2024-06-29 07:13:35'),(2,'¿Cómo calificarías la claridad de las explicaciones proporcionadas durante las sesiones de tutoría?',1,1,'2024-06-29 07:13:35','2024-06-29 07:13:35'),(3,'¿La sesiones de tutoría cumplieron con tus expectativas?',1,1,'2024-06-29 07:13:35','2024-06-29 07:13:35'),(4,'¿Los tutores mostraron interés en tus necesidades y preocupaciones durante las sesiones?',1,1,'2024-06-29 07:13:35','2024-06-29 07:13:35');
/*!40000 ALTER TABLE `Pregunta` ENABLE KEYS */;
UNLOCK TABLES;

--
-- Table structure for table `Programa`
--

DROP TABLE IF EXISTS `Programa`;
/*!40101 SET @saved_cs_client     = @@character_set_client */;
/*!50503 SET character_set_client = utf8mb4 */;
CREATE TABLE `Programa` (
  `id_programa` int NOT NULL AUTO_INCREMENT,
  `nombre` varchar(100) DEFAULT NULL,
  `fid_usuario` int DEFAULT NULL,
  `esActivo` tinyint NOT NULL DEFAULT '1',
  `fechaCreacion` datetime DEFAULT NULL,
  `fechaActualizacion` datetime DEFAULT NULL,
  `fid_facultad` int DEFAULT NULL,
  PRIMARY KEY (`id_programa`),
  KEY `fid_usuario` (`fid_usuario`),
  KEY `fid_facultad` (`fid_facultad`),
  CONSTRAINT `Programa_ibfk_1` FOREIGN KEY (`fid_usuario`) REFERENCES `Usuario` (`id_usuario`),
  CONSTRAINT `Programa_ibfk_2` FOREIGN KEY (`fid_facultad`) REFERENCES `Facultad` (`id_facultad`)
) ENGINE=InnoDB AUTO_INCREMENT=29 DEFAULT CHARSET=utf8mb4 COLLATE=utf8mb4_0900_ai_ci;
/*!40101 SET character_set_client = @saved_cs_client */;

--
-- Dumping data for table `Programa`
--

LOCK TABLES `Programa` WRITE;
/*!40000 ALTER TABLE `Programa` DISABLE KEYS */;
INSERT INTO `Programa` VALUES (1,'Derecho Penal',3,0,NULL,'2024-06-23 18:00:02',1),(2,'Derecho Corporativo',10,1,'2024-06-16 05:43:30','2024-06-27 02:47:34',1),(3,'Derecho Civil',39,1,'2024-06-16 05:56:41','2024-06-27 02:47:41',1),(15,'Derecho Administrativo',68,1,'2024-06-16 19:19:48','2024-06-27 03:29:54',1),(16,'Derecho Legal',42,1,'2024-06-16 19:22:04','2024-06-16 19:22:05',1),(17,'Derecho Ambiental',43,1,'2024-06-16 19:23:06','2024-06-16 19:23:06',1),(18,'Derecho Prueba',66,1,'2024-06-17 03:14:21','2024-06-17 03:14:21',1),(19,'Artes Visuales',132,0,'2024-06-21 20:59:38','2024-06-22 02:58:07',6),(20,'Diseño Industrial',3,0,'2024-06-22 03:45:40','2024-06-22 03:48:13',6),(22,'Pintura',NULL,1,'2024-06-22 03:46:25','2024-06-30 07:03:50',6),(23,'Psicología Organizacional',154,1,'2024-06-28 15:44:45','2024-06-28 15:44:46',17),(24,'Administracion Ciudadana',7,1,'2024-06-28 20:35:21','2024-06-28 20:38:25',20),(25,'Adm empresas',166,1,'2024-06-28 20:35:30','2024-06-28 20:35:40',20),(26,'Administración de Lugares Turísticos',202,0,'2024-06-30 15:02:43','2024-06-30 15:16:57',20),(27,'Cocina Vegetariana ',210,1,'2024-07-02 02:42:54','2024-07-02 02:42:54',41);
/*!40000 ALTER TABLE `Programa` ENABLE KEYS */;
UNLOCK TABLES;

--
-- Table structure for table `Respuesta`
--

DROP TABLE IF EXISTS `Respuesta`;
/*!40101 SET @saved_cs_client     = @@character_set_client */;
/*!50503 SET character_set_client = utf8mb4 */;
CREATE TABLE `Respuesta` (
  `id_respuesta` int NOT NULL AUTO_INCREMENT,
  `fid_encuesta` int DEFAULT NULL,
  `fid_opcion` int DEFAULT NULL,
  `esActivo` tinyint(1) NOT NULL DEFAULT '1',
  `fechaCreacion` datetime DEFAULT NULL,
  `fechaActualizacion` datetime DEFAULT NULL,
  PRIMARY KEY (`id_respuesta`),
  KEY `fid_encuesta` (`fid_encuesta`),
  KEY `fid_opcion` (`fid_opcion`),
  CONSTRAINT `Respuesta_ibfk_1` FOREIGN KEY (`fid_encuesta`) REFERENCES `Encuesta` (`id_encuesta`) ON DELETE CASCADE ON UPDATE CASCADE,
  CONSTRAINT `Respuesta_ibfk_2` FOREIGN KEY (`fid_opcion`) REFERENCES `Opcion` (`id_opcion`) ON DELETE CASCADE ON UPDATE CASCADE
) ENGINE=InnoDB AUTO_INCREMENT=65 DEFAULT CHARSET=utf8mb4 COLLATE=utf8mb4_0900_ai_ci;
/*!40101 SET character_set_client = @saved_cs_client */;

--
-- Dumping data for table `Respuesta`
--

LOCK TABLES `Respuesta` WRITE;
/*!40000 ALTER TABLE `Respuesta` DISABLE KEYS */;
INSERT INTO `Respuesta` VALUES (1,52,2,1,'2024-06-29 19:22:02','2024-06-29 19:22:02'),(2,52,7,1,'2024-06-29 19:22:02','2024-06-29 19:22:02'),(3,52,12,1,'2024-06-29 19:22:02','2024-06-29 19:22:02'),(4,52,15,1,'2024-06-29 19:22:02','2024-06-29 19:22:02'),(5,52,2,1,'2024-06-29 19:23:05','2024-06-29 19:23:05'),(6,52,7,1,'2024-06-29 19:23:05','2024-06-29 19:23:05'),(7,52,12,1,'2024-06-29 19:23:05','2024-06-29 19:23:05'),(8,52,15,1,'2024-06-29 19:23:05','2024-06-29 19:23:05'),(9,53,4,1,'2024-06-29 19:45:09','2024-06-29 19:45:09'),(10,53,10,1,'2024-06-29 19:45:09','2024-06-29 19:45:09'),(11,53,12,1,'2024-06-29 19:45:09','2024-06-29 19:45:09'),(12,53,16,1,'2024-06-29 19:45:09','2024-06-29 19:45:09'),(13,54,4,1,'2024-06-29 21:45:38','2024-06-29 21:45:38'),(14,54,10,1,'2024-06-29 21:45:38','2024-06-29 21:45:38'),(15,54,12,1,'2024-06-29 21:45:38','2024-06-29 21:45:38'),(16,54,16,1,'2024-06-29 21:45:38','2024-06-29 21:45:38'),(17,55,1,1,'2024-06-29 21:57:39','2024-06-29 21:57:39'),(18,55,6,1,'2024-06-29 21:57:39','2024-06-29 21:57:39'),(19,55,11,1,'2024-06-29 21:57:39','2024-06-29 21:57:39'),(20,55,14,1,'2024-06-29 21:57:39','2024-06-29 21:57:39'),(21,56,1,1,'2024-06-29 22:03:36','2024-06-29 22:03:36'),(22,56,6,1,'2024-06-29 22:03:36','2024-06-29 22:03:36'),(23,56,11,1,'2024-06-29 22:03:36','2024-06-29 22:03:36'),(24,56,14,1,'2024-06-29 22:03:37','2024-06-29 22:03:37'),(25,57,5,1,'2024-06-29 22:40:51','2024-06-29 22:40:51'),(26,57,8,1,'2024-06-29 22:40:51','2024-06-29 22:40:51'),(27,57,13,1,'2024-06-29 22:40:52','2024-06-29 22:40:52'),(28,57,15,1,'2024-06-29 22:40:52','2024-06-29 22:40:52'),(29,58,2,1,'2024-06-29 22:52:42','2024-06-29 22:52:42'),(30,58,10,1,'2024-06-29 22:52:42','2024-06-29 22:52:42'),(31,58,12,1,'2024-06-29 22:52:42','2024-06-29 22:52:42'),(32,58,15,1,'2024-06-29 22:52:43','2024-06-29 22:52:43'),(33,59,3,1,'2024-06-29 23:03:08','2024-06-29 23:03:08'),(34,59,8,1,'2024-06-29 23:03:08','2024-06-29 23:03:08'),(35,59,13,1,'2024-06-29 23:03:08','2024-06-29 23:03:08'),(36,59,15,1,'2024-06-29 23:03:08','2024-06-29 23:03:08'),(37,60,3,1,'2024-06-30 04:14:04','2024-06-30 04:14:04'),(38,60,9,1,'2024-06-30 04:14:04','2024-06-30 04:14:04'),(39,60,12,1,'2024-06-30 04:14:04','2024-06-30 04:14:04'),(40,60,16,1,'2024-06-30 04:14:04','2024-06-30 04:14:04'),(41,62,4,1,'2024-06-30 08:03:45','2024-06-30 08:03:45'),(42,62,9,1,'2024-06-30 08:03:45','2024-06-30 08:03:45'),(43,62,12,1,'2024-06-30 08:03:45','2024-06-30 08:03:45'),(44,62,14,1,'2024-06-30 08:03:45','2024-06-30 08:03:45'),(45,63,2,1,'2024-06-30 23:07:36','2024-06-30 23:07:36'),(46,63,8,1,'2024-06-30 23:07:36','2024-06-30 23:07:36'),(47,63,12,1,'2024-06-30 23:07:36','2024-06-30 23:07:36'),(48,63,16,1,'2024-06-30 23:07:37','2024-06-30 23:07:37'),(49,65,1,1,'2024-06-30 23:19:29','2024-06-30 23:19:29'),(50,65,6,1,'2024-06-30 23:19:30','2024-06-30 23:19:30'),(51,65,13,1,'2024-06-30 23:19:30','2024-06-30 23:19:30'),(52,65,15,1,'2024-06-30 23:19:30','2024-06-30 23:19:30'),(53,64,5,1,'2024-06-30 23:20:05','2024-06-30 23:20:05'),(54,64,10,1,'2024-06-30 23:20:05','2024-06-30 23:20:05'),(55,64,11,1,'2024-06-30 23:20:05','2024-06-30 23:20:05'),(56,64,14,1,'2024-06-30 23:20:05','2024-06-30 23:20:05'),(57,67,2,1,'2024-06-30 23:46:48','2024-06-30 23:46:48'),(58,67,10,1,'2024-06-30 23:46:48','2024-06-30 23:46:48'),(59,67,12,1,'2024-06-30 23:46:48','2024-06-30 23:46:48'),(60,67,15,1,'2024-06-30 23:46:48','2024-06-30 23:46:48'),(61,69,2,1,'2024-06-30 23:49:41','2024-06-30 23:49:41'),(62,69,8,1,'2024-06-30 23:49:41','2024-06-30 23:49:41'),(63,69,12,1,'2024-06-30 23:49:41','2024-06-30 23:49:41'),(64,69,15,1,'2024-06-30 23:49:41','2024-06-30 23:49:41');
/*!40000 ALTER TABLE `Respuesta` ENABLE KEYS */;
UNLOCK TABLES;

--
-- Table structure for table `ResultadoCita`
--

DROP TABLE IF EXISTS `ResultadoCita`;
/*!40101 SET @saved_cs_client     = @@character_set_client */;
/*!50503 SET character_set_client = utf8mb4 */;
CREATE TABLE `ResultadoCita` (
  `id_resultado` int NOT NULL AUTO_INCREMENT,
  `Asistencia` tinyint(1) NOT NULL,
  `es_derivado` tinyint(1) NOT NULL,
  `es_activo` tinyint(1) NOT NULL DEFAULT '1',
  `fechaCreacion` datetime NOT NULL DEFAULT CURRENT_TIMESTAMP,
  `fechaActualizacion` datetime NOT NULL DEFAULT CURRENT_TIMESTAMP ON UPDATE CURRENT_TIMESTAMP,
  `detalleResultado` varchar(255) DEFAULT NULL,
  PRIMARY KEY (`id_resultado`)
) ENGINE=InnoDB AUTO_INCREMENT=105 DEFAULT CHARSET=utf8mb4 COLLATE=utf8mb4_0900_ai_ci;
/*!40101 SET character_set_client = @saved_cs_client */;

--
-- Dumping data for table `ResultadoCita`
--

LOCK TABLES `ResultadoCita` WRITE;
/*!40000 ALTER TABLE `ResultadoCita` DISABLE KEYS */;
INSERT INTO `ResultadoCita` VALUES (1,1,0,1,'2024-06-16 16:18:35','2024-06-16 16:18:35',''),(2,0,0,1,'2024-06-16 16:35:08','2024-06-16 16:35:08',''),(3,1,0,1,'2024-06-16 16:38:25','2024-06-16 16:38:25',''),(4,0,0,1,'2024-06-16 16:39:04','2024-06-16 16:39:04',''),(5,1,0,1,'2024-06-16 20:11:04','2024-06-16 20:11:04',''),(6,1,0,1,'2024-06-16 20:29:38','2024-06-16 20:29:38',''),(7,0,0,1,'2024-06-16 21:09:55','2024-06-16 21:09:55',''),(8,1,0,1,'2024-06-16 21:44:10','2024-06-16 21:44:10',''),(9,1,0,1,'2024-06-16 21:45:04','2024-06-16 21:45:04','Asistio'),(10,1,0,1,'2024-06-16 21:45:48','2024-06-16 21:45:48','Asistio'),(11,0,0,1,'2024-06-16 21:46:38','2024-06-16 21:46:38',''),(12,0,0,1,'2024-06-16 21:46:50','2024-06-16 21:46:50','Asistio solo 1'),(13,0,0,1,'2024-06-16 21:48:44','2024-06-16 21:48:44','Asistio solo 1'),(14,0,0,1,'2024-06-16 21:49:47','2024-06-16 21:49:47','Asistio solo 1'),(15,0,0,1,'2024-06-16 22:00:32','2024-06-16 22:00:32','Asistieron'),(16,0,0,1,'2024-06-16 22:06:35','2024-06-16 22:06:35','ASISTIERON'),(17,0,0,1,'2024-06-16 22:18:42','2024-06-16 22:18:42','Asistieron'),(18,0,0,1,'2024-06-16 22:31:07','2024-06-16 22:31:07','Asistieron TODOS'),(19,0,0,1,'2024-06-16 22:33:11','2024-06-16 22:33:11','ASISTENCIA TOTAL'),(22,0,0,1,'2024-06-16 22:55:23','2024-06-16 22:55:23','Asistieron TODOS'),(23,0,0,1,'2024-06-16 22:56:53','2024-06-16 22:56:53','Asistieron TODOS'),(24,0,0,1,'2024-06-16 23:00:49','2024-06-16 23:00:49','Asistieron TODOS'),(25,1,0,1,'2024-06-16 23:08:42','2024-06-16 23:08:42','Asistieron TODOS'),(26,1,0,1,'2024-06-17 00:19:12','2024-06-17 00:19:12',''),(27,1,0,1,'2024-06-17 00:19:39','2024-06-17 00:19:39',''),(28,1,0,1,'2024-06-17 01:34:26','2024-06-17 01:34:26','Asistió'),(29,1,0,1,'2024-06-17 01:35:07','2024-06-17 01:35:07','Asistió'),(30,1,0,1,'2024-06-17 01:36:05','2024-06-17 01:36:05','El alumno prestó mucha atención.'),(31,1,0,1,'2024-06-17 01:45:17','2024-06-17 01:45:17','Asistió'),(32,1,0,1,'2024-06-17 02:22:43','2024-06-17 02:22:43','Mostró mucho interés por aprender.'),(33,1,0,1,'2024-06-17 02:29:40','2024-06-17 02:29:40','Asistió'),(34,1,0,1,'2024-06-17 03:24:18','2024-06-17 03:24:18','Asistió'),(35,1,0,1,'2024-06-17 03:25:30','2024-06-17 03:25:30','Asistió'),(36,1,0,1,'2024-06-17 03:31:16','2024-06-17 03:31:16','Asistió'),(37,1,0,1,'2024-06-17 03:35:18','2024-06-17 03:35:18','Asistió'),(38,1,0,1,'2024-06-17 03:35:48','2024-06-17 03:35:48',''),(39,1,0,1,'2024-06-17 03:35:55','2024-06-17 03:35:55','Asistieron'),(40,1,0,1,'2024-06-17 03:36:28','2024-06-17 03:36:28','Asistió'),(41,1,0,1,'2024-06-17 03:53:41','2024-06-17 03:53:41',''),(42,0,0,1,'2024-06-17 04:00:25','2024-06-17 04:00:25','Asistió'),(43,1,0,1,'2024-06-17 04:00:31','2024-06-17 04:00:31','Asistió'),(44,1,0,1,'2024-06-17 04:00:36','2024-06-17 04:00:36','Asistió'),(45,1,0,1,'2024-06-17 04:00:42','2024-06-17 04:00:42','Asistió'),(46,1,0,1,'2024-06-17 04:00:48','2024-06-17 04:00:48','Asistió'),(47,1,0,1,'2024-06-17 04:00:53','2024-06-17 04:00:53','Asistió'),(48,1,0,1,'2024-06-17 06:57:41','2024-06-17 06:57:41','Asistio'),(49,1,0,1,'2024-06-19 06:17:52','2024-06-19 06:17:52','El alumno se compromete a mejorar sus hábitos de estudio'),(50,1,0,1,'2024-06-19 06:27:08','2024-06-19 06:27:08','El alumno se compromete a mejorar sus hábitos de estudio'),(51,1,0,1,'2024-06-19 06:38:27','2024-06-19 06:38:27','El alumno se compromete a mejorar sus hábitos de estudio'),(52,1,0,1,'2024-06-19 06:43:15','2024-06-19 06:43:15','El alumno se compromete a asistir a talleres'),(53,1,0,1,'2024-06-19 06:44:16','2024-06-19 06:44:16','El alumno se compromete a mejorar sus hábitos de estudio'),(54,1,0,1,'2024-06-19 19:48:31','2024-06-19 19:48:31','El alumno se compromete a mejorar sus hábitos de estudio'),(55,1,0,1,'2024-06-19 19:48:42','2024-06-19 19:48:42','El alumno se compromete a asistir a talleres'),(56,1,0,1,'2024-06-19 22:17:29','2024-06-19 22:17:29',''),(57,1,0,1,'2024-06-19 22:18:10','2024-06-19 22:18:10',''),(58,1,0,1,'2024-06-19 22:42:36','2024-06-19 22:42:36',''),(59,1,0,1,'2024-06-19 23:25:51','2024-06-19 23:25:51',''),(60,1,0,1,'2024-06-20 20:18:14','2024-06-20 20:18:14',''),(61,1,0,1,'2024-06-20 20:37:56','2024-06-20 20:37:56',''),(62,1,0,1,'2024-06-20 20:38:09','2024-06-20 20:38:09',''),(63,1,0,1,'2024-06-21 20:04:05','2024-06-21 20:04:05','El alumno asistió'),(64,1,0,1,'2024-06-28 01:43:26','2024-06-28 01:43:26','El alumno se mostró optimista'),(65,1,0,1,'2024-06-28 02:59:14','2024-06-28 02:59:14',''),(66,1,0,1,'2024-06-28 17:08:50','2024-06-28 17:08:50','Asistió'),(67,1,0,1,'2024-06-28 19:40:11','2024-06-28 19:40:11',''),(68,1,0,1,'2024-06-28 19:48:07','2024-06-28 19:48:07','Resultados de la cita'),(69,1,0,1,'2024-06-28 21:15:49','2024-06-28 21:15:49','Asistió y mostró interés'),(70,1,0,1,'2024-06-28 21:16:26','2024-06-28 21:16:26','Mostró interés'),(71,1,0,1,'2024-06-28 22:22:29','2024-06-28 22:22:29','El alumno mostró interés'),(72,1,0,1,'2024-06-28 23:29:01','2024-06-28 23:29:01','Asistió'),(73,1,0,1,'2024-06-28 23:35:52','2024-06-28 23:35:52','Asistió'),(74,1,0,1,'2024-06-29 00:06:25','2024-06-29 00:06:25','Asistió'),(75,1,0,1,'2024-06-29 00:28:23','2024-06-29 00:28:23','Asistió'),(76,1,0,1,'2024-06-29 00:29:15','2024-06-29 00:29:15','Cumplio compromisos pasados'),(77,1,0,1,'2024-06-29 00:31:37','2024-06-29 00:31:37','Asistio'),(78,1,0,1,'2024-06-29 00:46:31','2024-06-29 00:46:31','Asistió'),(79,1,0,1,'2024-06-29 00:47:59','2024-06-29 00:47:59','Asistió'),(80,1,0,1,'2024-06-29 01:57:33','2024-06-29 01:57:33','Asistio'),(81,1,0,1,'2024-06-29 03:34:35','2024-06-29 03:34:35','Asistio'),(82,1,0,1,'2024-06-29 09:05:09','2024-06-29 09:05:09','Resultado'),(83,1,0,1,'2024-06-29 16:57:47','2024-06-29 16:57:47','Asistip'),(84,1,0,1,'2024-06-29 17:06:01','2024-06-29 17:06:01','Asistio'),(85,1,0,1,'2024-06-29 17:19:04','2024-06-29 17:19:04','Asistio'),(86,1,0,1,'2024-06-29 18:03:51','2024-06-29 18:03:51','Asistio'),(87,1,0,1,'2024-06-29 19:39:23','2024-06-29 19:39:23','Asistio'),(88,1,0,1,'2024-06-29 21:30:22','2024-06-29 21:30:22','Asistio'),(89,1,0,1,'2024-06-29 21:30:51','2024-06-29 21:30:51','Asistio'),(90,1,0,1,'2024-06-29 21:56:15','2024-06-29 21:56:15','asistio'),(91,1,0,1,'2024-06-29 21:58:30','2024-06-29 21:58:30','asistio'),(92,1,0,1,'2024-06-29 22:24:24','2024-06-29 22:24:24','Asistio'),(93,1,0,1,'2024-06-29 22:52:10','2024-06-29 22:52:10','Asistio'),(94,1,0,1,'2024-06-29 23:02:43','2024-06-29 23:02:43','Asistio'),(95,1,0,1,'2024-06-30 03:16:23','2024-06-30 03:16:23','Asistio'),(96,1,0,1,'2024-06-30 07:15:35','2024-06-30 07:15:35','Asistio'),(97,1,0,1,'2024-06-30 07:17:52','2024-06-30 07:17:52','Asistio'),(98,1,0,1,'2024-06-30 07:37:09','2024-06-30 07:37:09','Asistio'),(99,1,0,1,'2024-06-30 07:38:41','2024-06-30 07:38:41','Asistio'),(100,1,0,1,'2024-06-30 08:35:38','2024-06-30 08:35:38','Asc'),(101,1,0,1,'2024-06-30 08:36:17','2024-06-30 08:36:17','A'),(102,1,0,1,'2024-06-30 23:18:42','2024-06-30 23:18:42','Asistieron'),(103,1,0,1,'2024-06-30 23:46:17','2024-06-30 23:46:17','Asistieron'),(104,1,0,1,'2024-06-30 23:48:58','2024-06-30 23:48:58','');
/*!40000 ALTER TABLE `ResultadoCita` ENABLE KEYS */;
UNLOCK TABLES;

--
-- Table structure for table `Rol`
--

DROP TABLE IF EXISTS `Rol`;
/*!40101 SET @saved_cs_client     = @@character_set_client */;
/*!50503 SET character_set_client = utf8mb4 */;
CREATE TABLE `Rol` (
  `id_rol` int NOT NULL AUTO_INCREMENT,
  `nombre` varchar(255) NOT NULL,
  `es_activo` tinyint DEFAULT '1',
  `fechaCreacion` datetime NOT NULL DEFAULT CURRENT_TIMESTAMP,
  `fechaActualizacion` datetime NOT NULL DEFAULT CURRENT_TIMESTAMP,
  PRIMARY KEY (`id_rol`)
) ENGINE=InnoDB AUTO_INCREMENT=8 DEFAULT CHARSET=utf8mb4 COLLATE=utf8mb4_0900_ai_ci;
/*!40101 SET character_set_client = @saved_cs_client */;

--
-- Dumping data for table `Rol`
--

LOCK TABLES `Rol` WRITE;
/*!40000 ALTER TABLE `Rol` DISABLE KEYS */;
INSERT INTO `Rol` VALUES (1,'Coordinador de Facultad',1,'2024-05-01 19:37:14','2024-05-01 19:37:14'),(2,'Coordinador de Programa',1,'2024-05-01 19:37:14','2024-05-01 19:37:14'),(3,'Tutor',1,'2024-05-01 19:37:14','2024-05-01 19:37:14'),(4,'Alumno',1,'2024-05-01 19:37:14','2024-05-01 19:37:14'),(5,'Asistente',1,'2024-05-01 19:37:14','2024-05-01 19:37:14'),(6,'Administrador',1,'2024-05-01 19:37:14','2024-05-01 19:37:14'),(7,'Responsable de Tutoría',1,'2024-06-03 19:50:26','2024-06-03 19:50:26');
/*!40000 ALTER TABLE `Rol` ENABLE KEYS */;
UNLOCK TABLES;

--
-- Table structure for table `RolOpciones`
--

DROP TABLE IF EXISTS `RolOpciones`;
/*!40101 SET @saved_cs_client     = @@character_set_client */;
/*!50503 SET character_set_client = utf8mb4 */;
CREATE TABLE `RolOpciones` (
  `id_rol_opcion` int NOT NULL AUTO_INCREMENT,
  `id_opcion` int NOT NULL,
  `id_rol` int NOT NULL,
  `es_activo` tinyint(1) DEFAULT '1',
  `fechaCreacion` datetime DEFAULT NULL,
  `fechaActualizacion` datetime DEFAULT NULL,
  PRIMARY KEY (`id_rol_opcion`),
  KEY `id_opcion` (`id_opcion`),
  KEY `id_rol` (`id_rol`),
  CONSTRAINT `RolOpciones_ibfk_1` FOREIGN KEY (`id_opcion`) REFERENCES `OpcionSidebar` (`id`),
  CONSTRAINT `RolOpciones_ibfk_2` FOREIGN KEY (`id_rol`) REFERENCES `Rol` (`id_rol`)
) ENGINE=InnoDB AUTO_INCREMENT=49 DEFAULT CHARSET=utf8mb4 COLLATE=utf8mb4_0900_ai_ci;
/*!40101 SET character_set_client = @saved_cs_client */;

--
-- Dumping data for table `RolOpciones`
--

LOCK TABLES `RolOpciones` WRITE;
/*!40000 ALTER TABLE `RolOpciones` DISABLE KEYS */;
INSERT INTO `RolOpciones` VALUES (7,2,6,1,'2024-05-02 20:09:31','2024-05-02 20:09:31'),(10,5,6,1,'2024-05-02 20:12:13','2024-05-02 20:12:13'),(11,6,6,1,'2024-05-02 20:12:13','2024-05-02 20:12:13'),(12,7,6,1,'2024-05-02 20:12:13','2024-05-02 20:12:13'),(13,8,6,1,'2024-05-03 18:06:15','2024-05-03 18:06:15'),(14,9,3,1,'2024-05-03 19:12:27','2024-05-03 19:12:27'),(15,10,3,1,'2024-05-03 19:12:27','2024-05-03 19:12:27'),(16,11,1,1,'2024-05-03 19:23:03','2024-05-03 19:23:03'),(17,12,1,1,'2024-05-03 19:23:03','2024-05-03 19:23:03'),(18,13,1,1,'2024-05-03 19:23:03','2024-05-03 19:23:03'),(19,14,1,1,'2024-05-03 19:23:03','2024-05-03 19:23:03'),(20,15,1,1,'2024-05-03 19:23:03','2024-05-03 19:23:03'),(22,17,1,1,'2024-05-03 19:23:03','2024-05-03 19:23:03'),(23,11,2,1,'2024-05-03 19:23:15','2024-05-03 19:23:15'),(24,12,2,1,'2024-05-03 19:23:15','2024-05-03 19:23:15'),(25,13,2,1,'2024-05-03 19:23:15','2024-05-03 19:23:15'),(27,15,2,1,'2024-05-03 19:23:15','2024-05-03 19:23:15'),(29,17,2,1,'2024-05-03 19:23:15','2024-05-03 19:23:15'),(30,11,5,1,'2024-05-03 19:23:20','2024-05-03 19:23:20'),(31,12,5,1,'2024-05-03 19:23:20','2024-05-03 19:23:20'),(32,13,5,1,'2024-05-03 19:23:20','2024-05-03 19:23:20'),(33,14,5,1,'2024-05-03 19:23:20','2024-05-03 19:23:20'),(34,15,5,1,'2024-05-03 19:23:20','2024-05-03 19:23:20'),(36,17,5,1,'2024-05-03 19:23:20','2024-05-03 19:23:20'),(37,18,4,1,'2024-05-03 19:24:36','2024-05-03 19:24:36'),(38,19,4,1,'2024-05-03 19:24:36','2024-05-03 19:24:36'),(39,20,4,1,'2024-05-03 19:24:36','2024-05-03 19:24:36'),(40,22,1,1,'2024-05-22 21:34:46','2024-05-22 21:34:46'),(41,22,2,1,'2024-05-22 21:34:52','2024-05-22 21:34:52'),(42,23,6,1,NULL,NULL),(45,25,1,1,NULL,NULL),(46,25,2,1,NULL,NULL),(47,26,1,1,NULL,NULL),(48,27,7,1,NULL,NULL);
/*!40000 ALTER TABLE `RolOpciones` ENABLE KEYS */;
UNLOCK TABLES;

--
-- Table structure for table `Roles_Usuario`
--

DROP TABLE IF EXISTS `Roles_Usuario`;
/*!40101 SET @saved_cs_client     = @@character_set_client */;
/*!50503 SET character_set_client = utf8mb4 */;
CREATE TABLE `Roles_Usuario` (
  `id_roles_usuario` int NOT NULL AUTO_INCREMENT,
  `id_usuario` int DEFAULT NULL,
  `id_rol` int DEFAULT NULL,
  `es_activo` tinyint(1) DEFAULT '1',
  `fechaCreacion` datetime NOT NULL DEFAULT CURRENT_TIMESTAMP,
  `fechaActualizacion` datetime NOT NULL DEFAULT CURRENT_TIMESTAMP,
  PRIMARY KEY (`id_roles_usuario`),
  KEY `id_usuario` (`id_usuario`),
  KEY `id_rol` (`id_rol`),
  CONSTRAINT `Roles_Usuario_ibfk_1` FOREIGN KEY (`id_usuario`) REFERENCES `Usuario` (`id_usuario`),
  CONSTRAINT `Roles_Usuario_ibfk_2` FOREIGN KEY (`id_rol`) REFERENCES `Rol` (`id_rol`)
) ENGINE=InnoDB AUTO_INCREMENT=307 DEFAULT CHARSET=utf8mb4 COLLATE=utf8mb4_0900_ai_ci;
/*!40101 SET character_set_client = @saved_cs_client */;

--
-- Dumping data for table `Roles_Usuario`
--

LOCK TABLES `Roles_Usuario` WRITE;
/*!40000 ALTER TABLE `Roles_Usuario` DISABLE KEYS */;
INSERT INTO `Roles_Usuario` VALUES (1,1,6,1,'2024-06-16 04:39:00','2024-06-16 04:39:00'),(2,2,1,1,'2024-06-16 05:07:43','2024-06-30 14:57:20'),(3,2,3,1,'2024-06-16 05:07:43','2024-06-27 03:42:23'),(4,3,3,1,'2024-06-16 05:13:15','2024-06-16 05:13:15'),(6,4,4,1,'2024-06-16 05:37:02','2024-06-24 06:26:27'),(9,6,4,0,'2024-06-16 05:44:48','2024-06-16 14:48:39'),(10,7,3,1,'2024-06-16 05:50:11','2024-06-16 05:50:11'),(11,7,4,0,'2024-06-16 05:50:11','2024-06-16 17:46:14'),(12,8,2,0,'2024-06-16 05:56:42','2024-06-17 04:04:41'),(13,8,3,0,'2024-06-16 05:56:42','2024-06-16 18:46:01'),(14,9,4,0,'2024-06-16 05:59:21','2024-06-16 16:32:40'),(15,10,1,0,'2024-06-16 06:01:43','2024-06-27 00:47:09'),(16,10,3,1,'2024-06-16 06:01:43','2024-06-16 06:01:43'),(17,11,4,1,'2024-06-16 06:03:12','2024-06-16 06:03:12'),(18,12,4,0,'2024-06-16 06:05:18','2024-06-16 16:32:33'),(19,13,4,1,'2024-06-16 06:06:59','2024-06-16 06:06:59'),(20,14,3,0,'2024-06-16 06:11:16','2024-06-30 07:03:50'),(21,14,4,0,'2024-06-16 06:11:16','2024-06-28 04:55:13'),(22,15,3,0,'2024-06-16 06:17:20','2024-06-30 06:59:33'),(23,15,4,1,'2024-06-16 06:17:20','2024-06-16 06:17:20'),(24,16,4,1,'2024-06-16 06:21:18','2024-06-16 06:21:18'),(40,32,7,0,'2024-06-16 15:03:30','2024-06-28 13:48:58'),(42,34,4,0,'2024-06-16 16:27:33','2024-06-16 16:32:37'),(43,35,4,1,'2024-06-16 16:34:04','2024-06-16 16:34:04'),(44,36,4,1,'2024-06-16 16:58:44','2024-06-16 16:58:44'),(47,39,3,1,'2024-06-16 17:24:21','2024-06-16 17:24:21'),(48,39,4,1,'2024-06-16 17:24:21','2024-06-16 17:24:21'),(49,40,3,1,'2024-06-16 18:11:52','2024-06-16 18:11:52'),(50,41,2,0,'2024-06-16 19:19:49','2024-06-27 00:58:30'),(51,41,3,0,'2024-06-16 19:19:49','2024-06-27 00:58:30'),(52,42,2,1,'2024-06-16 19:22:05','2024-06-16 19:22:05'),(53,42,3,1,'2024-06-16 19:22:05','2024-06-16 19:22:05'),(54,43,2,1,'2024-06-16 19:23:06','2024-06-16 19:23:06'),(55,43,3,1,'2024-06-16 19:23:06','2024-06-16 19:23:06'),(76,64,4,1,'2024-06-16 21:32:17','2024-06-16 21:32:17'),(77,65,4,1,'2024-06-16 21:38:04','2024-06-17 03:57:00'),(78,66,1,1,'2024-06-17 02:20:53','2024-06-17 02:20:53'),(79,66,3,1,'2024-06-17 02:20:53','2024-06-17 02:20:53'),(80,67,7,0,'2024-06-17 02:40:40','2024-06-30 02:00:17'),(81,66,2,1,'2024-06-17 03:14:21','2024-06-17 03:14:21'),(82,68,3,1,'2024-06-17 04:04:14','2024-06-17 04:04:14'),(83,68,2,0,'2024-06-17 04:04:41','2024-06-27 02:47:41'),(84,69,3,1,'2024-06-17 04:43:44','2024-06-17 04:43:44'),(85,70,3,1,'2024-06-17 04:44:28','2024-06-17 04:44:28'),(86,71,3,1,'2024-06-17 05:04:23','2024-06-17 05:04:23'),(87,72,3,1,'2024-06-17 05:05:34','2024-06-17 05:05:34'),(88,73,3,1,'2024-06-17 05:07:57','2024-06-17 05:07:57'),(89,74,3,1,'2024-06-17 05:10:09','2024-06-17 05:10:09'),(90,75,3,1,'2024-06-17 05:12:12','2024-06-17 05:12:12'),(91,76,3,1,'2024-06-17 05:12:14','2024-06-17 05:12:14'),(92,77,3,1,'2024-06-17 05:12:18','2024-06-17 05:12:18'),(93,78,3,1,'2024-06-17 05:12:21','2024-06-17 05:12:21'),(94,79,3,1,'2024-06-17 05:12:23','2024-06-17 05:12:23'),(95,80,3,1,'2024-06-17 05:12:26','2024-06-17 05:12:26'),(96,81,3,1,'2024-06-17 05:12:29','2024-06-17 05:12:29'),(97,82,3,1,'2024-06-17 05:12:32','2024-06-17 05:12:32'),(99,84,3,1,'2024-06-17 05:13:02','2024-06-17 05:13:02'),(101,85,3,1,'2024-06-17 05:13:27','2024-06-17 05:13:27'),(103,86,3,1,'2024-06-17 05:16:23','2024-06-17 05:16:23'),(105,87,3,1,'2024-06-17 05:17:01','2024-06-17 05:17:01'),(107,88,3,1,'2024-06-17 05:17:31','2024-06-17 05:17:31'),(109,89,3,1,'2024-06-17 05:17:48','2024-06-17 05:17:48'),(111,90,3,1,'2024-06-17 05:18:23','2024-06-17 05:18:23'),(112,83,3,1,'2024-06-17 05:20:15','2024-06-17 05:20:15'),(113,91,3,1,'2024-06-17 05:20:46','2024-06-17 05:20:46'),(114,102,4,1,'2024-06-17 05:27:03','2024-06-17 05:27:03'),(115,103,4,1,'2024-06-17 05:29:52','2024-06-17 05:29:52'),(116,113,4,1,'2024-06-17 05:34:19','2024-06-17 05:34:19'),(117,113,3,0,'2024-06-17 05:34:43','2024-06-17 05:35:24'),(118,114,4,1,'2024-06-17 05:36:14','2024-06-17 05:36:14'),(119,116,3,1,'2024-06-17 05:36:45','2024-06-17 05:36:45'),(120,116,4,0,'2024-06-17 05:36:45','2024-06-17 05:36:53'),(121,117,4,1,'2024-06-17 05:41:44','2024-06-17 05:41:44'),(122,118,3,1,'2024-06-17 05:46:47','2024-06-17 05:46:47'),(123,118,4,1,'2024-06-17 05:46:48','2024-06-17 05:46:48'),(124,119,4,1,'2024-06-17 05:48:41','2024-06-17 05:48:41'),(125,120,3,1,'2024-06-17 05:50:10','2024-06-17 05:50:10'),(126,121,3,1,'2024-06-17 05:50:11','2024-06-17 05:50:11'),(127,122,3,1,'2024-06-17 05:54:11','2024-06-17 05:54:11'),(128,123,3,1,'2024-06-17 05:54:12','2024-06-17 05:54:12'),(129,124,3,1,'2024-06-17 05:54:13','2024-06-17 05:54:13'),(130,125,3,1,'2024-06-17 05:54:14','2024-06-17 05:54:14'),(131,126,3,1,'2024-06-17 05:54:15','2024-06-17 05:54:15'),(132,127,3,1,'2024-06-17 05:54:16','2024-06-17 05:54:16'),(133,128,3,1,'2024-06-17 05:54:17','2024-06-17 05:54:17'),(134,129,4,1,'2024-06-17 06:01:39','2024-06-30 06:26:40'),(135,130,4,1,'2024-06-17 06:19:32','2024-06-28 06:18:50'),(136,130,3,1,'2024-06-17 06:20:58','2024-06-30 06:05:44'),(137,131,1,0,'2024-06-21 20:58:46','2024-06-28 04:51:50'),(138,131,3,1,'2024-06-21 20:58:46','2024-06-21 20:58:46'),(139,132,2,0,'2024-06-21 20:59:41','2024-06-22 02:58:06'),(140,132,3,1,'2024-06-21 20:59:41','2024-06-21 20:59:41'),(141,3,2,0,'2024-06-22 03:45:40','2024-06-23 18:00:02'),(142,10,2,0,'2024-06-22 03:46:25','2024-06-22 05:11:42'),(143,133,1,0,'2024-06-22 04:59:26','2024-06-30 03:48:47'),(144,133,3,0,'2024-06-22 04:59:26','2024-06-30 06:32:31'),(145,10,2,0,'2024-06-22 05:08:21','2024-06-22 05:11:42'),(146,14,2,0,'2024-06-22 05:11:43','2024-06-30 07:03:50'),(147,133,4,1,'2024-06-22 05:46:12','2024-06-22 05:46:12'),(148,2,2,0,'2024-06-22 18:20:17','2024-06-22 22:12:41'),(149,14,2,0,'2024-06-22 22:12:41','2024-06-30 07:03:50'),(150,39,1,0,'2024-06-22 22:43:18','2024-06-28 20:28:13'),(151,3,2,0,'2024-06-23 00:25:19','2024-06-23 18:00:02'),(152,3,2,0,'2024-06-23 00:26:22','2024-06-23 18:00:02'),(153,3,2,0,'2024-06-23 00:26:29','2024-06-23 18:00:02'),(154,3,2,0,'2024-06-23 00:31:19','2024-06-23 18:00:02'),(155,3,2,0,'2024-06-23 00:32:06','2024-06-23 18:00:02'),(156,3,2,0,'2024-06-23 00:32:38','2024-06-23 18:00:02'),(157,134,1,0,'2024-06-23 02:16:59','2024-06-30 18:29:50'),(158,134,3,0,'2024-06-23 02:16:59','2024-06-30 18:29:50'),(159,135,1,0,'2024-06-23 02:24:43','2024-06-28 06:04:12'),(160,135,3,0,'2024-06-23 02:24:43','2024-06-28 06:04:12'),(161,135,4,1,'2024-06-23 02:29:17','2024-06-23 02:29:17'),(162,136,1,1,'2024-06-23 02:36:58','2024-06-23 08:20:04'),(163,136,3,1,'2024-06-23 02:36:58','2024-06-23 02:36:58'),(164,136,4,1,'2024-06-23 02:43:45','2024-06-23 02:43:45'),(165,137,4,1,'2024-06-23 02:52:19','2024-06-23 02:52:19'),(166,3,1,1,'2024-06-23 08:16:15','2024-06-30 14:53:30'),(167,14,2,0,'2024-06-23 17:11:43','2024-06-30 07:03:50'),(168,14,2,0,'2024-06-23 17:24:48','2024-06-30 07:03:50'),(169,14,2,0,'2024-06-23 17:45:42','2024-06-30 07:03:50'),(170,14,2,0,'2024-06-23 17:46:14','2024-06-30 07:03:50'),(171,14,2,0,'2024-06-23 17:48:26','2024-06-30 07:03:50'),(172,41,2,0,'2024-06-23 19:37:36','2024-06-27 00:58:30'),(173,41,2,0,'2024-06-23 19:37:54','2024-06-27 00:58:30'),(175,138,3,1,'2024-06-24 16:20:02','2024-06-24 16:20:25'),(176,138,4,1,'2024-06-24 16:20:02','2024-06-24 16:20:02'),(177,139,3,1,'2024-06-24 16:31:23','2024-06-24 16:31:23'),(178,140,4,1,'2024-06-25 00:56:12','2024-06-28 07:33:12'),(179,141,4,0,'2024-06-25 00:57:45','2024-06-28 06:19:15'),(180,142,4,1,'2024-06-25 00:58:52','2024-06-28 07:50:49'),(181,139,1,1,'2024-06-25 01:04:22','2024-06-25 01:05:33'),(182,10,2,1,'2024-06-27 02:47:34','2024-06-27 02:47:34'),(183,39,2,1,'2024-06-27 02:47:41','2024-06-27 02:47:41'),(184,143,3,1,'2024-06-27 02:50:50','2024-06-27 02:50:50'),(185,68,2,1,'2024-06-27 03:29:53','2024-06-27 03:29:53'),(186,144,3,1,'2024-06-28 04:13:22','2024-06-28 04:48:02'),(187,144,1,1,'2024-06-28 04:51:50','2024-06-28 04:51:50'),(188,14,2,0,'2024-06-28 04:57:11','2024-06-30 07:03:50'),(189,145,3,0,'2024-06-28 05:51:46','2024-06-28 05:56:07'),(190,146,3,1,'2024-06-28 07:03:49','2024-06-28 07:03:49'),(191,140,3,1,'2024-06-28 07:22:12','2024-06-28 07:35:06'),(192,142,3,1,'2024-06-28 08:01:10','2024-06-28 08:01:30'),(193,147,3,1,'2024-06-28 13:35:34','2024-06-28 13:35:34'),(194,148,3,0,'2024-06-28 13:44:42','2024-06-30 06:29:33'),(195,148,4,1,'2024-06-28 13:44:42','2024-06-28 13:44:42'),(196,149,7,1,'2024-06-28 13:47:19','2024-06-28 16:12:19'),(197,150,7,0,'2024-06-28 13:50:43','2024-06-30 04:10:50'),(198,151,7,0,'2024-06-28 13:58:09','2024-06-28 15:57:09'),(199,152,7,0,'2024-06-28 13:58:50','2024-06-30 04:23:03'),(200,153,1,1,'2024-06-28 15:33:55','2024-06-28 15:33:55'),(201,153,3,1,'2024-06-28 15:33:55','2024-06-28 15:33:55'),(202,74,1,0,'2024-06-28 15:38:24','2024-06-30 19:14:15'),(203,81,1,1,'2024-06-28 15:40:25','2024-06-28 15:40:50'),(204,154,2,0,'2024-06-28 15:44:46','2024-06-28 15:44:58'),(205,154,3,1,'2024-06-28 15:44:46','2024-06-28 15:44:46'),(206,154,2,1,'2024-06-28 15:44:58','2024-06-28 15:44:58'),(207,155,4,0,'2024-06-28 15:49:13','2024-06-28 15:50:39'),(208,155,3,1,'2024-06-28 15:49:21','2024-06-28 15:49:43'),(209,156,3,1,'2024-06-28 15:51:37','2024-06-28 15:51:37'),(210,156,4,0,'2024-06-28 15:51:37','2024-06-28 15:51:43'),(211,157,7,0,'2024-06-28 15:57:01','2024-06-30 04:28:08'),(212,158,7,1,'2024-06-28 15:59:58','2024-06-28 15:59:58'),(213,159,1,0,'2024-06-28 16:01:46','2024-06-28 20:29:01'),(214,159,3,1,'2024-06-28 16:01:46','2024-06-30 03:49:32'),(215,160,1,1,'2024-06-28 16:02:52','2024-06-28 16:02:52'),(216,160,3,1,'2024-06-28 16:02:52','2024-06-28 16:02:52'),(217,161,7,0,'2024-06-28 16:04:22','2024-06-28 16:09:02'),(218,162,7,1,'2024-06-28 16:06:45','2024-06-28 16:06:45'),(219,163,7,1,'2024-06-28 16:08:37','2024-06-28 16:08:37'),(220,164,7,0,'2024-06-28 16:11:57','2024-06-28 16:13:07'),(221,40,1,0,'2024-06-28 20:28:13','2024-06-30 19:10:13'),(222,71,1,0,'2024-06-28 20:29:12','2024-06-28 20:34:55'),(223,165,3,1,'2024-06-28 20:34:36','2024-06-28 20:34:36'),(224,165,1,1,'2024-06-28 20:34:55','2024-06-28 20:38:39'),(225,70,1,0,'2024-06-28 20:35:06','2024-06-28 20:38:39'),(226,165,2,0,'2024-06-28 20:35:21','2024-06-28 20:38:25'),(227,166,2,0,'2024-06-28 20:35:38','2024-06-30 15:09:21'),(228,166,3,1,'2024-06-28 20:35:39','2024-06-28 20:35:39'),(229,7,2,0,'2024-06-28 20:38:25','2024-06-30 15:09:41'),(230,167,4,1,'2024-06-28 20:44:33','2024-06-30 03:36:00'),(231,168,4,1,'2024-06-28 20:47:46','2024-06-28 20:47:46'),(232,169,4,0,'2024-06-29 06:54:25','2024-06-30 07:03:12'),(233,170,4,1,'2024-06-29 09:00:02','2024-06-29 09:00:02'),(234,171,7,0,'2024-06-30 02:41:45','2024-06-30 07:56:24'),(235,172,7,1,'2024-06-30 02:42:50','2024-06-30 07:22:08'),(236,173,3,0,'2024-06-30 02:48:59','2024-06-30 03:48:27'),(237,174,3,1,'2024-06-30 03:00:03','2024-06-30 03:00:03'),(238,175,4,1,'2024-06-30 03:32:21','2024-06-30 03:32:21'),(239,176,3,1,'2024-06-30 03:34:32','2024-06-30 03:51:50'),(240,176,4,1,'2024-06-30 03:34:32','2024-06-30 03:34:32'),(241,168,3,1,'2024-06-30 03:43:48','2024-06-30 03:43:48'),(242,177,3,1,'2024-06-30 03:51:08','2024-06-30 03:51:08'),(243,178,3,1,'2024-06-30 03:57:10','2024-06-30 03:57:10'),(244,179,3,0,'2024-06-30 03:57:10','2024-06-30 06:14:03'),(245,180,3,1,'2024-06-30 03:57:11','2024-06-30 03:57:11'),(246,181,3,1,'2024-06-30 03:57:12','2024-06-30 03:57:12'),(247,182,3,1,'2024-06-30 03:57:13','2024-06-30 03:57:13'),(248,183,3,1,'2024-06-30 03:57:14','2024-06-30 03:57:14'),(249,184,3,1,'2024-06-30 03:57:15','2024-06-30 03:57:15'),(250,185,3,1,'2024-06-30 03:57:15','2024-06-30 03:57:15'),(251,186,7,0,'2024-06-30 04:01:18','2024-06-30 04:04:15'),(252,187,7,1,'2024-06-30 04:08:54','2024-06-30 04:08:54'),(253,188,7,1,'2024-06-30 04:23:38','2024-06-30 07:18:46'),(254,189,7,0,'2024-06-30 04:27:42','2024-06-30 04:28:21'),(255,190,3,1,'2024-06-30 04:53:27','2024-06-30 04:53:27'),(256,191,4,1,'2024-06-30 04:55:15','2024-06-30 04:55:15'),(257,80,1,1,'2024-06-30 05:25:47','2024-06-30 05:25:47'),(258,191,3,1,'2024-06-30 05:47:03','2024-06-30 05:47:03'),(259,192,7,0,'2024-06-30 05:56:02','2024-06-30 06:01:42'),(260,193,3,1,'2024-06-30 06:14:58','2024-06-30 06:14:58'),(261,129,3,1,'2024-06-30 06:30:40','2024-06-30 06:30:40'),(262,119,3,1,'2024-06-30 06:34:51','2024-06-30 06:34:51'),(263,102,3,1,'2024-06-30 06:40:13','2024-06-30 06:40:13'),(264,194,3,1,'2024-06-30 06:41:12','2024-06-30 06:41:38'),(265,194,4,1,'2024-06-30 06:41:12','2024-06-30 06:41:12'),(266,195,4,1,'2024-06-30 06:44:49','2024-06-30 06:44:49'),(267,196,7,1,'2024-06-30 07:23:00','2024-06-30 07:23:00'),(268,197,7,1,'2024-06-30 07:58:14','2024-06-30 07:58:14'),(269,198,1,0,'2024-06-30 14:34:00','2024-06-30 14:34:10'),(270,198,3,1,'2024-06-30 14:34:00','2024-06-30 14:34:00'),(271,199,1,1,'2024-06-30 14:41:22','2024-06-30 14:41:22'),(272,199,3,1,'2024-06-30 14:41:23','2024-06-30 14:41:23'),(273,200,1,0,'2024-06-30 14:44:51','2024-06-30 14:46:18'),(274,200,3,1,'2024-06-30 14:44:51','2024-06-30 14:44:51'),(275,201,1,1,'2024-06-30 14:48:19','2024-06-30 14:48:19'),(276,201,3,1,'2024-06-30 14:48:19','2024-06-30 14:48:19'),(277,69,1,1,'2024-06-30 14:57:52','2024-06-30 14:57:52'),(278,202,2,0,'2024-06-30 15:02:48','2024-06-30 15:16:57'),(279,202,3,1,'2024-06-30 15:02:48','2024-06-30 15:02:48'),(280,166,2,1,'2024-06-30 15:09:22','2024-06-30 15:09:22'),(281,7,2,1,'2024-06-30 15:09:42','2024-06-30 15:09:42'),(282,157,1,0,'2024-06-30 18:13:42','2024-06-30 19:11:18'),(283,203,1,0,'2024-06-30 18:20:05','2024-06-30 19:14:15'),(284,203,3,0,'2024-06-30 18:20:05','2024-06-30 19:08:37'),(285,204,1,0,'2024-06-30 18:55:14','2024-06-30 19:06:24'),(286,204,3,0,'2024-06-30 18:55:14','2024-06-30 18:57:07'),(287,205,1,0,'2024-06-30 18:59:46','2024-06-30 19:06:24'),(288,205,3,0,'2024-06-30 18:59:47','2024-06-30 19:02:24'),(289,206,1,0,'2024-06-30 19:02:57','2024-06-30 19:06:24'),(290,206,3,1,'2024-06-30 19:02:58','2024-06-30 19:02:58'),(291,122,1,1,'2024-06-30 19:11:19','2024-06-30 19:11:19'),(292,207,4,1,'2024-06-30 23:13:53','2024-06-30 23:13:53'),(296,210,1,0,'2024-07-01 22:28:00','2024-07-01 22:31:06'),(297,210,3,1,'2024-07-01 22:28:00','2024-07-01 22:28:00'),(298,73,1,1,'2024-07-02 01:49:33','2024-07-02 01:49:33'),(299,218,3,1,'2024-07-02 01:58:42','2024-07-02 01:58:42'),(300,219,3,1,'2024-07-02 02:17:15','2024-07-02 02:17:15'),(301,220,3,1,'2024-07-02 02:38:39','2024-07-02 02:38:39'),(302,220,4,1,'2024-07-02 02:38:39','2024-07-02 02:45:08'),(303,221,3,1,'2024-07-02 02:40:40','2024-07-02 02:40:40'),(304,222,7,1,'2024-07-02 02:41:03','2024-07-02 02:41:03'),(305,221,1,1,'2024-07-02 02:42:30','2024-07-02 02:42:30'),(306,210,2,1,'2024-07-02 02:42:54','2024-07-02 02:42:54');
/*!40000 ALTER TABLE `Roles_Usuario` ENABLE KEYS */;
UNLOCK TABLES;

--
-- Table structure for table `SequelizeMeta`
--

DROP TABLE IF EXISTS `SequelizeMeta`;
/*!40101 SET @saved_cs_client     = @@character_set_client */;
/*!50503 SET character_set_client = utf8mb4 */;
CREATE TABLE `SequelizeMeta` (
  `name` varchar(255) CHARACTER SET utf8mb3 COLLATE utf8mb3_unicode_ci NOT NULL,
  PRIMARY KEY (`name`),
  UNIQUE KEY `name` (`name`)
) ENGINE=InnoDB DEFAULT CHARSET=utf8mb3 COLLATE=utf8mb3_unicode_ci;
/*!40101 SET character_set_client = @saved_cs_client */;

--
-- Dumping data for table `SequelizeMeta`
--

LOCK TABLES `SequelizeMeta` WRITE;
/*!40000 ALTER TABLE `SequelizeMeta` DISABLE KEYS */;
INSERT INTO `SequelizeMeta` VALUES (''),('20240429180727-create-usuario.js'),('20240501155904-create-opcionsidebar.js'),('20240501171917-create-rol.js'),('20240501174055-create-rolesUsuario.js'),('20240501221054-create-rol-opciones.js.js'),('20240503022434-create-facultad.js'),('20240503023220-update-usuario.js.js'),('20240504235520-create-programa.js'),('20240504235616-add_fid_programa_to_usuario.js'),('20240505033731-create-disponibilidad.js.js'),('20240505053433-create-historicoestudiante.js'),('20240505055459-create-sesioncita.js'),('20240507124638-create-unidadacademica.js'),('20240508154942-add-siglas-to-facultad.js'),('20240519225714-add-fechaHoraInicio-fechaHoraFin-to-SesionCita.js'),('20240521003535-create-TipoFormato.js'),('20240521003625-create-TipoObligatoriedad.js'),('20240521004018-create-TipoPermanencia.js'),('20240521004412-create-TipoTutor.js'),('20240521004548-create-TipoTutoria.js'),('20240521004621-create-AsignacionTipoTutoria.js'),('20240521005544-create-EstadoSolicitudTutorFijo.js'),('20240521005736-create-SolicitudTutorFijo.js'),('20240521010001-create-AsignacionTutorAlumno.js'),('20240521024559-rename-colummSesioCita.js'),('20240521051014-add-es_corta-to-sesion-cita.js'),('20240522010838-create-estado-cita.js'),('20240522015814-modify-fid-estado-cita.js'),('20240522021128-add-creation-update-dates-to-estado-cita.js'),('20240522021652-create-derivacion-table.js'),('20240522021855-create-resultado-cita-table.js'),('20240522022127-create-compromiso-cita-table.js'),('20240522022257-create-estado-compromiso-cita-table.js'),('20240522213721-create-TipoModalidad.js'),('20240522222607-agregar-facultad-tipo-tutoria.js'),('20240522223533-add-TipoModalidadToSesionCita.js'),('20240523223726-add-fid-tutor-to-solicitudtutorfijo.js'),('20240524204810-add-relations-solicitud-tutor-fijo.js'),('20240526162030-add-fid_tipoTutoria-to-SolicitudTutorFijo.js'),('20240526163320-add-foreign-key-to-fid_tipoTutoria.js'),('20240526195620-add-fid_usuario-to-asignaciontipo_tutoria.js'),('20240527204629-addcolumm-in-TipoTutoria-fid-programa.js'),('20240531145927-create-alumno-sesion-cita.js'),('20240531153642-make-fid_alumno-optional-in-sesionCita.js'),('20240531163249-add_fid_sesionCita_to_compromisoCita.js'),('20240531164650-add_detalleResultado_to_resultadoCita.js'),('20240604233121-add-column-motivoRechazo.js'),('20240605130126-add-esTutor-to-asignacionTipoTutoria.js'),('20240609050321-update-derivacion-table.js'),('20240612172114-add-password-reset-token.js'),('20240613044253-create-encuesta.js'),('20240613193841-add-fk-estado-compromiso-to-compromiso-cita.js'),('20240613195746-add-relationship-resultado-cita-sesion-cita.js'),('20240613210417-add-estado-encuesta.js'),('20240613210536-add-fid-estado-encuesta-to-encuesta.js'),('20240617031435-create-asistencia-cita-table.js'),('20240619055356-add-relationships-to-derivacion.js'),('20240619061411-add-timestamps-to-asistencia-cita.js'),('20240619173700-create-notificaciones.js'),('20240619182541-rename-columns-notificaciones.js'),('20240619194449-remove-unnecessary-columns-from-notificaciones.js'),('20240620002033-create-EstadoEncuestaMaestra.js'),('20240620002121-create-EncuestaMaestra.js'),('20240620002547-create-historial-citas.js'),('20240620002704-modify-Encuestas.js'),('20240620003918-create-EncuestaV2.js'),('20240620044825-add-cita-details-to-notificaciones.js'),('20240621191037-add-fid_facultad-to-derivacion.js'),('20240626064341-change-blob-notas.js'),('20240626224547-create-pregunta.js'),('20240627005230-create-opcion.js'),('20240627005304-create-respuesta.js'),('20240627032814-rename-fid-coord-to-fid-facultad.js'),('20240627210911-add-esActivo-to-Respuesta.js'),('20240629060907-add-nuevas-tablas.js'),('20240629070803-seed-opcion-pregunta.js'),('20240630035027-add-field-create-date-encuesta.js'),('20240701192326-add-audit-table.js'),('20240701213253-allow-performedBy-null.js'),('20240701213619-add-timestamps-to-alumno-sesion-cita.js');
/*!40000 ALTER TABLE `SequelizeMeta` ENABLE KEYS */;
UNLOCK TABLES;

--
-- Table structure for table `SesionCita`
--

DROP TABLE IF EXISTS `SesionCita`;
/*!40101 SET @saved_cs_client     = @@character_set_client */;
/*!50503 SET character_set_client = utf8mb4 */;
CREATE TABLE `SesionCita` (
  `id_cita` int NOT NULL AUTO_INCREMENT,
  `fid_tutor` int NOT NULL,
  `fid_alumno` int DEFAULT NULL,
  `fid_tipoTutoria` int DEFAULT NULL,
  `fid_resultado` int DEFAULT NULL,
  `fid_derivacion` int DEFAULT NULL,
  `lugar_link` varchar(255) DEFAULT NULL,
  `fid_estado_cita` int DEFAULT NULL,
  `esActivo` tinyint(1) NOT NULL DEFAULT '1',
  `fechaCreacion` datetime NOT NULL DEFAULT CURRENT_TIMESTAMP,
  `fechaActualizacion` datetime NOT NULL DEFAULT CURRENT_TIMESTAMP ON UPDATE CURRENT_TIMESTAMP,
  `fechaHoraInicio` datetime NOT NULL,
  `fechaHoraFin` datetime NOT NULL,
  `es_corta` tinyint(1) NOT NULL DEFAULT '0',
  `fid_tipoModalidad` int DEFAULT NULL,
  `motivoRechazo` varchar(255) DEFAULT NULL,
  `temp_uuid` char(36) CHARACTER SET utf8mb4 COLLATE utf8mb4_bin NOT NULL,
  PRIMARY KEY (`id_cita`),
  KEY `fid_tutor` (`fid_tutor`),
  KEY `fid_alumno` (`fid_alumno`),
  KEY `fid_estado_cita` (`fid_estado_cita`),
  KEY `SesionCita_fid_tipoModalidad_foreign_idx` (`fid_tipoModalidad`),
  KEY `fk_sesion_cita_resultado` (`fid_resultado`),
  CONSTRAINT `fk_sesion_cita_resultado` FOREIGN KEY (`fid_resultado`) REFERENCES `ResultadoCita` (`id_resultado`),
  CONSTRAINT `SesionCita_fid_tipoModalidad_foreign_idx` FOREIGN KEY (`fid_tipoModalidad`) REFERENCES `TipoModalidad` (`id_tipoModalidad`),
  CONSTRAINT `SesionCita_ibfk_1` FOREIGN KEY (`fid_tutor`) REFERENCES `Usuario` (`id_usuario`),
  CONSTRAINT `SesionCita_ibfk_2` FOREIGN KEY (`fid_alumno`) REFERENCES `Usuario` (`id_usuario`),
  CONSTRAINT `SesionCita_ibfk_3` FOREIGN KEY (`fid_estado_cita`) REFERENCES `EstadoCita` (`id_estado_cita`)
) ENGINE=InnoDB AUTO_INCREMENT=197 DEFAULT CHARSET=utf8mb4 COLLATE=utf8mb4_0900_ai_ci;
/*!40101 SET character_set_client = @saved_cs_client */;

--
-- Dumping data for table `SesionCita`
--

LOCK TABLES `SesionCita` WRITE;
/*!40000 ALTER TABLE `SesionCita` DISABLE KEYS */;
INSERT INTO `SesionCita` VALUES (1,2,NULL,82,2,NULL,'N305',2,1,'2024-06-16 15:52:44','2024-06-16 16:35:09','2024-06-21 18:00:00','2024-06-21 19:00:00',0,1,NULL,''),(2,2,NULL,82,4,NULL,'V504',2,1,'2024-06-16 16:36:49','2024-06-16 16:39:05','2024-06-21 12:30:00','2024-06-21 13:30:00',0,1,NULL,''),(3,2,NULL,82,NULL,NULL,'A706',1,1,'2024-06-16 16:41:06','2024-06-16 16:41:06','2024-06-21 15:30:00','2024-06-21 16:30:00',0,1,NULL,''),(4,2,NULL,82,NULL,NULL,'V402',1,1,'2024-06-16 17:07:52','2024-06-16 17:07:52','2024-06-16 18:00:00','2024-06-16 19:00:00',0,1,NULL,''),(5,2,NULL,82,NULL,NULL,'-',1,1,'2024-06-16 17:34:23','2024-06-16 17:34:23','2024-06-16 20:00:00','2024-06-16 21:00:00',0,1,NULL,''),(6,2,NULL,82,55,NULL,'zoom.com',2,1,'2024-06-16 20:08:53','2024-06-19 19:48:44','2024-06-12 15:30:00','2024-06-12 17:00:00',0,2,NULL,''),(7,2,NULL,82,10,NULL,'Z407',2,1,'2024-06-16 20:11:56','2024-06-16 21:45:49','2024-06-13 19:00:00','2024-06-13 20:00:00',0,1,NULL,''),(8,2,NULL,82,6,NULL,'N405',2,1,'2024-06-16 20:29:23','2024-06-16 20:29:39','2024-06-17 14:00:00','2024-06-17 15:00:00',0,1,NULL,''),(9,2,NULL,86,8,NULL,'V405',2,1,'2024-06-16 21:02:43','2024-06-16 21:44:11','2024-06-13 14:30:00','2024-06-13 15:30:00',0,1,NULL,''),(10,2,NULL,86,54,NULL,'V405',2,1,'2024-06-16 21:03:09','2024-06-19 19:48:32','2024-06-12 19:00:00','2024-06-12 20:00:00',0,1,NULL,''),(11,2,NULL,82,27,NULL,'A606',2,1,'2024-06-16 21:07:08','2024-06-17 00:19:40','2024-06-12 18:00:00','2024-06-12 19:00:00',0,1,NULL,''),(12,2,NULL,82,NULL,NULL,'N302',3,1,'2024-06-16 21:44:47','2024-06-17 04:04:14','2024-06-13 18:00:00','2024-06-13 19:00:00',0,1,'',''),(13,2,NULL,86,14,NULL,'V405',2,1,'2024-06-16 21:47:58','2024-06-16 21:49:48','2024-06-13 17:00:00','2024-06-13 18:00:00',0,1,NULL,''),(14,2,NULL,86,15,NULL,'V405',2,1,'2024-06-16 21:54:38','2024-06-16 22:00:33','2024-06-12 17:00:00','2024-06-12 18:00:00',0,1,NULL,''),(15,2,NULL,86,16,NULL,'B450',2,1,'2024-06-16 22:05:56','2024-06-16 22:06:36','2024-06-13 15:30:00','2024-06-13 16:30:00',0,1,NULL,''),(16,2,NULL,86,25,NULL,'V450',2,1,'2024-06-16 22:17:31','2024-06-16 23:08:42','2024-06-14 14:00:00','2024-06-14 15:00:00',0,1,NULL,''),(17,2,NULL,86,39,NULL,'V301',2,1,'2024-06-16 22:22:21','2024-06-17 03:35:56','2024-06-14 18:00:00','2024-06-14 19:00:00',0,1,NULL,''),(18,2,NULL,82,NULL,NULL,'B204',1,1,'2024-06-16 22:29:16','2024-06-16 22:29:16','2024-06-18 14:00:00','2024-06-18 15:30:00',0,1,NULL,''),(19,2,NULL,86,19,NULL,'A402',2,1,'2024-06-16 22:32:33','2024-06-16 22:33:12','2024-06-14 16:00:00','2024-06-14 17:00:00',0,1,NULL,''),(20,2,NULL,86,41,NULL,'A408',2,1,'2024-06-16 22:35:59','2024-06-17 03:53:42','2024-06-14 20:00:00','2024-06-14 21:00:00',0,1,NULL,''),(21,2,NULL,86,NULL,NULL,'M302',1,1,'2024-06-16 22:44:35','2024-06-16 22:44:35','2024-06-18 18:00:00','2024-06-18 19:00:00',0,1,NULL,''),(22,2,NULL,86,NULL,NULL,'A101',1,1,'2024-06-16 22:54:57','2024-06-16 22:54:57','2024-06-18 16:00:00','2024-06-18 17:00:00',0,1,NULL,''),(23,2,NULL,86,NULL,NULL,'A101',1,1,'2024-06-16 22:55:04','2024-06-16 22:55:04','2024-06-17 19:00:00','2024-06-17 19:30:00',0,1,NULL,''),(24,2,NULL,82,NULL,NULL,'A101',1,1,'2024-06-16 22:55:48','2024-06-16 22:55:48','2024-06-17 17:00:00','2024-06-17 18:00:00',0,1,NULL,''),(25,2,NULL,82,57,NULL,'S101',2,1,'2024-06-16 22:56:28','2024-06-19 22:18:10','2024-06-19 16:00:00','2024-06-19 17:00:00',0,1,NULL,''),(26,2,NULL,83,40,NULL,'V203',2,1,'2024-06-17 01:04:42','2024-06-17 03:36:29','2024-06-14 15:00:00','2024-06-14 15:30:00',0,1,NULL,''),(27,2,NULL,87,28,NULL,'V405',2,1,'2024-06-17 01:34:12','2024-06-17 01:34:28','2024-06-15 12:00:00','2024-06-15 13:30:00',0,1,NULL,''),(28,2,NULL,87,29,NULL,'googleMeetings.com',2,1,'2024-06-17 01:34:45','2024-06-17 01:35:09','2024-06-15 19:30:00','2024-06-15 21:00:00',0,2,NULL,''),(29,2,NULL,87,30,NULL,'B457',2,1,'2024-06-17 01:35:22','2024-06-17 01:36:06','2024-06-15 16:00:00','2024-06-15 17:30:00',0,1,NULL,''),(30,2,NULL,88,31,NULL,'A302',2,1,'2024-06-17 01:44:49','2024-06-17 01:45:19','2024-06-15 14:00:00','2024-06-15 15:00:00',0,1,NULL,''),(31,3,NULL,88,32,NULL,'zoom.com',2,1,'2024-06-17 02:21:59','2024-06-17 02:22:45','2024-06-15 13:00:00','2024-06-15 17:00:00',0,2,NULL,''),(32,3,NULL,88,33,NULL,'V401',2,1,'2024-06-17 02:28:53','2024-06-17 02:29:42','2024-06-13 12:30:00','2024-06-13 14:00:00',0,1,NULL,''),(33,2,NULL,88,NULL,NULL,'B204',1,1,'2024-06-17 03:16:32','2024-06-17 03:16:32','2024-06-15 18:00:00','2024-06-15 19:30:00',0,1,NULL,''),(34,2,NULL,88,NULL,NULL,'A705',1,1,'2024-06-17 03:16:51','2024-06-17 03:16:51','2024-06-11 13:00:00','2024-06-11 14:30:00',0,1,NULL,''),(35,2,NULL,83,NULL,NULL,'A405',1,1,'2024-06-17 03:17:01','2024-06-17 03:17:01','2024-06-11 15:30:00','2024-06-11 17:00:00',0,1,NULL,''),(36,2,NULL,88,NULL,NULL,'A408',1,1,'2024-06-17 03:18:06','2024-06-17 03:18:06','2024-06-11 17:00:00','2024-06-11 18:00:00',0,1,NULL,''),(37,2,NULL,88,NULL,NULL,'Z701',3,1,'2024-06-17 03:18:18','2024-06-17 04:04:18','2024-06-11 18:00:00','2024-06-11 19:00:00',0,1,'',''),(38,2,NULL,82,NULL,NULL,'A504',1,1,'2024-06-17 03:20:50','2024-06-17 03:20:50','2024-06-10 12:00:00','2024-06-10 13:00:00',0,1,NULL,''),(39,2,NULL,88,NULL,NULL,'a402',1,1,'2024-06-17 03:21:07','2024-06-17 03:21:07','2024-06-10 14:00:00','2024-06-10 15:00:00',0,1,NULL,''),(40,2,NULL,88,34,NULL,'A487',2,1,'2024-06-17 03:23:52','2024-06-17 03:24:19','2024-06-10 16:00:00','2024-06-10 17:00:00',0,1,NULL,''),(41,2,NULL,88,35,NULL,'A907',2,1,'2024-06-17 03:24:55','2024-06-17 03:25:31','2024-06-10 18:00:00','2024-06-10 19:00:00',0,1,NULL,''),(42,3,NULL,88,NULL,NULL,'A409',1,1,'2024-06-17 03:27:20','2024-06-17 03:27:20','2024-06-15 18:30:00','2024-06-15 19:30:00',0,1,NULL,''),(43,3,NULL,88,NULL,NULL,'A450',3,1,'2024-06-17 03:28:13','2024-06-22 05:14:30','2024-06-13 17:30:00','2024-06-13 19:00:00',0,1,NULL,''),(44,3,NULL,88,NULL,NULL,'Z504',3,1,'2024-06-17 03:29:31','2024-06-22 05:29:35','2024-06-12 13:00:00','2024-06-12 14:30:00',0,1,NULL,''),(45,3,NULL,88,36,NULL,'A405',2,1,'2024-06-17 03:31:05','2024-06-17 03:31:17','2024-06-11 13:00:00','2024-06-11 14:00:00',0,1,NULL,''),(46,2,NULL,88,37,NULL,'A801',2,1,'2024-06-17 03:32:56','2024-06-17 03:35:20','2024-06-10 21:00:00','2024-06-10 22:00:00',0,1,NULL,''),(47,2,NULL,82,NULL,NULL,'Z405',3,1,'2024-06-17 03:37:23','2024-06-17 03:38:01','2024-06-15 21:30:00','2024-06-15 22:30:00',0,1,'No tengo disponibilidad',''),(48,1,NULL,87,NULL,NULL,'N202',1,1,'2024-06-17 03:44:49','2024-06-17 03:44:49','2024-06-18 13:00:00','2024-06-18 15:00:00',0,1,NULL,''),(49,1,NULL,87,NULL,NULL,'A202',3,1,'2024-06-17 03:45:35','2024-06-17 04:04:21','2024-06-15 12:30:00','2024-06-15 14:30:00',0,1,'',''),(50,1,NULL,87,NULL,NULL,'A202',1,1,'2024-06-17 03:47:29','2024-06-17 03:47:29','2024-06-15 14:30:00','2024-06-15 16:00:00',0,1,NULL,''),(51,2,NULL,88,43,NULL,'A402',2,1,'2024-06-17 03:58:25','2024-06-17 04:00:32','2024-06-12 20:00:00','2024-06-12 21:00:00',0,1,NULL,''),(52,2,NULL,88,44,NULL,'A402',2,1,'2024-06-17 03:58:38','2024-06-17 04:00:38','2024-06-12 21:00:00','2024-06-12 22:00:00',0,1,NULL,''),(53,2,NULL,88,45,NULL,'A402',2,1,'2024-06-17 03:58:51','2024-06-17 04:00:44','2024-06-12 22:00:00','2024-06-12 23:00:00',0,1,NULL,''),(54,2,NULL,88,46,NULL,'A402',2,1,'2024-06-17 03:59:01','2024-06-17 04:00:49','2024-06-12 23:00:00','2024-06-13 00:00:00',0,1,NULL,''),(55,2,NULL,88,47,NULL,'zoom.com',2,1,'2024-06-17 03:59:15','2024-06-17 04:00:54','2024-06-13 00:00:00','2024-06-13 02:00:00',0,2,NULL,''),(56,2,NULL,87,NULL,NULL,'-',1,1,'2024-06-17 04:03:10','2024-06-17 04:03:10','2024-06-08 12:30:00','2024-06-08 13:30:00',0,1,NULL,''),(57,2,NULL,87,NULL,NULL,'-',1,1,'2024-06-17 04:03:20','2024-06-17 04:03:20','2024-06-08 12:30:00','2024-06-08 13:30:00',0,1,NULL,''),(58,2,NULL,87,NULL,NULL,'-',1,1,'2024-06-17 04:03:29','2024-06-17 04:03:29','2024-06-08 18:00:00','2024-06-08 19:30:00',0,1,NULL,''),(59,2,NULL,88,NULL,NULL,'A606',1,1,'2024-06-17 06:53:58','2024-06-17 06:53:58','2024-06-20 12:30:00','2024-06-20 14:00:00',0,1,NULL,''),(60,2,NULL,82,48,NULL,'A405',2,1,'2024-06-17 06:56:12','2024-06-17 06:57:42','2024-06-17 12:00:00','2024-06-17 13:00:00',0,1,NULL,''),(61,2,NULL,87,NULL,NULL,'A605',1,1,'2024-06-17 07:01:25','2024-06-17 07:01:25','2024-06-20 16:00:00','2024-06-20 17:00:00',0,1,NULL,''),(62,2,NULL,86,58,NULL,'N302',2,1,'2024-06-19 22:37:48','2024-06-19 22:42:36','2024-06-19 19:00:00','2024-06-19 20:00:00',0,1,NULL,''),(63,2,NULL,86,62,NULL,'N302',2,1,'2024-06-19 22:46:22','2024-06-20 20:38:09','2024-06-19 12:30:00','2024-06-19 13:30:00',0,1,NULL,''),(64,2,NULL,88,NULL,NULL,'A101',1,1,'2024-06-20 20:23:33','2024-06-20 20:23:33','2024-06-19 14:00:00','2024-06-19 15:00:00',0,1,NULL,''),(65,2,NULL,82,NULL,NULL,'V405',1,1,'2024-06-21 18:53:03','2024-06-21 18:53:03','2024-06-20 20:30:00','2024-06-20 21:30:00',0,1,NULL,''),(66,2,NULL,82,NULL,NULL,'A405',1,1,'2024-06-21 19:40:56','2024-06-21 19:40:56','2024-06-20 19:00:00','2024-06-20 20:00:00',0,1,NULL,''),(67,2,NULL,82,NULL,NULL,'B709',1,1,'2024-06-21 19:42:52','2024-06-21 19:42:52','2024-06-19 21:00:00','2024-06-19 22:00:00',0,1,NULL,''),(68,2,NULL,82,63,NULL,'A104',3,0,'2024-06-21 20:03:13','2024-06-22 04:53:22','2024-06-21 01:00:00','2024-06-21 02:00:00',0,1,NULL,''),(69,3,NULL,88,NULL,NULL,'V202',3,0,'2024-06-21 20:45:01','2024-06-22 05:02:15','2024-06-19 13:30:00','2024-06-19 14:00:00',0,1,NULL,''),(70,3,NULL,83,NULL,NULL,'303',1,1,'2024-06-21 20:45:42','2024-06-21 20:45:42','2024-06-19 14:30:00','2024-06-19 15:00:00',0,1,NULL,''),(71,3,NULL,83,NULL,NULL,'V3030',1,1,'2024-06-21 20:48:18','2024-06-21 20:48:18','2024-06-21 14:00:00','2024-06-21 14:30:00',0,1,NULL,''),(72,3,NULL,88,NULL,NULL,'V2303',1,1,'2024-06-21 20:48:46','2024-06-21 20:48:46','2024-06-21 16:00:00','2024-06-21 16:30:00',0,1,NULL,''),(73,2,NULL,88,NULL,NULL,'Z304',1,1,'2024-06-21 20:50:23','2024-06-21 20:50:23','2024-06-21 00:00:00','2024-06-21 01:00:00',0,1,NULL,''),(74,3,NULL,88,NULL,NULL,'A101',1,1,'2024-06-21 22:55:48','2024-06-21 22:55:48','2024-06-21 18:30:00','2024-06-21 19:00:00',0,1,NULL,''),(75,3,NULL,88,NULL,NULL,'A101',1,1,'2024-06-21 23:28:15','2024-06-21 23:28:15','2024-06-21 13:00:00','2024-06-21 13:30:00',0,1,NULL,''),(76,3,NULL,88,NULL,NULL,'A302',1,1,'2024-06-21 23:30:56','2024-06-21 23:30:56','2024-06-21 17:00:00','2024-06-21 17:30:00',0,1,NULL,''),(77,3,NULL,88,NULL,NULL,'N302',3,0,'2024-06-21 23:31:48','2024-06-22 04:55:45','2024-06-22 13:30:00','2024-06-22 14:00:00',0,1,'motivo 1',''),(78,3,NULL,88,NULL,NULL,'A502',1,1,'2024-06-21 23:32:50','2024-06-21 23:32:50','2024-06-21 15:00:00','2024-06-21 15:30:00',0,1,NULL,''),(79,3,NULL,88,NULL,NULL,'A101',3,0,'2024-06-21 23:35:35','2024-06-22 05:06:44','2024-06-22 16:30:00','2024-06-22 17:00:00',0,1,NULL,''),(80,3,NULL,88,NULL,NULL,'N302',1,1,'2024-06-21 23:42:31','2024-06-21 23:42:31','2024-06-22 19:30:00','2024-06-22 20:30:00',0,1,NULL,''),(81,2,NULL,88,NULL,NULL,'A202',3,1,'2024-06-22 03:14:37','2024-06-22 04:17:58','2024-06-22 13:00:00','2024-06-22 14:00:00',0,1,'Cancelacion',''),(82,2,NULL,82,NULL,NULL,'A202',3,1,'2024-06-22 04:08:08','2024-06-22 04:08:41','2024-06-22 18:00:00','2024-06-22 20:00:00',0,1,'Motivo 1',''),(83,2,NULL,82,NULL,NULL,'A202',3,1,'2024-06-22 04:09:58','2024-06-22 04:10:06','2024-06-22 18:00:00','2024-06-22 20:00:00',0,1,'Motivo 2',''),(84,2,NULL,82,NULL,NULL,'A202',3,1,'2024-06-22 04:11:09','2024-06-22 04:11:49','2024-06-22 18:00:00','2024-06-22 20:00:00',0,1,'',''),(85,2,NULL,82,NULL,NULL,'A202',3,1,'2024-06-22 04:12:27','2024-06-22 04:14:51','2024-06-22 18:00:00','2024-06-22 20:00:00',0,1,'Motivo 4',''),(86,2,NULL,82,NULL,NULL,'A202',3,1,'2024-06-22 04:15:56','2024-06-22 04:16:26','2024-06-22 18:30:00','2024-06-22 20:00:00',0,1,'Motivo 5',''),(87,2,NULL,82,NULL,NULL,'A202',3,1,'2024-06-22 04:19:04','2024-06-22 05:53:50','2024-06-22 18:30:00','2024-06-22 20:30:00',0,1,'Desasignación de tutor',''),(88,3,NULL,88,NULL,NULL,'a232',3,1,'2024-06-22 04:58:26','2024-06-22 05:29:07','2024-06-22 14:00:00','2024-06-22 15:00:00',0,1,'motivo axel',''),(89,3,NULL,88,NULL,NULL,'a121',3,0,'2024-06-22 04:59:24','2024-06-22 05:00:11','2024-06-23 15:00:00','2024-06-23 16:00:00',0,1,'motivo para alex',''),(90,2,NULL,88,NULL,NULL,'A202',3,1,'2024-06-22 05:55:09','2024-06-22 05:55:21','2024-06-22 18:00:00','2024-06-22 18:30:00',0,1,'Motivo renatto',''),(91,3,NULL,88,NULL,NULL,'a202',3,1,'2024-06-22 05:56:26','2024-06-22 05:56:34','2024-06-23 16:30:00','2024-06-23 17:30:00',0,1,'',''),(92,2,NULL,87,NULL,NULL,'A202',3,1,'2024-06-22 06:03:04','2024-06-22 06:05:51','2024-06-22 18:30:00','2024-06-22 21:00:00',0,1,'Desasignación de tutor',''),(93,3,NULL,88,NULL,NULL,'a202',3,1,'2024-06-22 06:05:40','2024-06-22 06:06:17','2024-06-23 18:00:00','2024-06-23 19:00:00',0,1,'motivo 1',''),(94,3,NULL,88,NULL,NULL,'s23',3,1,'2024-06-22 06:06:40','2024-06-22 06:07:19','2024-06-23 16:00:00','2024-06-23 16:30:00',0,1,'motivo 2',''),(95,2,NULL,82,NULL,NULL,'A200',3,1,'2024-06-22 06:08:32','2024-06-22 06:11:17','2024-06-22 17:30:00','2024-06-22 19:30:00',0,1,'Desasignación de tutor',''),(96,2,NULL,82,NULL,NULL,'N200',3,1,'2024-06-22 06:14:20','2024-06-22 06:15:59','2024-06-22 19:30:00','2024-06-22 21:00:00',0,1,'Desasignación de tutor',''),(97,2,NULL,82,NULL,NULL,'A202',3,1,'2024-06-22 06:20:16','2024-06-22 06:30:37','2024-06-22 17:30:00','2024-06-22 19:30:00',0,1,'Desasignación de tutor',''),(98,2,NULL,82,NULL,NULL,'A202',3,1,'2024-06-22 06:44:17','2024-06-22 06:46:46','2024-06-22 15:00:00','2024-06-22 17:30:00',0,1,'Desasignación de tutor',''),(99,2,NULL,82,NULL,NULL,'N200',3,1,'2024-06-22 06:45:09','2024-06-22 06:46:45','2024-06-22 18:30:00','2024-06-22 21:00:00',0,1,'Desasignación de tutor',''),(100,2,NULL,82,NULL,NULL,'N200',3,1,'2024-06-22 06:46:13','2024-06-22 22:04:59','2024-06-23 17:00:00','2024-06-23 18:30:00',0,1,'Desasignación de tutor',''),(101,2,NULL,86,NULL,NULL,'A200',3,1,'2024-06-22 07:08:32','2024-06-22 07:09:30','2024-06-23 15:00:00','2024-06-23 16:30:00',0,1,'Desasignación de tutor',''),(102,2,NULL,86,NULL,NULL,'A200',3,1,'2024-06-22 07:11:12','2024-06-22 07:11:56','2024-06-23 19:00:00','2024-06-23 20:30:00',0,1,'',''),(103,2,NULL,86,NULL,NULL,'A200',3,1,'2024-06-22 07:12:30','2024-06-22 07:13:51','2024-06-23 18:30:00','2024-06-23 20:30:00',0,1,'Desasignación de tutor',''),(104,2,NULL,86,NULL,NULL,'A200',3,1,'2024-06-22 07:25:34','2024-06-22 07:26:34','2024-06-23 21:00:00','2024-06-23 22:30:00',0,1,'Desasignación de tutor',''),(105,2,NULL,82,NULL,NULL,'A400',3,1,'2024-06-22 21:27:17','2024-06-23 19:46:00','2024-06-23 22:30:00','2024-06-24 00:00:00',0,1,'Desasignación de tutor',''),(106,2,NULL,82,NULL,NULL,'A200',3,1,'2024-06-22 21:34:46','2024-06-22 22:04:59','2024-06-23 18:30:00','2024-06-23 19:00:00',0,1,'Desasignación de tutor',''),(107,2,NULL,82,NULL,NULL,'A200',3,1,'2024-06-22 21:49:58','2024-06-22 22:04:59','2024-06-23 13:30:00','2024-06-23 15:00:00',0,1,'Desasignación de tutor',''),(108,2,NULL,82,NULL,NULL,'A300',3,1,'2024-06-22 21:50:06','2024-06-22 22:04:59','2024-06-23 16:30:00','2024-06-23 17:00:00',0,1,'Desasignación de tutor',''),(109,2,NULL,82,NULL,NULL,'A200',3,1,'2024-06-22 21:50:18','2024-06-22 22:04:59','2024-06-23 18:00:00','2024-06-23 18:30:00',0,1,'Desasignación de tutor',''),(110,2,NULL,82,NULL,NULL,'N300',3,1,'2024-06-22 21:50:24','2024-06-23 19:46:00','2024-06-23 20:30:00','2024-06-23 21:00:00',0,1,'Desasignación de tutor',''),(111,2,NULL,82,NULL,NULL,'A200',3,1,'2024-06-22 21:51:43','2024-06-22 22:04:59','2024-06-23 14:30:00','2024-06-23 15:00:00',0,1,'Desasignación de tutor',''),(112,2,NULL,82,NULL,NULL,'A300',3,1,'2024-06-22 21:51:52','2024-06-23 19:28:11','2024-06-23 19:30:00','2024-06-23 21:30:00',0,1,'Desasignación de tutor',''),(113,2,NULL,82,NULL,NULL,'A200',3,1,'2024-06-24 06:25:12','2024-06-24 06:46:19','2024-06-25 14:00:00','2024-06-25 16:00:00',0,1,'Desasignación de tutor',''),(114,139,NULL,84,65,NULL,'123',2,1,'2024-06-24 17:20:59','2024-06-28 02:59:14','2024-06-26 16:00:00','2024-06-26 18:00:00',0,1,NULL,''),(115,139,NULL,84,NULL,NULL,'123',1,1,'2024-06-24 18:41:47','2024-06-24 18:41:47','2024-06-26 19:00:00','2024-06-26 21:00:00',0,1,NULL,''),(116,2,NULL,89,NULL,NULL,'A301',3,1,'2024-06-25 01:16:28','2024-06-25 01:16:36','2024-06-26 17:00:00','2024-06-26 19:00:00',0,1,'',''),(117,2,NULL,89,NULL,NULL,'A200',3,1,'2024-06-26 05:50:15','2024-06-27 00:40:51','2024-06-27 15:00:00','2024-06-27 17:30:00',0,1,'Desasignación de tutor',''),(118,2,NULL,89,NULL,NULL,'A200',1,1,'2024-06-26 05:50:31','2024-06-26 05:50:31','2024-06-25 16:00:00','2024-06-25 17:30:00',0,1,NULL,''),(119,2,NULL,84,NULL,NULL,'A300',1,1,'2024-06-26 05:53:30','2024-06-26 05:53:30','2024-06-25 17:30:00','2024-06-25 18:00:00',0,1,NULL,''),(120,2,NULL,89,NULL,NULL,'A320',1,1,'2024-06-26 06:50:45','2024-06-26 06:50:45','2024-06-25 13:00:00','2024-06-25 15:00:00',0,1,NULL,''),(121,2,NULL,82,82,NULL,'A200',2,1,'2024-06-26 06:53:10','2024-06-29 09:05:09','2024-06-25 18:30:00','2024-06-25 20:00:00',0,1,NULL,''),(122,2,NULL,88,NULL,NULL,'V2302',1,1,'2024-06-27 04:50:22','2024-06-27 04:50:22','2024-06-28 14:00:00','2024-06-28 15:00:00',0,1,NULL,''),(123,2,NULL,88,NULL,NULL,'V304',1,1,'2024-06-27 04:55:10','2024-06-27 04:55:10','2024-06-26 13:00:00','2024-06-26 14:00:00',0,1,NULL,''),(124,2,NULL,88,NULL,NULL,'V2031',1,1,'2024-06-27 06:08:26','2024-06-27 06:08:26','2024-06-26 15:00:00','2024-06-26 15:30:00',0,1,NULL,''),(125,2,NULL,88,100,NULL,'-',2,1,'2024-06-27 17:32:57','2024-06-30 08:35:37','2024-06-27 19:00:00','2024-06-27 20:00:00',0,1,NULL,''),(126,2,NULL,88,64,NULL,'A405',3,1,'2024-06-28 01:42:57','2024-06-28 18:43:19','2024-06-26 16:00:00','2024-06-26 17:00:00',0,1,'',''),(127,139,NULL,91,NULL,NULL,'A101',3,1,'2024-06-28 03:14:19','2024-06-28 03:17:16','2024-06-29 16:00:00','2024-06-29 17:00:00',0,1,'Enfermedad',''),(128,2,NULL,93,66,NULL,'A502',2,1,'2024-06-28 16:53:06','2024-06-28 17:08:50','2024-06-27 20:30:00','2024-06-27 21:30:00',0,1,NULL,''),(129,2,NULL,93,NULL,NULL,'A501',1,1,'2024-06-28 17:17:13','2024-06-28 17:17:13','2024-06-28 16:00:00','2024-06-28 17:00:00',0,1,NULL,''),(130,2,NULL,92,NULL,NULL,'V302',3,1,'2024-06-28 17:22:56','2024-06-28 17:24:52','2024-06-28 22:00:00','2024-06-28 23:00:00',0,1,'Desasignación de tutor',''),(131,2,NULL,94,NULL,NULL,'A205',3,1,'2024-06-28 18:32:03','2024-06-28 18:32:54','2024-06-28 22:00:00','2024-06-28 23:00:00',0,1,'Desasignación de tutor',''),(132,139,NULL,91,NULL,NULL,'A101',3,1,'2024-06-28 19:22:48','2024-06-28 19:23:03','2024-06-29 14:30:00','2024-06-29 15:30:00',0,1,'Enfermedad',''),(133,139,NULL,91,NULL,NULL,'A101',1,1,'2024-06-28 19:23:43','2024-06-28 19:23:43','2024-06-27 16:00:00','2024-06-27 17:30:00',0,1,NULL,''),(134,139,NULL,91,NULL,NULL,'A101',1,1,'2024-06-28 19:29:30','2024-06-28 19:29:30','2024-06-27 21:30:00','2024-06-27 22:30:00',0,1,NULL,''),(136,139,NULL,91,NULL,NULL,'A302',1,1,'2024-06-28 19:36:23','2024-06-28 19:36:23','2024-06-26 22:30:00','2024-06-26 23:30:00',0,1,NULL,''),(137,139,NULL,91,67,NULL,'A101',2,1,'2024-06-28 19:39:57','2024-06-28 19:40:10','2024-06-27 14:00:00','2024-06-27 15:00:00',0,1,NULL,''),(138,139,NULL,84,68,NULL,'N302',2,1,'2024-06-28 19:47:37','2024-06-28 19:48:07','2024-06-27 19:00:00','2024-06-27 20:00:00',0,1,NULL,''),(139,139,NULL,91,NULL,NULL,'-',1,1,'2024-06-28 20:06:31','2024-06-28 20:06:31','2024-06-27 17:30:00','2024-06-27 18:30:00',0,1,NULL,''),(140,2,NULL,88,69,NULL,'A750',2,1,'2024-06-28 21:15:16','2024-06-28 21:15:50','2024-06-27 23:00:00','2024-06-28 00:00:00',0,1,NULL,''),(141,2,NULL,88,70,NULL,'A201',2,1,'2024-06-28 21:16:15','2024-06-28 21:16:26','2024-06-28 20:30:00','2024-06-28 21:00:00',0,1,NULL,''),(142,2,NULL,88,71,NULL,'Z480',2,1,'2024-06-28 22:21:56','2024-06-28 22:22:29','2024-06-28 21:00:00','2024-06-28 21:30:00',0,1,NULL,''),(143,139,NULL,91,NULL,NULL,'A406',3,1,'2024-06-28 22:56:50','2024-06-30 06:15:19','2024-06-30 15:00:00','2024-06-30 15:30:00',0,1,'Desasignación de tutor',''),(144,2,NULL,88,72,NULL,'A460',2,1,'2024-06-28 23:28:47','2024-06-28 23:29:01','2024-06-28 20:00:00','2024-06-28 20:30:00',0,1,NULL,''),(145,2,NULL,88,73,NULL,'Z204',2,1,'2024-06-28 23:35:38','2024-06-28 23:35:52','2024-06-28 18:30:00','2024-06-28 19:00:00',0,1,NULL,''),(146,2,NULL,88,74,NULL,'A201',2,1,'2024-06-29 00:06:04','2024-06-29 00:06:25','2024-06-28 17:30:00','2024-06-28 18:00:00',0,1,NULL,''),(147,2,NULL,88,75,NULL,'A201',2,1,'2024-06-29 00:27:58','2024-06-29 00:28:24','2024-06-28 19:00:00','2024-06-28 19:30:00',0,1,NULL,''),(148,2,NULL,88,76,NULL,'Z105',2,1,'2024-06-29 00:28:54','2024-06-29 00:29:15','2024-06-28 23:00:00','2024-06-28 23:30:00',0,1,NULL,''),(149,2,NULL,88,NULL,NULL,'A204',1,1,'2024-06-29 00:30:42','2024-06-29 00:30:42','2024-06-29 20:30:00','2024-06-29 21:00:00',0,1,NULL,''),(150,2,NULL,88,77,NULL,'A302',2,1,'2024-06-29 00:31:27','2024-06-29 00:31:37','2024-06-29 00:00:00','2024-06-29 00:30:00',0,1,NULL,''),(151,2,NULL,88,78,NULL,'N504',2,1,'2024-06-29 00:46:19','2024-06-29 00:46:32','2024-06-28 23:30:00','2024-06-29 00:00:00',0,1,NULL,''),(152,2,NULL,88,79,NULL,'A405',2,1,'2024-06-29 00:47:48','2024-06-29 00:48:00','2024-06-28 21:30:00','2024-06-28 22:00:00',0,1,NULL,''),(153,2,NULL,88,NULL,NULL,'V2092',1,1,'2024-06-29 01:43:52','2024-06-29 01:43:52','2024-06-28 15:00:00','2024-06-28 15:30:00',0,1,NULL,''),(154,2,NULL,88,NULL,NULL,'V234',1,1,'2024-06-29 01:44:05','2024-06-29 01:44:05','2024-06-28 15:30:00','2024-06-28 16:00:00',0,1,NULL,''),(155,2,NULL,88,NULL,NULL,'V3501',1,1,'2024-06-29 01:44:14','2024-06-29 01:44:14','2024-06-28 13:00:00','2024-06-28 14:00:00',0,1,NULL,''),(156,2,NULL,88,NULL,NULL,'V231',1,1,'2024-06-29 01:44:22','2024-06-29 01:44:22','2024-06-28 17:00:00','2024-06-28 17:30:00',0,1,NULL,''),(157,2,NULL,88,NULL,NULL,'401',1,1,'2024-06-29 01:44:27','2024-06-29 01:44:27','2024-06-28 18:00:00','2024-06-28 18:30:00',0,1,NULL,''),(158,139,NULL,91,NULL,NULL,'-',3,1,'2024-06-29 01:46:11','2024-06-30 06:15:19','2024-06-30 21:00:00','2024-06-30 22:00:00',0,1,'Desasignación de tutor',''),(159,2,NULL,88,NULL,NULL,'A303',1,1,'2024-06-29 01:47:45','2024-06-29 01:47:45','2024-06-29 16:00:00','2024-06-29 18:30:00',0,1,NULL,''),(160,2,NULL,88,80,NULL,'N302',2,1,'2024-06-29 01:48:11','2024-06-29 01:57:33','2024-06-29 01:00:00','2024-06-29 01:30:00',0,1,NULL,''),(161,139,NULL,91,NULL,NULL,'A101',3,1,'2024-06-29 01:49:37','2024-06-30 06:15:19','2024-06-30 22:00:00','2024-06-30 23:00:00',0,1,'Desasignación de tutor',''),(162,2,NULL,88,NULL,NULL,'A320',3,1,'2024-06-29 01:50:19','2024-06-30 05:33:00','2024-06-30 17:00:00','2024-06-30 18:00:00',0,1,'Desasignación de tutor',''),(163,2,NULL,88,NULL,NULL,'303',1,1,'2024-06-29 01:53:08','2024-06-29 01:53:08','2024-06-28 19:30:00','2024-06-28 20:00:00',0,1,NULL,''),(164,2,NULL,88,NULL,NULL,'A200',3,1,'2024-06-29 01:57:52','2024-06-30 05:33:00','2024-06-30 23:30:00','2024-07-01 01:00:00',0,1,'Desasignación de tutor',''),(165,139,NULL,91,NULL,NULL,'A101',3,1,'2024-06-29 02:09:59','2024-06-30 06:15:19','2024-06-30 19:00:00','2024-06-30 20:00:00',0,1,'Desasignación de tutor',''),(166,139,NULL,91,NULL,NULL,'N302',3,1,'2024-06-29 02:13:01','2024-06-29 02:15:28','2024-06-29 18:00:00','2024-06-29 19:00:00',0,1,'Por razones de enfermedad',''),(167,2,NULL,88,81,NULL,'A405',2,1,'2024-06-29 03:34:22','2024-06-29 03:34:35','2024-06-29 02:30:00','2024-06-29 03:00:00',0,1,NULL,''),(168,2,NULL,88,88,NULL,'A200',2,1,'2024-06-29 09:04:05','2024-06-29 21:30:22','2024-06-29 14:30:00','2024-06-29 15:30:00',0,1,NULL,''),(169,2,NULL,88,NULL,NULL,'A200',1,1,'2024-06-29 09:04:21','2024-06-29 09:04:21','2024-06-25 20:00:00','2024-06-25 21:00:00',0,1,NULL,''),(170,2,NULL,88,83,NULL,'A302',2,1,'2024-06-29 16:57:37','2024-06-29 16:57:48','2024-06-29 15:30:00','2024-06-29 16:00:00',0,1,NULL,''),(171,2,NULL,88,84,NULL,'A405',2,1,'2024-06-29 17:05:44','2024-06-29 17:06:02','2024-06-29 14:00:00','2024-06-29 14:30:00',0,1,NULL,''),(172,2,NULL,88,85,NULL,'A606',2,1,'2024-06-29 17:18:53','2024-06-29 17:19:05','2024-06-29 13:30:00','2024-06-29 14:00:00',0,1,NULL,''),(173,2,NULL,88,NULL,NULL,'dfgd',1,1,'2024-06-29 17:56:08','2024-06-29 17:56:08','2024-06-29 19:00:00','2024-06-29 19:30:00',0,1,NULL,''),(174,2,NULL,88,86,NULL,'A106',2,1,'2024-06-29 18:02:25','2024-06-29 18:03:52','2024-06-29 12:30:00','2024-06-29 13:00:00',0,1,NULL,''),(175,2,NULL,88,87,NULL,'A205',2,1,'2024-06-29 19:39:09','2024-06-29 19:39:23','2024-06-29 13:00:00','2024-06-29 13:30:00',0,1,NULL,''),(176,2,NULL,88,89,NULL,'A504',2,1,'2024-06-29 21:30:42','2024-06-29 21:30:51','2024-06-29 20:00:00','2024-06-29 20:30:00',0,1,NULL,''),(183,2,NULL,88,NULL,NULL,'n320',1,1,'2024-06-29 21:54:11','2024-06-29 21:54:11','2024-06-29 19:30:00','2024-06-29 20:00:00',0,1,NULL,''),(184,2,NULL,88,90,NULL,'n302',2,1,'2024-06-29 21:54:59','2024-06-29 21:56:15','2024-06-29 18:30:00','2024-06-29 19:00:00',0,1,NULL,''),(185,2,NULL,88,91,NULL,'a301',2,1,'2024-06-29 21:58:20','2024-06-29 21:58:31','2024-06-29 21:00:00','2024-06-29 21:30:00',0,1,NULL,''),(186,2,NULL,88,92,NULL,'a201',2,1,'2024-06-29 22:23:56','2024-06-29 22:24:24','2024-06-29 21:30:00','2024-06-29 22:00:00',0,1,NULL,''),(187,2,NULL,88,93,NULL,'A401',2,1,'2024-06-29 22:51:58','2024-06-29 22:52:10','2024-06-29 22:00:00','2024-06-29 22:30:00',0,1,NULL,''),(188,2,NULL,88,94,NULL,'A401',2,1,'2024-06-29 23:02:33','2024-06-29 23:02:44','2024-06-29 22:30:00','2024-06-29 23:00:00',0,1,NULL,''),(189,2,NULL,88,95,NULL,'A401',2,1,'2024-06-30 03:16:14','2024-06-30 03:16:23','2024-06-29 23:00:00','2024-06-29 23:30:00',0,1,NULL,''),(190,2,NULL,91,99,NULL,'A200',2,1,'2024-06-30 06:51:11','2024-06-30 07:38:41','2024-06-30 15:00:00','2024-06-30 16:00:00',0,1,NULL,''),(191,2,NULL,91,96,NULL,'Z605',2,1,'2024-06-30 07:15:15','2024-06-30 07:15:35','2024-06-25 18:00:00','2024-06-25 18:30:00',0,1,NULL,''),(192,2,NULL,91,97,NULL,'A709',2,1,'2024-06-30 07:17:41','2024-06-30 07:17:53','2024-06-25 15:00:00','2024-06-25 15:30:00',0,1,NULL,''),(193,2,NULL,91,101,NULL,'A200',2,1,'2024-06-30 08:36:03','2024-06-30 08:36:16','2024-06-27 18:30:00','2024-06-27 19:00:00',0,1,NULL,''),(194,2,NULL,84,102,NULL,'A405',2,1,'2024-06-30 23:18:26','2024-06-30 23:18:43','2024-06-30 19:30:00','2024-06-30 20:00:00',0,1,NULL,''),(195,2,NULL,84,103,NULL,'Z801',2,1,'2024-06-30 23:45:56','2024-06-30 23:46:17','2024-06-30 00:30:00','2024-06-30 01:00:00',0,1,NULL,''),(196,2,NULL,84,104,NULL,'z507',2,1,'2024-06-30 23:48:28','2024-06-30 23:48:58','2024-06-30 01:30:00','2024-06-30 02:00:00',0,1,NULL,'');
/*!40000 ALTER TABLE `SesionCita` ENABLE KEYS */;
UNLOCK TABLES;

--
-- Table structure for table `SolicitudTutorFijo`
--

DROP TABLE IF EXISTS `SolicitudTutorFijo`;
/*!40101 SET @saved_cs_client     = @@character_set_client */;
/*!50503 SET character_set_client = utf8mb4 */;
CREATE TABLE `SolicitudTutorFijo` (
  `id_solicitud` int NOT NULL AUTO_INCREMENT,
  `fid_alumno` int NOT NULL,
  `esRechazado` tinyint(1) NOT NULL DEFAULT '0',
  `motivoRechazo` varchar(255) DEFAULT NULL,
  `fid_estadoSolicitud` int NOT NULL,
  `fechaRegistro` datetime NOT NULL DEFAULT CURRENT_TIMESTAMP,
  `fechaCierre` datetime DEFAULT NULL,
  `esActivo` tinyint(1) NOT NULL DEFAULT '1',
  `fechaCreacion` datetime NOT NULL DEFAULT CURRENT_TIMESTAMP,
  `fechaActualizacion` datetime NOT NULL DEFAULT CURRENT_TIMESTAMP ON UPDATE CURRENT_TIMESTAMP,
  `fid_tutor` int NOT NULL,
  `fid_tipoTutoria` int DEFAULT NULL,
  PRIMARY KEY (`id_solicitud`),
  KEY `fid_alumno` (`fid_alumno`),
  KEY `fid_estadoSolicitud` (`fid_estadoSolicitud`),
  KEY `SolicitudTutorFijo_fid_tutor_foreign_idx` (`fid_tutor`),
  KEY `fid_tipoTutoria` (`fid_tipoTutoria`),
  CONSTRAINT `SolicitudTutorFijo_fid_tutor_foreign_idx` FOREIGN KEY (`fid_tutor`) REFERENCES `Usuario` (`id_usuario`),
  CONSTRAINT `SolicitudTutorFijo_ibfk_1` FOREIGN KEY (`fid_alumno`) REFERENCES `Usuario` (`id_usuario`),
  CONSTRAINT `SolicitudTutorFijo_ibfk_2` FOREIGN KEY (`fid_estadoSolicitud`) REFERENCES `EstadoSolicitudTutorFijo` (`id_estadoSolicitud`),
  CONSTRAINT `SolicitudTutorFijo_ibfk_3` FOREIGN KEY (`fid_tipoTutoria`) REFERENCES `TipoTutoria` (`id_tipoTutoria`)
) ENGINE=InnoDB AUTO_INCREMENT=17 DEFAULT CHARSET=utf8mb4 COLLATE=utf8mb4_0900_ai_ci;
/*!40101 SET character_set_client = @saved_cs_client */;

--
-- Dumping data for table `SolicitudTutorFijo`
--

LOCK TABLES `SolicitudTutorFijo` WRITE;
/*!40000 ALTER TABLE `SolicitudTutorFijo` DISABLE KEYS */;
INSERT INTO `SolicitudTutorFijo` VALUES (1,36,0,NULL,2,'2024-06-16 19:52:26',NULL,1,'2024-06-16 19:52:26','2024-06-22 21:57:00',40,85),(2,36,1,'Ya tiene muchos alumnos asignados',3,'2024-06-16 19:52:35',NULL,1,'2024-06-16 19:52:35','2024-06-22 22:00:13',2,82),(3,4,0,NULL,2,'2024-06-17 01:40:34',NULL,1,'2024-06-17 01:40:33','2024-06-22 22:00:13',2,88),(4,4,0,NULL,2,'2024-06-17 01:40:38',NULL,1,'2024-06-17 01:40:37','2024-06-22 21:57:01',40,85),(5,4,1,'Maxima cantidad de alumnos alcanzadas',3,'2024-06-17 06:51:45',NULL,1,'2024-06-17 06:51:45','2024-06-22 22:00:13',2,84),(6,4,0,NULL,1,'2024-06-22 07:28:34',NULL,0,'2024-06-22 07:28:35','2024-06-22 07:28:58',2,82),(7,4,0,NULL,1,'2024-06-22 07:44:22',NULL,0,'2024-06-22 07:44:23','2024-06-22 07:45:31',2,82),(8,4,0,NULL,1,'2024-06-22 07:45:51',NULL,0,'2024-06-22 07:45:52','2024-06-22 07:46:05',2,82),(9,4,0,NULL,1,'2024-06-22 07:46:28',NULL,0,'2024-06-22 07:46:28','2024-06-22 07:46:58',2,82),(10,4,0,NULL,1,'2024-06-27 19:24:31',NULL,0,'2024-06-27 19:24:31','2024-06-28 16:45:17',139,89),(11,4,1,NULL,3,'2024-06-28 17:00:05',NULL,0,'2024-06-28 17:00:05','2024-06-28 17:00:10',3,89),(12,4,0,NULL,1,'2024-06-28 17:02:02',NULL,0,'2024-06-28 17:02:02','2024-06-28 17:05:13',3,89),(13,4,0,NULL,2,'2024-06-28 17:20:53',NULL,1,'2024-06-28 17:20:53','2024-06-28 17:22:22',2,92),(14,4,1,NULL,3,'2024-06-28 18:12:17',NULL,0,'2024-06-28 18:12:17','2024-06-28 18:37:22',3,89),(15,4,1,NULL,3,'2024-06-29 22:43:57',NULL,0,'2024-06-29 22:43:57','2024-06-29 22:44:02',2,94),(16,4,0,NULL,2,'2024-06-30 08:04:24',NULL,1,'2024-06-30 08:04:24','2024-06-30 08:08:14',2,94);
/*!40000 ALTER TABLE `SolicitudTutorFijo` ENABLE KEYS */;
UNLOCK TABLES;

--
-- Table structure for table `TipoFormato`
--

DROP TABLE IF EXISTS `TipoFormato`;
/*!40101 SET @saved_cs_client     = @@character_set_client */;
/*!50503 SET character_set_client = utf8mb4 */;
CREATE TABLE `TipoFormato` (
  `id_tipoFormato` int NOT NULL AUTO_INCREMENT,
  `nombre` varchar(255) NOT NULL,
  `descripcion` varchar(255) DEFAULT NULL,
  `esActivo` tinyint(1) NOT NULL DEFAULT '1',
  `fechaCreacion` datetime NOT NULL DEFAULT CURRENT_TIMESTAMP,
  `fechaActualizacion` datetime NOT NULL DEFAULT CURRENT_TIMESTAMP ON UPDATE CURRENT_TIMESTAMP,
  PRIMARY KEY (`id_tipoFormato`)
) ENGINE=InnoDB AUTO_INCREMENT=3 DEFAULT CHARSET=utf8mb4 COLLATE=utf8mb4_0900_ai_ci;
/*!40101 SET character_set_client = @saved_cs_client */;

--
-- Dumping data for table `TipoFormato`
--

LOCK TABLES `TipoFormato` WRITE;
/*!40000 ALTER TABLE `TipoFormato` DISABLE KEYS */;
INSERT INTO `TipoFormato` VALUES (1,'Individual',NULL,1,'2024-05-22 18:39:33','2024-05-22 18:39:33'),(2,'Grupal',NULL,1,'2024-05-22 18:39:38','2024-05-22 18:39:38');
/*!40000 ALTER TABLE `TipoFormato` ENABLE KEYS */;
UNLOCK TABLES;

--
-- Table structure for table `TipoModalidad`
--

DROP TABLE IF EXISTS `TipoModalidad`;
/*!40101 SET @saved_cs_client     = @@character_set_client */;
/*!50503 SET character_set_client = utf8mb4 */;
CREATE TABLE `TipoModalidad` (
  `id_tipoModalidad` int NOT NULL AUTO_INCREMENT,
  `nombre` varchar(100) DEFAULT NULL,
  `descripcion` varchar(100) DEFAULT NULL,
  `esActivo` tinyint NOT NULL DEFAULT '1',
  `fechaCreacion` datetime DEFAULT CURRENT_TIMESTAMP,
  `fechaActualizacion` datetime DEFAULT CURRENT_TIMESTAMP ON UPDATE CURRENT_TIMESTAMP,
  PRIMARY KEY (`id_tipoModalidad`)
) ENGINE=InnoDB AUTO_INCREMENT=3 DEFAULT CHARSET=utf8mb4 COLLATE=utf8mb4_0900_ai_ci;
/*!40101 SET character_set_client = @saved_cs_client */;

--
-- Dumping data for table `TipoModalidad`
--

LOCK TABLES `TipoModalidad` WRITE;
/*!40000 ALTER TABLE `TipoModalidad` DISABLE KEYS */;
INSERT INTO `TipoModalidad` VALUES (1,'Presencial','Sesiones que se llevan a cabo en un entorno físico, en presencia del tutor y el alumno.',1,'2024-05-22 22:18:10','2024-05-22 22:18:10'),(2,'Virtual','Sesiones que se llevan a cabo de manera virtual.',1,'2024-05-22 22:18:40','2024-05-22 22:18:40');
/*!40000 ALTER TABLE `TipoModalidad` ENABLE KEYS */;
UNLOCK TABLES;

--
-- Table structure for table `TipoObligatoriedad`
--

DROP TABLE IF EXISTS `TipoObligatoriedad`;
/*!40101 SET @saved_cs_client     = @@character_set_client */;
/*!50503 SET character_set_client = utf8mb4 */;
CREATE TABLE `TipoObligatoriedad` (
  `id_tipoObligatoriedad` int NOT NULL AUTO_INCREMENT,
  `nombre` varchar(255) NOT NULL,
  `descripcion` varchar(255) DEFAULT NULL,
  `esActivo` tinyint(1) NOT NULL DEFAULT '1',
  `fechaCreacion` datetime NOT NULL DEFAULT CURRENT_TIMESTAMP,
  `fechaActualizacion` datetime NOT NULL DEFAULT CURRENT_TIMESTAMP ON UPDATE CURRENT_TIMESTAMP,
  PRIMARY KEY (`id_tipoObligatoriedad`)
) ENGINE=InnoDB AUTO_INCREMENT=3 DEFAULT CHARSET=utf8mb4 COLLATE=utf8mb4_0900_ai_ci;
/*!40101 SET character_set_client = @saved_cs_client */;

--
-- Dumping data for table `TipoObligatoriedad`
--

LOCK TABLES `TipoObligatoriedad` WRITE;
/*!40000 ALTER TABLE `TipoObligatoriedad` DISABLE KEYS */;
INSERT INTO `TipoObligatoriedad` VALUES (1,'Obligatorio',NULL,1,'2024-05-22 18:37:10','2024-05-22 18:37:10'),(2,'Opcional',NULL,1,'2024-05-22 18:37:15','2024-05-22 18:37:15');
/*!40000 ALTER TABLE `TipoObligatoriedad` ENABLE KEYS */;
UNLOCK TABLES;

--
-- Table structure for table `TipoPermanencia`
--

DROP TABLE IF EXISTS `TipoPermanencia`;
/*!40101 SET @saved_cs_client     = @@character_set_client */;
/*!50503 SET character_set_client = utf8mb4 */;
CREATE TABLE `TipoPermanencia` (
  `id_tipoPermanencia` int NOT NULL AUTO_INCREMENT,
  `nombre` varchar(255) NOT NULL,
  `descripcion` varchar(255) DEFAULT NULL,
  `esActivo` tinyint(1) NOT NULL DEFAULT '1',
  `fechaCreacion` datetime NOT NULL DEFAULT CURRENT_TIMESTAMP,
  `fechaActualizacion` datetime NOT NULL DEFAULT CURRENT_TIMESTAMP ON UPDATE CURRENT_TIMESTAMP,
  PRIMARY KEY (`id_tipoPermanencia`)
) ENGINE=InnoDB AUTO_INCREMENT=3 DEFAULT CHARSET=utf8mb4 COLLATE=utf8mb4_0900_ai_ci;
/*!40101 SET character_set_client = @saved_cs_client */;

--
-- Dumping data for table `TipoPermanencia`
--

LOCK TABLES `TipoPermanencia` WRITE;
/*!40000 ALTER TABLE `TipoPermanencia` DISABLE KEYS */;
INSERT INTO `TipoPermanencia` VALUES (1,'Permanente',NULL,1,'2024-05-22 18:40:14','2024-05-22 18:40:14'),(2,'Temporal',NULL,1,'2024-05-22 18:40:15','2024-05-22 18:40:15');
/*!40000 ALTER TABLE `TipoPermanencia` ENABLE KEYS */;
UNLOCK TABLES;

--
-- Table structure for table `TipoTutor`
--

DROP TABLE IF EXISTS `TipoTutor`;
/*!40101 SET @saved_cs_client     = @@character_set_client */;
/*!50503 SET character_set_client = utf8mb4 */;
CREATE TABLE `TipoTutor` (
  `id_tipoTutor` int NOT NULL AUTO_INCREMENT,
  `nombre` varchar(255) NOT NULL,
  `descripcion` varchar(255) DEFAULT NULL,
  `esActivo` tinyint(1) NOT NULL DEFAULT '1',
  `fechaCreacion` datetime NOT NULL DEFAULT CURRENT_TIMESTAMP,
  `fechaActualizacion` datetime NOT NULL DEFAULT CURRENT_TIMESTAMP ON UPDATE CURRENT_TIMESTAMP,
  PRIMARY KEY (`id_tipoTutor`)
) ENGINE=InnoDB AUTO_INCREMENT=3 DEFAULT CHARSET=utf8mb4 COLLATE=utf8mb4_0900_ai_ci;
/*!40101 SET character_set_client = @saved_cs_client */;

--
-- Dumping data for table `TipoTutor`
--

LOCK TABLES `TipoTutor` WRITE;
/*!40000 ALTER TABLE `TipoTutor` DISABLE KEYS */;
INSERT INTO `TipoTutor` VALUES (1,'Variable',NULL,1,'2024-05-22 18:40:00','2024-05-22 18:40:00'),(2,'Fijo',NULL,1,'2024-05-22 18:40:03','2024-05-22 18:40:03');
/*!40000 ALTER TABLE `TipoTutor` ENABLE KEYS */;
UNLOCK TABLES;

--
-- Table structure for table `TipoTutoria`
--

DROP TABLE IF EXISTS `TipoTutoria`;
/*!40101 SET @saved_cs_client     = @@character_set_client */;
/*!50503 SET character_set_client = utf8mb4 */;
CREATE TABLE `TipoTutoria` (
  `id_tipoTutoria` int NOT NULL AUTO_INCREMENT,
  `nombre` varchar(255) NOT NULL,
  `lugar` varchar(255) DEFAULT NULL,
  `fid_tipoObligatoriedad` int DEFAULT NULL,
  `fid_tipoPermanencia` int DEFAULT NULL,
  `fid_tipoTutor` int DEFAULT NULL,
  `fid_tipoFormato` int DEFAULT NULL,
  `esActivo` tinyint(1) NOT NULL DEFAULT '1',
  `fechaCreacion` datetime NOT NULL DEFAULT CURRENT_TIMESTAMP,
  `fechaActualizacion` datetime NOT NULL DEFAULT CURRENT_TIMESTAMP ON UPDATE CURRENT_TIMESTAMP,
  `fid_facultad` int DEFAULT NULL,
  `fid_programa` int DEFAULT NULL,
  PRIMARY KEY (`id_tipoTutoria`),
  KEY `fid_tipoObligatoriedad` (`fid_tipoObligatoriedad`),
  KEY `fid_tipoPermanencia` (`fid_tipoPermanencia`),
  KEY `fid_tipoTutor` (`fid_tipoTutor`),
  KEY `fid_tipoFormato` (`fid_tipoFormato`),
  KEY `TipoTutoria_fid_facultad_foreign_idx` (`fid_facultad`),
  KEY `TipoTutoria_fid_programa_foreign_idx` (`fid_programa`),
  CONSTRAINT `TipoTutoria_fid_facultad_foreign_idx` FOREIGN KEY (`fid_facultad`) REFERENCES `Facultad` (`id_facultad`),
  CONSTRAINT `TipoTutoria_fid_programa_foreign_idx` FOREIGN KEY (`fid_programa`) REFERENCES `Programa` (`id_programa`),
  CONSTRAINT `TipoTutoria_ibfk_1` FOREIGN KEY (`fid_tipoObligatoriedad`) REFERENCES `TipoObligatoriedad` (`id_tipoObligatoriedad`),
  CONSTRAINT `TipoTutoria_ibfk_2` FOREIGN KEY (`fid_tipoPermanencia`) REFERENCES `TipoPermanencia` (`id_tipoPermanencia`),
  CONSTRAINT `TipoTutoria_ibfk_3` FOREIGN KEY (`fid_tipoTutor`) REFERENCES `TipoTutor` (`id_tipoTutor`),
  CONSTRAINT `TipoTutoria_ibfk_4` FOREIGN KEY (`fid_tipoFormato`) REFERENCES `TipoFormato` (`id_tipoFormato`)
) ENGINE=InnoDB AUTO_INCREMENT=104 DEFAULT CHARSET=utf8mb4 COLLATE=utf8mb4_0900_ai_ci;
/*!40101 SET character_set_client = @saved_cs_client */;

--
-- Dumping data for table `TipoTutoria`
--

LOCK TABLES `TipoTutoria` WRITE;
/*!40000 ALTER TABLE `TipoTutoria` DISABLE KEYS */;
INSERT INTO `TipoTutoria` VALUES (82,'Psicopedagógica',NULL,1,1,2,1,1,'2024-06-16 15:48:03','2024-06-22 22:11:54',1,NULL),(83,'Laborando',NULL,2,1,1,1,1,'2024-06-16 16:00:49','2024-06-23 01:19:35',1,NULL),(84,'Primera Chamba Semanal',NULL,2,2,NULL,2,1,'2024-06-16 16:02:02','2024-06-23 01:18:01',1,NULL),(85,'Ayudando Derecho',NULL,2,1,2,1,1,'2024-06-16 19:49:34','2024-06-16 19:50:34',1,NULL),(86,'Orientación Profesional',NULL,1,2,2,1,1,'2024-06-16 21:01:04','2024-06-30 05:07:35',1,NULL),(87,'Asesoramiento En Temas Académicos',NULL,1,1,2,1,1,'2024-06-17 01:31:52','2024-06-17 01:31:52',1,NULL),(88,'Gestiónando Mi Tiempo',NULL,1,1,NULL,1,1,'2024-06-17 01:39:36','2024-06-30 05:33:04',1,NULL),(89,'Tutoria De Liderazgo Y Emprendimiento',NULL,1,2,2,1,1,'2024-06-17 06:10:24','2024-06-30 05:05:00',1,NULL),(90,'Tipo Tutoria Derecho Corporativo',NULL,2,2,2,1,1,'2024-06-24 06:42:14','2024-06-24 06:42:14',NULL,2),(91,'Derecheando',NULL,1,1,2,1,1,'2024-06-27 04:45:27','2024-06-27 04:49:04',1,NULL),(92,'Liderazgo Estudiantil Dos',NULL,2,1,2,1,0,'2024-06-28 16:37:34','2024-06-28 21:26:20',1,NULL),(93,'Liderazgo Estudiantil',NULL,2,2,2,1,1,'2024-06-28 16:45:43','2024-06-28 21:26:10',1,NULL),(94,'Técnicas De Estudios',NULL,1,1,2,1,1,'2024-06-28 18:31:11','2024-06-30 04:38:01',1,NULL),(95,'Laboral',NULL,1,1,2,1,1,'2024-06-28 20:49:19','2024-06-28 20:49:19',20,NULL),(96,'Mercadotecnica Avanzada',NULL,2,1,1,1,1,'2024-06-28 20:49:47','2024-06-28 20:49:47',20,NULL),(97,'Mercadotecnia Grupal',NULL,1,2,NULL,2,1,'2024-06-28 20:50:02','2024-06-28 20:50:02',20,NULL),(98,'Prueba De Admin',NULL,1,1,1,1,1,'2024-06-28 20:57:06','2024-06-28 20:57:14',20,NULL),(100,'Tutoría De Investigación',NULL,2,2,NULL,1,1,'2024-06-30 04:39:39','2024-06-30 05:31:19',1,NULL),(103,'Tutoria De Apoyo Académico',NULL,2,2,2,1,1,'2024-06-30 05:31:50','2024-06-30 06:09:34',1,NULL);
/*!40000 ALTER TABLE `TipoTutoria` ENABLE KEYS */;
UNLOCK TABLES;

--
-- Table structure for table `UnidadAcademica`
--

DROP TABLE IF EXISTS `UnidadAcademica`;
/*!40101 SET @saved_cs_client     = @@character_set_client */;
/*!50503 SET character_set_client = utf8mb4 */;
CREATE TABLE `UnidadAcademica` (
  `id_unidad_academica` int NOT NULL AUTO_INCREMENT,
  `nombre` varchar(100) NOT NULL,
  `siglas` varchar(20) NOT NULL,
  `correoDeContacto` varchar(100) NOT NULL,
  `esActivo` tinyint NOT NULL DEFAULT '1',
  `fechaCreacion` datetime DEFAULT CURRENT_TIMESTAMP,
  `fechaActualizacion` datetime DEFAULT CURRENT_TIMESTAMP ON UPDATE CURRENT_TIMESTAMP,
  PRIMARY KEY (`id_unidad_academica`)
) ENGINE=InnoDB AUTO_INCREMENT=28 DEFAULT CHARSET=utf8mb4 COLLATE=utf8mb4_0900_ai_ci;
/*!40101 SET character_set_client = @saved_cs_client */;

--
-- Dumping data for table `UnidadAcademica`
--

LOCK TABLES `UnidadAcademica` WRITE;
/*!40000 ALTER TABLE `UnidadAcademica` DISABLE KEYS */;
INSERT INTO `UnidadAcademica` VALUES (1,'Oficina De Bienestar','OBC','OBC@sample.com',1,'2024-06-16 19:09:35','2024-06-28 17:38:49'),(2,'facultad de prueba actualizada','fpa','actualizado@pucp.edu.pe',0,'2024-06-20 00:26:35','2024-06-23 18:49:49'),(3,'facultad de prueba2','fpd2','a20176800@pucp.edu.pe',0,'2024-06-20 00:26:35','2024-06-28 12:30:31'),(4,'facultad de prueba','fpd1001','20151052@pucp.edu.pe',0,'2024-06-20 00:26:35','2024-06-28 06:50:17'),(5,'facultad de prueba4','fpd4','a20176800@pucp.edu.pe',0,'2024-06-20 00:54:30','2024-06-27 05:30:27'),(6,'facultad de prueba5','fpd5s','a20176800@pucp.edu.pe',0,'2024-06-20 01:01:24','2024-06-28 06:31:58'),(7,'Tes','a45','aaaa@pucp.edu',0,'2024-06-23 18:01:42','2024-06-28 17:39:41'),(8,'Asociación De Alumnos De Estudios Expertos','AAEE','aaee@gmail.com',0,'2024-06-28 06:50:13','2024-06-29 02:18:01'),(9,'Aa','aaa','aa@gmail.com',0,'2024-06-28 06:55:44','2024-06-30 04:19:24'),(10,'Ww','ww','ww@gmail.com',0,'2024-06-28 06:56:12','2024-06-28 17:39:42'),(11,'Asociación de Alumnos de Ingeniería Informática','AAII','aaii@pucp.edu.pe',1,'2024-06-28 12:28:54','2024-06-28 12:28:54'),(12,'Bienestar ciencias','BC','ciencias_bienestar@pucp.pe',1,'2024-06-28 12:28:54','2024-06-29 02:10:41'),(13,'Direccion de Asuntos Estudiantiles','DAES','daes@pucp.pe',1,'2024-06-28 12:28:54','2024-06-28 12:28:54'),(14,'Oficina de Apoyo al Estudiante','OAE','oae@pucp.pe',1,'2024-06-28 12:28:54','2024-06-28 12:28:54'),(15,'Asociacion De Electroshock','AAEE','asociacion.electroshocking@puke.com',1,'2024-06-28 14:15:45','2024-06-28 14:15:45'),(16,'Asociacion De Estudiantes De Electromaquina','AAEE','electrogood@puke.com',1,'2024-06-28 14:16:36','2024-06-28 14:16:36'),(17,'Organizacion De Inteligencia Artificial','OIA','asociacion.electroshocking@puke.com',1,'2024-06-28 14:17:30','2024-06-28 17:38:56'),(18,'Centro De Tutorias Académicas','CTA','ota@dominio.sample.com',0,'2024-06-28 16:19:24','2024-06-28 16:26:16'),(19,'Oficina De Asesoramiento Académico','OAA','OAA@dominio.sample.com',1,'2024-06-28 16:20:54','2024-06-28 16:20:54'),(20,'Hola','aa','432@fdsaf.com',0,'2024-06-28 17:31:12','2024-06-28 17:39:06'),(21,'Prueba editado','PE','abc1@gmail.com',0,'2024-06-28 20:32:48','2024-06-30 10:16:46'),(22,'Salon de Alumnos Esperados','SAE','sae@pucp.pe',1,'2024-06-29 02:19:29','2024-06-29 02:19:29'),(23,'Oficina de Orientacion e Información al Alumno','OOIA','ooia@pucp.edu.pe',1,'2024-06-29 02:19:29','2024-06-29 02:19:29'),(24,'Asociación de Estudiantes Sociales','AES','aes@pucp.edu.pe',1,'2024-06-29 02:19:29','2024-06-30 12:08:55'),(27,'Centro De Informes Normativos','CIN','cin@pucp.edu.pe',1,'2024-07-02 02:41:32','2024-07-02 02:41:32');
/*!40000 ALTER TABLE `UnidadAcademica` ENABLE KEYS */;
UNLOCK TABLES;

--
-- Table structure for table `Usuario`
--

DROP TABLE IF EXISTS `Usuario`;
/*!40101 SET @saved_cs_client     = @@character_set_client */;
/*!50503 SET character_set_client = utf8mb4 */;
CREATE TABLE `Usuario` (
  `id_usuario` int NOT NULL AUTO_INCREMENT,
  `nombres` varchar(255) NOT NULL,
  `primerApellido` varchar(255) NOT NULL,
  `segundoApellido` varchar(255) DEFAULT NULL,
  `email` varchar(255) NOT NULL,
  `contrasenha` varchar(255) NOT NULL,
  `esActivo` tinyint(1) NOT NULL DEFAULT '1',
  `codigo` varchar(8) DEFAULT NULL,
  `imagen` varchar(255) DEFAULT NULL,
  `fechaCreacion` datetime NOT NULL DEFAULT CURRENT_TIMESTAMP,
  `fechaActualizacion` datetime NOT NULL DEFAULT CURRENT_TIMESTAMP,
  `fid_facultad` int DEFAULT NULL,
  `fid_programa` int DEFAULT NULL,
  PRIMARY KEY (`id_usuario`),
  KEY `Usuario_fid_facultad_foreign_idx` (`fid_facultad`),
  KEY `Usuario_fid_programa_foreign_idx` (`fid_programa`),
  CONSTRAINT `Usuario_fid_facultad_foreign_idx` FOREIGN KEY (`fid_facultad`) REFERENCES `Facultad` (`id_facultad`),
  CONSTRAINT `Usuario_fid_programa_foreign_idx` FOREIGN KEY (`fid_programa`) REFERENCES `Programa` (`id_programa`)
) ENGINE=InnoDB AUTO_INCREMENT=223 DEFAULT CHARSET=utf8mb4 COLLATE=utf8mb4_0900_ai_ci;
/*!40101 SET character_set_client = @saved_cs_client */;

--
-- Dumping data for table `Usuario`
--

LOCK TABLES `Usuario` WRITE;
/*!40000 ALTER TABLE `Usuario` DISABLE KEYS */;
INSERT INTO `Usuario` VALUES (1,'Yahyr','Perez','Gavilan','a20176800@pucp.edu.pe','$2a$10$Nvt9muOIf/hke0pHyc/ele57IYGuP3zi8MtedLJvGKmzqFljrH9Qe',1,'20176800','https://ui-avatars.com/api/?name=Y&color=fff&background=5696D1&size=100','2024-06-16 04:38:57','2024-06-16 04:38:57',NULL,NULL),(2,'Samuel','Rodriguez','','yahyrperez@gmail.com','$2a$10$6B8EladTG6.0QJlT8bvW8ew98TTtJOBRQvEiMQbXhd6nVJ9Q.EiNO',1,'20198451','https://ui-avatars.com/api/?name=S&color=fff&background=5FD99C&size=100','2024-06-16 05:07:42','2024-06-30 14:57:20',1,NULL),(3,'Yvann','Hernandez','Nuñez','hernandez.yvan@hotmail.com','$2a$10$LwxvfMkjNWVgaGHUBocCEeF.18CUjOPIk00aPMsnJDAr3AXlFF5Pa',1,'20151025','https://ui-avatars.com/api/?name=A&color=fff&background=766C07&size=100','2024-06-16 05:13:14','2024-06-30 14:53:30',NULL,NULL),(4,'Brando','Romero','Rojas','a20191088@pucp.edu.pe','$2a$10$eSt9XcbBTVMPZO6NOTfg1OPsqFmAN4oB/mPEjDryRSQDVntUZGzzC',1,'20184987','https://ui-avatars.com/api/?name=B&color=fff&background=A14534&size=100','2024-06-16 05:37:01','2024-06-29 16:42:48',1,1),(6,'Jose','Pereda','Marquez','20176845@dominio.com','$2a$10$Dfgu0ZWovjwRCJANjrYUHewMBpxTWaTas6oZs97mmbBoAtbP.2mCy',1,'20176845','https://ui-avatars.com/api/?name=J&color=fff&background=67BC2E&size=100','2024-06-16 05:44:47','2024-06-23 18:00:02',1,NULL),(7,'Sofia','Zavala','','20189454@dominio.com','$2a$10$y4x1hr0rHN0tbrd6Km0XP.GA7W9lFiQ8GxrRcZ2nxcCYRS88kvQX.',1,'20189454','https://ui-avatars.com/api/?name=S&color=fff&background=38DF65&size=100','2024-06-16 05:50:11','2024-06-30 15:09:42',20,NULL),(8,'Pedro','Martinez','Saavedra','20157545@dominio.com','$2a$10$ZjWM9yO9KF1dgTXPtsgOgeC274VVZuqZdaIIvkfal5UkIu0x5r80O',1,'20157545','https://ui-avatars.com/api/?name=P&color=fff&background=A04003&size=100','2024-06-16 05:56:41','2024-06-17 04:04:41',1,NULL),(9,'Maricielo','Rodriguez','Pereda','20149784@domnio.com','$2a$10$eP4n4siBpJOQA1tQj3zV9OfhynxoFdfRe7db.yhTs3UZX6jGE99pm',1,'20149784','https://ui-avatars.com/api/?name=M&color=fff&background=63B8D6&size=100','2024-06-16 05:59:20','2024-06-16 05:59:20',1,NULL),(10,'Jeanpierre','Velasquez','Valdéz','20004684@dominio.com','$2a$10$tWnAfFGCn0v8oI/NQCrXTOdygK3ezwNM4ZC/fmX4HGgQAdkc5L3PC',1,'20004684','https://ui-avatars.com/api/?name=J&color=fff&background=481905&size=100','2024-06-16 06:01:42','2024-06-27 02:47:33',1,2),(11,'Marcelo','Paitán','Li','20185457@dominio.com','$2a$10$bY372.znbl8RXY.v.6gvqewIS05naUxVP0QdyPWnVgwxWI9pcdQjS',1,'20185457','https://ui-avatars.com/api/?name=M&color=fff&background=31D28B&size=100','2024-06-16 06:03:11','2024-06-16 06:03:11',3,NULL),(12,'Marco','Urbay','Fernández','20148454@dominio.com','$2a$10$Ms2Jj6b0GEAYprEQR1bvG.ImN0/2Nu/Xvbrz2tcWoswkzPznXIbN.',1,'20148454','https://ui-avatars.com/api/?name=M&color=fff&background=C2CE83&size=100','2024-06-16 06:05:18','2024-06-16 06:05:18',1,NULL),(13,'Melisa','Quispe','Hernandez','20198454@dominio.com','$2a$10$scookg3bj78d060Jq8mHxeQCPWy4qYC.4swod.fjQlTrJPQc0uTbi',1,'20198454','https://ui-avatars.com/api/?name=M&color=fff&background=91515C&size=100','2024-06-16 06:06:58','2024-06-16 16:40:12',3,NULL),(14,'Kevin','Jara','Palermo','20185454@dominio.com','$2a$10$TfaWYV3gUKbfGj4mlne7F.KtVNaaKeml6JxGoBrJ.PCepJgK/GfI.',1,'20185454','https://ui-avatars.com/api/?name=K&color=fff&background=D16D7E&size=100','2024-06-16 06:11:15','2024-06-28 04:57:11',6,22),(15,'Cristian','Retamozo','Altamirano','20116484@dominio.com','$2a$10$zRXaYBR2C8IPhFUNey7G3.GPiZ0.vnTemE.AEUMH43euFdZNZ0pnO',1,'20116484','https://ui-avatars.com/api/?name=C&color=fff&background=812746&size=100','2024-06-16 06:17:20','2024-06-16 16:33:51',3,NULL),(16,'Fernando','Nuñez','Garcia','20157845@dominio.com','$2a$10$BtGLkgQKSJtyMFjKkK.pZec.AtNO4YOFpPU22NI5OOZU/KkFUxbZu',1,'20157845','https://ui-avatars.com/api/?name=F&color=fff&background=9E7C27&size=100','2024-06-16 06:21:18','2024-06-16 16:12:00',3,NULL),(32,'Marco','Aldani','Facundo','marco.aldani@puke.com','$2a$10$uxINQRqWwbG.7tIiEzZw7OvQL5LuhIDPbAXtodXkR6wzsv//OBJNu',0,'00000012','https://ui-avatars.com/api/?name=M&color=fff&background=E84F00&size=100','2024-06-16 15:03:30','2024-06-28 13:48:58',3,NULL),(34,'Morrito','Morris','Monzon','morrito.mon@puke.com','$2a$10$5hMKhmb9tqldClBFBfP1zO0/spdyI2.I9he4Kkmwouzdkw0peJSkG',1,'20201751','https://ui-avatars.com/api/?name=M&color=fff&background=C64CF9&size=100','2024-06-16 16:27:32','2024-06-16 16:27:32',1,NULL),(35,'Melany','Carranza','Judeas','melany.carr@puke.com','$2a$10$vUk1mJFE6yiaEPjouXmQr.U9cm1fz07mSo/erXS6/Iblml86YIwQe',1,'20185478','https://ui-avatars.com/api/?name=M&color=fff&background=86FFC8&size=100','2024-06-16 16:34:03','2024-06-16 16:34:03',1,2),(36,'Axel','Pancc','Lee','a20180115@pucp.edu.pe','$2a$10$xJKyp7bh8UhAVdajh6mWuOOD01GVmsfAAzOdc2aN1OJV0dr0LWVNW',1,'20180116','https://ui-avatars.com/api/?name=A&color=fff&background=9E9E72&size=100','2024-06-16 16:58:44','2024-06-24 06:46:22',6,19),(39,'Mauricio','Murrieta','Kun','mauricio.murrieta@puke.com','$2a$10$7xvG66mP04b0tAOCz0kyCOgQCpn99S.5Joh15XU7Kt3hBRqGQ40le',1,'20115780','https://ui-avatars.com/api/?name=M&color=fff&background=242383&size=100','2024-06-16 17:24:20','2024-06-30 06:37:50',1,17),(40,'Marthita','Garatea','Valle','marthi.gara@puketi.com','$2a$10$Nt2eZYVn/8H6/vMPQythD.pCTYTz5xqCPv08KRtZOY5aQ.lCNW6rq',1,'20189246','https://ui-avatars.com/api/?name=M&color=fff&background=6D5323&size=100','2024-06-16 18:11:51','2024-06-30 19:10:13',NULL,NULL),(41,'Carlos','Marx','Mestanza','carlos@mestanza.com','$2a$10$KaqbY79pd42n29E9bdBx8.gIdCpjmEBnGXCUHEHOU2HIUEPgCgziO',1,'21245451','https://ui-avatars.com/api/?name=C&color=fff&background=87E9EC&size=100','2024-06-16 19:19:49','2024-06-23 19:37:54',1,15),(42,'Jorge','Mercado','Fassioli','jorge.merc@puke.com','$2a$10$YthxQGKDGtc0OjpHDobYZeorW3lEVAAVzyzIp7SIwzTJpzMp1ZNky',1,'12314512','https://ui-avatars.com/api/?name=J&color=fff&background=C0FE88&size=100','2024-06-16 19:22:04','2024-06-16 19:22:04',1,16),(43,'Alex','Rodriguez','Patinho','alexpanli4@hotmail.com','$2a$10$IlAXPckog/wDaJMIiJ4RlewnCV96lojvCvUvWBOfpGHSQHfJ8mHFa',1,'20123452','https://ui-avatars.com/api/?name=A&color=fff&background=0B0D7C&size=100','2024-06-16 19:23:06','2024-06-16 19:23:06',1,17),(64,'Martin','Alvarez','Rodriguez','martin.alvarez@dominio.com','$2a$10$NTlOTgZA5hTnZibl2P.hce8avU2fsl8hYMEu5LuBU2.ocWpWFtn4C',1,'34567890','https://ui-avatars.com/api/?name=M&color=fff&background=39A79E&size=100','2024-06-16 21:32:14','2024-06-17 04:09:47',1,3),(65,'Edgardo','Solis','Cornelio','a20202467@pucp.edu.pe','$2a$10$25lyLe2sCnS4QvnWgXo04e5ibnC7B4VBIiv9xXbz0AHSRLaNxRuWK',1,'20202467','https://ui-avatars.com/api/?name=E&color=fff&background=7511CF&size=100','2024-06-16 21:38:02','2024-06-16 21:38:02',3,NULL),(66,'Roni','Cueva','Melgarejo','roni.cueva@puke.com','$2a$10$O5P/8MWWglkGVr8g0ArZf.InIkAK3.mpd5rRs0h9HPoXnENDGyqty',1,'20123422','https://ui-avatars.com/api/?name=R&color=fff&background=5E3879&size=100','2024-06-17 02:20:49','2024-06-17 03:14:21',1,18),(67,'Micayla','Fernandez','Woods','juliodelgadov65@gmail.com','$2a$10$wPcsF4pbQAth8YfUtVT4WOQe6nO4q4uogKrCARUJc8N8gEGaQiH1K',0,'20150123','https://ui-avatars.com/api/?name=M&color=fff&background=19186C&size=100','2024-06-17 02:40:39','2024-06-30 02:00:17',1,NULL),(68,'Julio Guillermo','Delgado','Cercado','julio.delgado@pucp.edu.pe','$2a$10$WbH5kXtDWS/BbgZfDc11despyXWWrjW2ZjraGKnUmo02d8Igw7Slu',1,'20201651','https://ui-avatars.com/api/?name=J&color=fff&background=069383&size=100','2024-06-17 04:04:12','2024-06-27 03:29:53',1,15),(69,'Fernando','Cisneros','','fernando@domnio.com','$2a$10$J6/jj7J5rIspEqQlLm9JzuyebWRbNf3lDe7f2NN6yKSISbOOWG0KG',1,'20168474','https://ui-avatars.com/api/?name=F&color=fff&background=0C4546&size=100','2024-06-17 04:43:43','2024-06-30 14:57:51',11,NULL),(70,'Maricielo','Sanchez','Hernández','Maricielo@domnio.com','$2a$10$3pys1a.MxZxQXRN1pxbiCOguy03Sx0HlTa4eL4sm0OPPSryEw5bQ6',1,'20146848','https://ui-avatars.com/api/?name=M&color=fff&background=2BF4D0&size=100','2024-06-17 04:44:27','2024-06-28 20:38:39',NULL,NULL),(71,'Luis','Marquez','Hernandez','luis.marquez@ejemplo.com','$2a$10$31Rp39aSyDUTyn2CKsTTg.S9rYszy7wvlsWWfk1ss.6Hsh.ndZuxK',1,'13579246','https://ui-avatars.com/api/?name=L&color=fff&background=2CAC26&size=100','2024-06-17 05:04:21','2024-06-28 20:34:55',NULL,NULL),(72,'Sofia','Mendoza','Rodriguez','sofia.mendoza@ejemplo.com','$2a$10$d16hrZ2CMTjWOaYba9zZFeWh6xvbnFre2dvyPEpu9skgwzr.yakS2',1,'24681357','https://ui-avatars.com/api/?name=S&color=fff&background=8A6B01&size=100','2024-06-17 05:05:31','2024-06-17 05:05:31',NULL,NULL),(73,'Alejandro','Gonzalez','Fernandez','alejandro.gonzalez@ejemplo.com','$2a$10$hdMy2ANAZ9x2MC.lyOkeYOh2SvNPuT.7x203QbkM8NMBdId/fSq1O',1,'35792468','https://ui-avatars.com/api/?name=A&color=fff&background=039523&size=100','2024-06-17 05:07:54','2024-07-02 01:49:33',39,NULL),(74,'Valeria','Alonso','Martinez','valeria.alonso@ejemplo.com','$2a$10$oM3E8g51kB1ey5MBC/y88OX6XVoCPHUxkUfZhgBQyKGBRVQ/KT20e',1,'46813579','https://ui-avatars.com/api/?name=V&color=fff&background=7FC04C&size=100','2024-06-17 05:10:06','2024-06-30 19:14:15',NULL,NULL),(75,'Juan Carlos','Perez','Sanchez','juancarlos.perez@ejemplo.com','$2a$10$Oiwv24YdPh1pfH69dE.F6ucSoVk0s.twtQtm7L1aH9CHPDABxOgai',1,'57924681','https://ui-avatars.com/api/?name=J&color=fff&background=665D27&size=100','2024-06-17 05:12:09','2024-06-17 05:12:09',NULL,NULL),(76,'Andrea','Rivas','Moreno','andrea.rivas@ejemplo.com','$2a$10$uET4SBXXHtJsTQRQY/OBQOzmJyuRzXy46ydgHhn9Ya0JN3HQABLLi',1,'68135792','https://ui-avatars.com/api/?name=A&color=fff&background=C193DB&size=100','2024-06-17 05:12:12','2024-06-17 05:12:12',NULL,NULL),(77,'Miguel','Jimenez','Garcia','miguel.jimenez@ejemplo.com','$2a$10$9tadAQX0IGE7M6oLGoCIBu2oprz3W6eXUlHDBiyrhEEfCjaCgrdiK',1,'79246813','https://ui-avatars.com/api/?name=M&color=fff&background=F59561&size=100','2024-06-17 05:12:15','2024-06-17 05:12:15',NULL,NULL),(78,'Carolina','Castro','Rodriguez','carolina.castro@ejemplo.com','$2a$10$HHNzGQ14MERYw0ua6nRvuuLggd2sy5Fsb6ksO/nyupzqIJEgjsxYS',1,'81357924','https://ui-avatars.com/api/?name=C&color=fff&background=8A6F2A&size=100','2024-06-17 05:12:18','2024-06-17 05:12:18',NULL,NULL),(79,'Lucas','Rodriguez','Martinez','lucas.rodriguez@ejemplo.com','$2a$10$KwztIdvlDbnJXSlA7G6pvetRZdrQude0sH608/Ppx.oX.zRLTpQce',1,'92468135','https://ui-avatars.com/api/?name=L&color=fff&background=415159&size=100','2024-06-17 05:12:21','2024-06-17 05:12:21',NULL,NULL),(80,'Juliana','Flores','Lopez','juliana.flores@ejemplo.com','$2a$10$FDwDvsADpITdAka5j29hkuqrSuGz2YGsWuG1rXS4YpJvrWcs4lA6G',1,'24681355','https://ui-avatars.com/api/?name=J&color=fff&background=187293&size=100','2024-06-17 05:12:24','2024-06-30 05:25:47',22,NULL),(81,'Luisa Fernanda','Guerrero','Ortiz','lfguerrero@gmail.com','$2a$10$6lf7uZBamYYZF6Sok08.4Oau0x4c8gYHBznzYvn2NmMCb21b9IxXe',1,'82364951','https://ui-avatars.com/api/?name=L&color=fff&background=CDE5C7&size=100','2024-06-17 05:12:27','2024-06-28 15:41:51',NULL,NULL),(82,'Rafael Joaquín','Villanueva','Campos','rjvillanueva@pucp.edu.pe','$2a$10$7LsqHgVIMT1naz5SPSvZTe1LufLURTa1k5jZYAIOYukqqLelKF6mG',1,'36549201','https://ui-avatars.com/api/?name=R&color=fff&background=B4C730&size=100','2024-06-17 05:12:30','2024-06-17 05:12:30',NULL,NULL),(83,'Beatriz Elena','Martínez','Suarez','bemartinez@gmail.com','$2a$10$gsJnI.wkPXFJnxEMXTd6b..5q1CVJIQ8dDZ8S2xoUMtxx26YZAEFi',1,'76459012','https://ui-avatars.com/api/?name=B&color=fff&background=E1A560&size=100','2024-06-17 05:12:33','2024-06-17 05:12:33',NULL,NULL),(84,'Marco Antonio','Reyes','Delgado','mareyes@pucp.edu.pe','$2a$10$1QyefGWH8hC40NqhXZFQ8e6xMqkNWOdzXCn/.38ju7lyEvV1h.os2',1,'29056183','https://ui-avatars.com/api/?name=M&color=fff&background=999911&size=100','2024-06-17 05:13:00','2024-06-17 05:13:00',NULL,NULL),(85,'Patricia Alejandra','Castro','Gomez','pacastro@gmail.com','$2a$10$TPq8kWzk9i7YVWsY.VKHbODYvl2hwQ5QBg45v1HVo8UkMR8USY4gq',1,'65231904','https://ui-avatars.com/api/?name=P&color=fff&background=7BA3AE&size=100','2024-06-17 05:13:24','2024-06-17 05:13:24',NULL,NULL),(86,'Fernando José','Salazar','Paredes','fjsalazar@pucp.edu.pe','$2a$10$lKi/zaAX8xYe31jb4nUyCOLsnR866CDx4xNwhUfxk3xsvAAb1pwMe',1,'43816597','https://ui-avatars.com/api/?name=F&color=fff&background=2EDA64&size=100','2024-06-17 05:16:21','2024-06-17 05:16:21',NULL,NULL),(87,'Diana Carolina','Torres','Flores','dctorres@gmail.com','$2a$10$n1H.wzZLyyYIPqO8rJeB3OewS2I2Tuv9d9TmvRDlvM9ei5kufjhr6',1,'92834756','https://ui-avatars.com/api/?name=D&color=fff&background=F262A8&size=100','2024-06-17 05:16:57','2024-06-17 05:16:57',NULL,NULL),(88,'Gabriel Enrique','Mendoza','Rivera','gemendoza@pucp.edu.pe','$2a$10$kn3/hPYgcHRVH2dHCHH4deGHtj02UDxqgK1OtfxeYqzkMCW2x4qvG',1,'15423689','https://ui-avatars.com/api/?name=G&color=fff&background=980371&size=100','2024-06-17 05:17:29','2024-06-17 05:17:29',NULL,NULL),(89,'Camila Estefanía','Bravo','Moreno','cebravo@gmail.com','$2a$10$Gq3KkH0Umf9duGww6Fgr..Svwuv/nF405Fd3H7RbOXx.emx1mYyxW',1,'36174820','https://ui-avatars.com/api/?name=C&color=fff&background=6ED796&size=100','2024-06-17 05:17:46','2024-06-17 05:17:46',NULL,NULL),(90,'Andrés Miguel','Rodríguez','López','amrodriguez@pucp.edu.pe','$2a$10$gf0avB0ok3dtwMspx7n2zOGDzq74F1aadHA2ERqFfNnaU9dO.idzO',1,'50427138','https://ui-avatars.com/api/?name=A&color=fff&background=0638FA&size=100','2024-06-17 05:18:20','2024-06-17 05:18:20',NULL,NULL),(91,'Andres','Lujan','Mestanza','20154455@dominio.com','$2a$10$gkSrf/mWumYYge8q1tjiEe7nPfu4yD9VAv7LFewdhZL6JA1GqKbye',1,'20154455','https://ui-avatars.com/api/?name=A&color=fff&background=C0F538&size=100','2024-06-17 05:20:46','2024-06-17 05:20:46',NULL,NULL),(102,'Karla','Echenique','Rivera','20157587@domnio.com','$2a$10$27xq6qU5AVj4/3W/d.CPweJIwc0qe6L0Ef56U2Oby2raT4jVHJRNe',1,'20157587','https://ui-avatars.com/api/?name=K&color=fff&background=5ADC49&size=100','2024-06-17 05:27:02','2024-06-30 06:40:13',1,15),(103,'Carlos','Campos','Suan','20148402@pucp.edu.pe','$2a$10$Fk7EF92zAgmBh1ZFgS17leo8zZZ5dd6S79ATeOVQ/qPBVSjDluNGq',1,'12345678','https://ui-avatars.com/api/?name=C&color=fff&background=16C0F0&size=100','2024-06-17 05:29:50','2024-06-17 05:29:50',1,16),(113,'Mauricio','Pinedo','Hernandez','204154587@dominio.com','$2a$10$ybAzdQmJ/giyCmRi9hzjheCZDe7KQzFJnbsYKbPZU6rp5ont1pyuW',1,'20145458','https://ui-avatars.com/api/?name=M&color=fff&background=6CE3AA&size=100','2024-06-17 05:34:18','2024-06-17 05:35:24',1,2),(114,'Marcelo','Quispe','Sanchez','20148745@dominio.com','$2a$10$EnyLw.xoYeyA0l6rgYYJcuxMxrPI7cLFKRbozniWCNJ0X1EHqq8vS',1,'20148745','https://ui-avatars.com/api/?name=M&color=fff&background=5A19AD&size=100','2024-06-17 05:36:14','2024-06-17 05:36:14',1,15),(116,'Marlon','Salinas','Rivera','20167845@domnio.com','$2a$10$IUuIBjaaZ5PcXTFyqGupbum0olbg1ismtdnvgAHK0gkDcB2iUq4Ai',1,'20167845','https://ui-avatars.com/api/?name=M&color=fff&background=0B5B61&size=100','2024-06-17 05:36:44','2024-06-17 05:36:44',1,3),(117,'Carmen','Rosa','Jaramillo','carmen.rosa@gmail.com','$2a$10$0PE9/ZCpJMo3qTK76Yqi/uWSYUCmzpiCV9RW.GO3CP9QI9tIncS2K',1,'20201653','https://ui-avatars.com/api/?name=C&color=fff&background=20FC91&size=100','2024-06-17 05:41:42','2024-06-17 05:41:42',1,3),(118,'Oscar','Sarmiento','Cerna','20178454@domnio.com','$2a$10$ZiWPjHHGn9Jx2dAXwtrIZOnPGVKc0odcBafpH1MDTBeE0Gdg3Cz/O',1,'20178454','https://ui-avatars.com/api/?name=O&color=fff&background=F91E25&size=100','2024-06-17 05:46:45','2024-06-17 05:46:45',1,17),(119,'Felipe','Sancho','Madueño','20168754@dominio.com','$2a$10$UdOphIlImXg8cE/mNydYfO2BDxAonfcRb9eZU81YwlvrmKOE/v8uW',1,'20168754','https://ui-avatars.com/api/?name=F&color=fff&background=F455BB&size=100','2024-06-17 05:48:41','2024-06-30 06:37:38',6,19),(120,'Juan Carlos','Martínez','Pérez','jcmartinez@gmail.com','$2a$10$dpIf8rS0o9dfbJgnpf17UewX2Qz7TKJSw1Zio8rUW7BXkJtxISVVC',1,'72659382','https://ui-avatars.com/api/?name=J&color=fff&background=37CC84&size=100','2024-06-17 05:50:10','2024-06-17 05:50:10',NULL,NULL),(121,'Ana Sofía','Hernández','González','ashernandez@pucp.edu.pe','$2a$10$G/50C6OTwIpBNfq4NkzwVuJ37Amsup39H4KaQBPA4ntvXbC.uOPXO',1,'91837465','https://ui-avatars.com/api/?name=A&color=fff&background=EB10F7&size=100','2024-06-17 05:50:10','2024-06-17 05:50:10',NULL,NULL),(122,'Diego Fernando','Ramírez','Mendoza','dframirez@dominio.com','$2a$10$TowtWadxAHAb5Z1vsUp0XuFsn7R6rC8/88e9zkBt.1JHi1FGCwVgC',1,'82639475','https://ui-avatars.com/api/?name=D&color=fff&background=58ED00&size=100','2024-06-17 05:54:10','2024-06-30 19:11:18',8,NULL),(123,'Julio César','Chávez','Castro','jcchavez@dominio.com','$2a$10$xQ0bQPQIR/NgWxSkUavtFuIZsjJrSz7WZ9U.UYwmfRYF/7gGwcsMy',1,'82936475','https://ui-avatars.com/api/?name=J&color=fff&background=76D132&size=100','2024-06-17 05:54:11','2024-06-17 05:54:11',NULL,NULL),(124,'Nicolás Andrés','Pérez','López','naperez@dominio.edu.pe','$2a$10$JI5UbdhuFmrPZeulsgE1aOxQp8zdanXZgpxjaZxd9yUnhvwY6fKZu',1,'72659438','https://ui-avatars.com/api/?name=N&color=fff&background=8EE811&size=100','2024-06-17 05:54:12','2024-06-17 05:54:12',NULL,NULL),(125,'Carla Patricia','Rivera','Torres','cprivera@dominio.com','$2a$10$oN6/VdqZkQ6vkfCUvB0UzuKWQlw43lQrkv.yImOMmUG0ocUo/T/1y',1,'73582964','https://ui-avatars.com/api/?name=C&color=fff&background=E93CFE&size=100','2024-06-17 05:54:13','2024-06-17 05:54:13',NULL,NULL),(126,'Emilio Rafael','Suárez','Gómez','ersuarez@dominio.edu.pe','$2a$10$1qC9oj3RBUy/dfO4r1WmG.2bo/WhKNr.ZF.1p/Go2qXIRqnAfOC0i',1,'91827364','https://ui-avatars.com/api/?name=E&color=fff&background=07577E&size=100','2024-06-17 05:54:14','2024-06-17 05:54:14',NULL,NULL),(127,'Mónica Beatriz','Vargas','Ortiz','mbvargas@dominio.com','$2a$10$HpddZ.fKeiyfwt/Fos2.7uZXcxTlwxRXulTvQLGcjXiIwuAyzAcTy',1,'83729465','https://ui-avatars.com/api/?name=M&color=fff&background=1101EB&size=100','2024-06-17 05:54:15','2024-06-17 05:54:15',NULL,NULL),(128,'Elena Gabriela','Torres','Guerrero','egtorres@dominio.edu.pe','$2a$10$DrROTcu.rxSn7KR.DJZwHeMcybZPI2xCdjzPX1YipK9jR/M3Yyxf6',1,'84629375','https://ui-avatars.com/api/?name=E&color=fff&background=62FE0C&size=100','2024-06-17 05:54:16','2024-06-17 05:54:16',NULL,NULL),(129,'Alejandro','Garza','Suarez','alejandra.garcia@dominio.com','$2a$10$FpA52IRqCvzoJqesm6yboObMLbvuHNFAjQEBIkZSYJl38mLS241wC',1,'12346673','https://ui-avatars.com/api/?name=A&color=fff&background=2419EE&size=100','2024-06-17 06:01:37','2024-06-30 06:37:32',1,16),(130,'Julio','Delgado','Cercado','jdelgado0501@gmail.com','$2a$10$E97BIJuh4ufZVgBLLHUbfOJup/O2I0X2b55fWEPL3OSWei9yCz1r2',1,'20201564','https://ui-avatars.com/api/?name=J&color=fff&background=17413E&size=100','2024-06-17 06:19:31','2024-06-17 06:20:58',1,3),(131,'Leonardo','Pereda','Flint','20001578@sample.com','$2a$10$qf93pKhfp4RcCDH3Aqqfpetoto4F1ruOMPVaJcWjdy3RcK5Pltx/.',1,'20001578','https://ui-avatars.com/api/?name=L&color=fff&background=3B17EE&size=100','2024-06-21 20:58:42','2024-06-28 04:51:50',NULL,NULL),(132,'Pedro','Tarantino','Vivar','19994578@sample.com','$2a$10$8QlO1P1FLkVGGPF6sFf1nOTSy0tp/DZx6NXeMKOaHDknIGycvkW/a',1,'19994578','https://ui-avatars.com/api/?name=P&color=fff&background=2BBD5F&size=100','2024-06-21 20:59:38','2024-06-22 02:58:07',6,NULL),(133,'Juan','Sanchez','Lozano','juanlozano1@pucp.edu.pe','$2a$10$Dh7DAIxVjcZEoisT1OISxu2RLLqFaaO1RKabEGdz8m9a5Ryk9Xq4u',1,'20001718','https://ui-avatars.com/api/?name=J&color=fff&background=A6377F&size=100','2024-06-22 04:59:22','2024-06-30 06:37:23',1,15),(134,'Tenorio','Juarez','Perez','abcd@a.com','$2a$10$9vlQqEieiBFGNESe.wmd2uLXH/SXwpr7ysMHF26nvAvy/2m5LX/.6',1,'20015241','https://ui-avatars.com/api/?name=T&color=fff&background=F2D877&size=100','2024-06-23 02:16:58','2024-06-23 19:16:20',8,NULL),(135,'Genaro','Rojas','Perez','genaro@pucp.edu.pe','$2a$10$B4OdSFIsJt0E0xoKyzoZVOdyLEIIFPuEvborWQnLOFZhOTtotugy6',1,'20021254','https://ui-avatars.com/api/?name=G&color=fff&background=21A214&size=100','2024-06-23 02:24:42','2024-06-23 02:29:17',11,NULL),(136,'Yvann','Soto','Peterson','hernandez.yvan@hotmail.com','$2a$10$ybDdaW9hgG7VwDeddSFxqerqhegbU0M4KuVtSXD2yXMnMV8TK2y1a',1,'20151025','https://ui-avatars.com/api/?name=Y&color=fff&background=701B30&size=100','2024-06-23 02:36:57','2024-06-23 18:32:26',12,NULL),(137,'Fernando','Colqui','Perez','brandosi3004@hotmail.com','$2a$10$UTNPjM/C0n8xQ7xnDvvlcOs9g7boIljVY14tFDXP3OuTabwZZclaO',1,'20195241','https://ui-avatars.com/api/?name=F&color=fff&background=52BF7A&size=100','2024-06-23 02:52:18','2024-06-23 02:52:18',12,NULL),(138,'Juan Alex','Perez','Garcia','12365789@gmail.com','$2a$10$4shl7zocS8WpEe0zvUBfmeP3JTv1oAWB6Rd7Ph9WQ53cKDtim3a1y',1,'12365789','https://ui-avatars.com/api/?name=J&color=fff&background=D2245C&size=100','2024-06-24 16:19:59','2024-06-25 00:31:53',3,NULL),(139,'Ricardo','Melendez','Olivo','ricardomelendezao@gmail.com','$2a$10$lc7vX14X/tsb5GhiXr3sfOEjC5xkF7u7j1S4rySw44UYMaMA4bqN6',1,'20200485','https://ui-avatars.com/api/?name=R&color=fff&background=8C96A4&size=100','2024-06-24 16:31:21','2024-06-25 01:05:33',3,NULL),(140,'Alex','Pereza','Garcia','34554312@gmail.com','$2a$10$qSp6LKn1gcfCBuJTZYm2cOIDgAugOfX2JmukoKGcuQZ.wX146riI.',1,'00000446','https://ui-avatars.com/api/?name=A&color=fff&background=5800AD&size=100','2024-06-25 00:56:09','2024-06-28 07:39:47',3,NULL),(141,'Zazxo','Pella','Rios','49878965@gmail.com','$2a$10$j0exABuiONCf6q1YYyd/RuavmXKSvQ8geA7FSg9xxChQr6QKiIzDy',1,'49878965','https://ui-avatars.com/api/?name=Z&color=fff&background=C572A2&size=100','2024-06-25 00:57:41','2024-06-25 00:57:41',1,3),(142,'Tracer','Delgado','Mulla','34567856@gmail.com','$2a$10$fae5xgbrlFzL46UWVkL2Auio3iafUh5C1wnSxnfJCmAWknKsxlHeq',1,'34567856','https://ui-avatars.com/api/?name=T&color=fff&background=370DBC&size=100','2024-06-25 00:58:49','2024-06-28 08:01:42',3,NULL),(143,'Juan Caso','Delmaza','Muzan','20201652@pucp.edu.pe','$2a$10$OWSgmdrPSv3NeO9j7FMFQexqCBDsXp4WOmFeRlJnju2AaSiUSPATC',1,'20201652','https://ui-avatars.com/api/?name=J&color=fff&background=3CC586&size=100','2024-06-27 02:50:47','2024-06-27 02:50:47',NULL,NULL),(144,'Alexito','Pro','Li','alex.pan@pucp.edu.pe','$2a$10$dPw6s6ZXHLskGC9.w7BvY.zc0ngAI3xjpQnwxCoZQMssHsMqU80x.',1,'12230123','https://ui-avatars.com/api/?name=A&color=fff&background=1766A6&size=100','2024-06-28 04:13:21','2024-06-30 07:46:13',6,NULL),(145,'Marcos','Aurelio','Ortiz','marco.aurelio.rojas@puke.com','$2a$10$giRJz82.BG/i9Zm0qGAZ8.0JO8f9Rg5A5PIBV1NjqMqrfjalYLN2i',1,'23233452','https://ui-avatars.com/api/?name=M&color=fff&background=A8F1F2&size=100','2024-06-28 05:51:46','2024-06-28 05:51:57',NULL,NULL),(146,'Willy Rogerio','Palomino','Cercado','leguialft0501@gmail.com','$2a$10$bAA4mcn3NsOPPtLV.g0RderSrKgmTrzIRU4uiZPdIcObX403ExQzi',1,'00002893','https://ui-avatars.com/api/?name=W&color=fff&background=0EEDEE&size=100','2024-06-28 07:03:46','2024-06-28 07:03:46',NULL,NULL),(147,'Manny','Packay','Rodas','manny.pacaky@puke.com','$2a$10$XJDChb1gAq7f6pYpgt7ki.JFTZEUXibvq01DPqBbflTWy.ksJILzC',1,'00002331','https://ui-avatars.com/api/?name=M&color=fff&background=37821B&size=100','2024-06-28 13:35:33','2024-06-28 13:36:59',NULL,NULL),(148,'Manuel','Cobrerez','Fuentes','mateo.cobre@puke.com','$2a$10$vbd1w37fZJGIXdGD4VeDruABKQZbZmTEG7KT1zpGxbx.9rpBrzQAW',1,'00b00331','https://ui-avatars.com/api/?name=M&color=fff&background=EBE0CC&size=100','2024-06-28 13:44:41','2024-06-30 06:37:13',1,17),(149,'Camilo','Sesto','Sentido','camilo.sesto@puke.com','$2a$10$S.L.XhQ.TFuDWPEfyOcwPOqxZPkHP/xNqRmcT/dVt7ylUrPwaugP2',1,'00002134','https://ui-avatars.com/api/?name=C&color=fff&background=3A64DD&size=100','2024-06-28 13:47:19','2024-06-28 16:12:19',11,NULL),(150,'Camilo','Cabello','Sentido','camila.cabello@puke.com','$2a$10$aGDHW/xCI0ilGILgIJdk0OrM7pR0xaSJ11AWNSxw8MNJf6J0sOQpi',0,'00000023','https://ui-avatars.com/api/?name=C&color=fff&background=B085D2&size=100','2024-06-28 13:50:43','2024-06-30 04:10:50',3,NULL),(151,'Marco','Bozio','Zapata','marco.bozio@puke.com','$2a$10$/fbAa3dKwFoVnZBMwEq2XeYHDxIFXW2Hc/JRZYxH2CLVtYwnIy93S',0,'00000231','https://ui-avatars.com/api/?name=M&color=fff&background=F22574&size=100','2024-06-28 13:58:09','2024-06-28 15:57:09',7,NULL),(152,'Primo','Martinez','Edgy','primo.martinez@puki.com','$2a$10$rLXWMiTVjLc0MYshxqhXt.UrEcMhDgnxOOU9TDl18BDZnIZuQZtQC',0,'00000268','https://ui-avatars.com/api/?name=P&color=fff&background=3403F0&size=100','2024-06-28 13:58:50','2024-06-30 04:23:03',7,NULL),(153,'Maricielo','Pineda','Alfaro','a00000487@dominio.com','$2a$10$uDnSU2twkbaOhQxD9wyDJuKcEYUm4lQ7dpsjnNDELdA2LESnbj.I2',1,'00000487','https://ui-avatars.com/api/?name=M&color=fff&background=77D257&size=100','2024-06-28 15:33:54','2024-06-28 15:33:54',15,NULL),(154,'Gianluca','Alvarado','Cornejo','00000658@dominio.sample.com','$2a$10$LAsdd98aF8WKpW42aJaqBOEvHkAsxO0m.EMan9WiVVjLCwSJ.xBeS',1,'00000658','https://ui-avatars.com/api/?name=G&color=fff&background=642EF3&size=100','2024-06-28 15:44:45','2024-06-28 20:19:30',NULL,NULL),(155,'Bryan','Machaca','Luján','451@dominio.sample.com','$2a$10$GfywIg/BDgL337X5QPIUju4VLU0uKZDHhQxSDJoDiBpewC2p8m7Li',1,'00000451','https://ui-avatars.com/api/?name=B&color=fff&background=E7BD8A&size=100','2024-06-28 15:49:13','2024-06-28 15:50:20',1,16),(156,'Carolina','Montes','Gomez','0000459@domnio.sample.com','$2a$10$43JUNrijv.D6CLDekG1f3e0JrPesZzbjl1OAS0NGzKawohW1xmfua',1,'00000459','https://ui-avatars.com/api/?name=C&color=fff&background=0C0731&size=100','2024-06-28 15:51:36','2024-06-28 20:19:30',NULL,23),(157,'Tenorio','Perez','','457@dominio.sample.com','$2a$10$5qIQvOq.gvKxccYsrybBmOGnRhXNDlhzLOsz9IOVbYgIWqmeMjaPW',0,'00004457','https://ui-avatars.com/api/?name=P&color=fff&background=474654&size=100','2024-06-28 15:57:01','2024-06-30 19:11:18',NULL,NULL),(158,'Katheleen','Suzumiya','Paitán','20034578@dominio.sample.com','$2a$10$gMhM9cwTTRUbmfMXx3IsPedpGC6yvsimstUyBYfALFAbeiHJAyhVq',1,'20034578','https://ui-avatars.com/api/?name=K&color=fff&background=342CF7&size=100','2024-06-28 15:59:58','2024-06-28 15:59:58',13,NULL),(159,'Guillermo','Quispe','Tsukasa','00000485@dominio.sample.com','$2a$10$pBSbrvlnD1ZAB4LCQPjeNugZ207Dr2fqAoYunTcN.DOLsbn1PGhcu',1,'00000485','https://ui-avatars.com/api/?name=G&color=fff&background=FC0B58&size=100','2024-06-28 16:01:46','2024-06-28 20:29:01',NULL,NULL),(160,'Marcia','Bossio','Coronado','00000684@domnio.com','$2a$10$9h5zdL046XMCUb4V9yP/ROasTMJZxVQhOSqvdIYDi6jPS4RmuGcru',1,'00000684','https://ui-avatars.com/api/?name=M&color=fff&background=825FF4&size=100','2024-06-28 16:02:52','2024-06-28 16:02:52',21,NULL),(161,'Sergio','Nuñez','Ascue','00006842@dominio.sample.com','$2a$10$OImEivw7qm8BzMrJmSInrOjELMcrVn7BtdW/AIdGFFQfqmvMI6u9G',0,'00006842','https://ui-avatars.com/api/?name=S&color=fff&background=BF4860&size=100','2024-06-28 16:04:21','2024-06-28 16:09:02',21,NULL),(162,'Miranda','Suarez','Li','007468@dominio.sample.com','$2a$10$pLJd/9gyu.3Mu5YWdgOLueECnv6/25gU8rt/TCnr9jKW1xYbXb49W',1,'00007468','https://ui-avatars.com/api/?name=M&color=fff&background=AA71AB&size=100','2024-06-28 16:06:45','2024-06-28 16:06:45',12,NULL),(163,'Fernanda','Gomez','Martinez','0000678@dominio.sample.com','$2a$10$W8sZwZFe8Z7g5./jMdDREu.1fpuToVMn1P1nfhyWF8am01GfIZ4KG',1,'00000678','https://ui-avatars.com/api/?name=F&color=fff&background=D83BB2&size=100','2024-06-28 16:08:37','2024-06-28 16:08:37',20,NULL),(164,'Pablo','Castillo','Fernandez','458@dominio.sample.com','$2a$10$Yw0aa.xGSH.TN6AE3TerHuQjGMSMyrXZ7/hboRkqpCnkhDv/zH/vW',0,'00000458','https://ui-avatars.com/api/?name=P&color=fff&background=20332E&size=100','2024-06-28 16:11:57','2024-06-28 16:13:07',11,NULL),(165,'Blanca','Flor','Panettone','alexpanli5@gmail.com','$2a$10$ft8hKjKFfu/ypCY4EIbhtuoX0yTYB5ZnDUhrzdqwn3YY.q2WMFrP6',1,'00008672','https://ui-avatars.com/api/?name=B&color=fff&background=EFE257&size=100','2024-06-28 20:34:35','2024-06-28 20:38:25',20,NULL),(166,'Rodolfo','Quispe','','rodolfo2023@gmail.com','$2a$10$sjhgSHGFClqjFn7Ro8hoh.508.SkV394Mp/H4nVIdzpAgX76GF9le',1,'00008987','https://ui-avatars.com/api/?name=R&color=fff&background=648247&size=100','2024-06-28 20:35:31','2024-06-30 15:09:21',20,NULL),(167,'Momo','Poppins','','pl5br322b@ozmail.com','$2a$10$Ea8Gnn0ATX89UpvnsWyxZuMGPQISLcwQNCqVbx49xs6AhFrf7vOpy',1,'00002310','https://ui-avatars.com/api/?name=M&color=fff&background=8B1AF4&size=100','2024-06-28 20:44:32','2024-06-30 03:44:59',20,24),(168,'Alexita','Pan','','dw034go6h@mozmail.com','$2a$10$fMaAb2mcz3DrF17Zj4UTfu2aDFOVjQJIJxPT5.s8Yw1XcNguwSGY.',1,'00091781','https://ui-avatars.com/api/?name=A&color=fff&background=2E6BF1&size=100','2024-06-28 20:47:45','2024-06-30 03:46:13',21,NULL),(169,'Renatto','Garcia','Arce','a20191668@pucp.edu.pe','$2a$10$NbrD06YribHh3ljw7uiNLO5deYAbjNVqpFyyD9Qr5/dtErEskwCfy',1,'20191668','https://ui-avatars.com/api/?name=R&color=fff&background=9BBA19&size=100','2024-06-29 06:54:22','2024-06-29 06:54:22',1,15),(170,'María','López','Rodríguez','mlopezr@universidad.edu','$2a$10$8//Lu5WUlfLm7LavTqc6memix3fmX11u0LN6g8YifhnaZmUW16.Vu',1,'00000012','https://ui-avatars.com/api/?name=M&color=fff&background=722776&size=100','2024-06-29 08:59:59','2024-06-29 08:59:59',1,15),(171,'Donnatello','Morales','Borges','0wv36w6hy@relay.firefox.com','$2a$10$uvPwZYQTuSTxPFOLXJsuH.LqaO1Hl0.I2Ff95Wt5SG4fMiR1YFScu',0,'0000A478','https://ui-avatars.com/api/?name=D&color=fff&background=84962B&size=100','2024-06-30 02:41:45','2024-06-30 07:56:24',1,NULL),(172,'Carol','Granolas','','carol.granolas@mondelez.com','$2a$10$QHqR941er2oE/BBxDIc9rO3zW0P.J1NP5gMCADJTbp3k8paobZO/m',1,'00001324','https://ui-avatars.com/api/?name=C&color=fff&background=1DB346&size=100','2024-06-30 02:42:50','2024-06-30 07:22:08',21,NULL),(173,'React','Zero','Two','React@ABC.com','$2a$10$rxB9WJKuJ3BABVpvMqcBie6Hhoc9JZ/q87.WzGVnjULyCRzVAAXCK',1,'00000ABC','https://ui-avatars.com/api/?name=R&color=fff&background=D68B33&size=100','2024-06-30 02:48:57','2024-06-30 02:48:57',NULL,NULL),(174,'Anna','Rojas','','prueba.prueba@correo.com','$2a$10$MPekvpP.zB0yDhkNsJQAl.uOXArVdh.TgdR2VenrKX/W2ooeRDiwu',1,'0000000A','https://ui-avatars.com/api/?name=A&color=fff&background=67D533&size=100','2024-06-30 03:00:00','2024-06-30 03:50:21',NULL,NULL),(175,'Pablo','Perez','','a786@sample.com','$2a$10$J0/c2CihynEAAkUB8NVviO870kLkfSP7Z8EfN2mDd1OOHmxyInUsS',1,'0000a786','https://ui-avatars.com/api/?name=P&color=fff&background=355202&size=100','2024-06-30 03:32:21','2024-06-30 03:32:21',3,NULL),(176,'Mireya','Cassandra','Salas','485@dominio.sample.com','$2a$10$1fp1TvpunaVTK1L9/8m16.u9kLiBNKq4h8tefqGiALUeGnqQ5/BIW',1,'00000481','https://ui-avatars.com/api/?name=M&color=fff&background=9A501A&size=100','2024-06-30 03:34:31','2024-06-30 03:52:03',1,18),(177,'Maria','Cartagena','Rosales','457841@dominio.com','$2a$10$Hb1FDl/7vJ7oF6COBIMuaOnscObxP9HbQDUecCSiiRjXjiiOTiSd6',1,'00457841','https://ui-avatars.com/api/?name=M&color=fff&background=7D2EF0&size=100','2024-06-30 03:51:07','2024-06-30 03:51:07',NULL,NULL),(178,'Juan','Pérez','Gómez','juan.perez@example.com','$2a$10$cqcSXt1nIQxkP4qm.8ZBE.hl1CPTjXZXhhwQDkEqz7y/xDjtYtLWa',1,'02021001','https://ui-avatars.com/api/?name=J&color=fff&background=90EF73&size=100','2024-06-30 03:57:09','2024-06-30 03:57:09',NULL,NULL),(179,'María','González','López','maria.gonzalez@example.com','$2a$10$8orydIHPoXL7Dj.quoNZ1OAqccw2gXk9xhEBde9mMwiwuhAlNqp1m',1,'02021002','https://ui-avatars.com/api/?name=M&color=fff&background=DC9402&size=100','2024-06-30 03:57:10','2024-06-30 03:57:10',NULL,NULL),(180,'Carlos','Martínez','Sánchez','carlos.martinez@example.com','$2a$10$zt9G0vStTTviSRRTLBzhyOQQ9jVuBwlT89wTw.YnHVrDxP/ADvNAi',1,'02021003','https://ui-avatars.com/api/?name=C&color=fff&background=AD0C06&size=100','2024-06-30 03:57:10','2024-06-30 03:57:10',NULL,NULL),(181,'Luisa','Rodríguez','Fernández','luisa.rodriguez@example.com','$2a$10$se0oXxTcCptZYz4as1.5E.uinT4SmyCQtzDHstkf1N3nvZRHI5gha',1,'02021004','https://ui-avatars.com/api/?name=L&color=fff&background=2AA484&size=100','2024-06-30 03:57:11','2024-06-30 03:57:11',NULL,NULL),(182,'Sofía','Hernández','García','sofia.hernandez@example.com','$2a$10$UuBqu/AYPve99k9dFqYBZumRAUo6sd6nwve7m5X.jxHLEoHs.z4Ha',1,'02021006','https://ui-avatars.com/api/?name=S&color=fff&background=EF4658&size=100','2024-06-30 03:57:12','2024-06-30 03:57:12',NULL,NULL),(183,'Marcelo','Ruiz','Serrano','ana.ruiz@example.com','$2a$10$aYMRKE1n.kwhY/EhZ17blOYY9qajYKhMy6nKJSzkZrP1y4N5dTTbG',1,'02021008','https://ui-avatars.com/api/?name=M&color=fff&background=B18E30&size=100','2024-06-30 03:57:13','2024-06-30 03:57:13',NULL,NULL),(184,'Miguel','López','Díaz','miguel.lopez@example.com','$2a$10$gO4GBff5ip1WEBCHumMt8ungucgjaByAKqPMg.KASFkH9NJ0REOX.',1,'02021009','https://ui-avatars.com/api/?name=M&color=fff&background=ED4296&size=100','2024-06-30 03:57:14','2024-06-30 03:57:14',NULL,NULL),(185,'Laura','Gómez','','laura.gomez@example.com','$2a$10$p.YYHJgETFVGrPfJk2xfzOKymchgKakL.P.SJBlAPHUWHPP1XQheu',1,'02021010','https://ui-avatars.com/api/?name=L&color=fff&background=59F997&size=100','2024-06-30 03:57:15','2024-06-30 03:57:15',NULL,NULL),(186,'Carlos','Granolas','','1234@dominio.com','$2a$10$Srw3zYac2u0HTF6/b96RIe673TBd6vLQJ/fvIkz0rmaYnvhx3.YuO',0,'00001234','https://ui-avatars.com/api/?name=C&color=fff&background=B560C9&size=100','2024-06-30 04:01:18','2024-06-30 04:04:15',21,NULL),(187,'Camila','Perez','','154@dominio.com','$2a$10$z/609n1QRdI8K3Rd9.HEIOkW97nA0ikT2zfPYHfNiSkohuWnNrNRW',1,'00000154','https://ui-avatars.com/api/?name=C&color=fff&background=EC33BB&size=100','2024-06-30 04:08:54','2024-06-30 04:08:54',6,NULL),(188,'Sofia','Palermo','Jara','1578@dominio.com','$2a$10$4vnaQkpLyBz47bodSrke1e38faXomGSzKCeIzO3IrudOK.2Bwn6oC',1,'00001578','https://ui-avatars.com/api/?name=S&color=fff&background=23143F&size=100','2024-06-30 04:23:38','2024-06-30 07:18:45',7,NULL),(189,'Carolina','Hernandez','Mamani','157@dominio.com','$2a$10$r1I2gfwL7UprlyEmeFjA0.Gd1C9jKu866/A.lM1f4wEhDohOEZ1bu',0,'00000157','https://ui-avatars.com/api/?name=C&color=fff&background=F6E273&size=100','2024-06-30 04:27:42','2024-06-30 04:28:21',8,NULL),(190,'Pedro','Klhevnikov','','ab45@dominio.com','$2a$10$PeVOFYSvt2BXVAJbCdVuMedycCdFXsjxNwNeKNmdkH5sXP5PZZYxW',1,'0000ab45','https://ui-avatars.com/api/?name=P&color=fff&background=708FC6&size=100','2024-06-30 04:53:26','2024-06-30 04:53:26',NULL,NULL),(191,'Fernanda','Zuñiga','','4587sa@dominio.com','$2a$10$SqOx3GGXFKCvyAugc55QJewogjdGzST5aBV8NLFwjiwBwFy95PaAe',1,'004587sa','https://ui-avatars.com/api/?name=F&color=fff&background=AE66D2&size=100','2024-06-30 04:55:14','2024-06-30 06:37:03',1,17),(192,'Marta','Habla','','martha.talking@puke.com','$2a$10$MwKjV4vfen4Xo81g8tmIDebhhwf.67FqYZ.ntXjEFXEJ1CMEECN5y',0,'00002341','https://ui-avatars.com/api/?name=M&color=fff&background=DBEE20&size=100','2024-06-30 05:56:02','2024-06-30 06:01:42',3,NULL),(193,'Martin','Rivera','Vivar','457x@dominio.com','$2a$10$tBBQH519oM41JwMgrm.kbeL9XaAapOpzeNyLftafYl87xdhVq6MXS',1,'0000457x','https://ui-avatars.com/api/?name=M&color=fff&background=FD2924&size=100','2024-06-30 06:14:57','2024-06-30 06:15:28',NULL,NULL),(194,'Pedro','Castro','Silva','485@dominio.com','$2a$10$cLwWIMVnXyesiq0SxRapU.Tq1DLfmdB0bfeJiA2KXo7pSMGZoPsum',1,'000s0485','https://ui-avatars.com/api/?name=P&color=fff&background=7DFF8C&size=100','2024-06-30 06:41:11','2024-06-30 06:41:29',1,1),(195,'Pedro','Ramírez','Juárez','pedro.ramirez@example.com','$2a$10$hJpyEr7JMipJxMo63GhNgOpY8GCmx08vN99wA4AHjZnOrRGV99ES6',1,'02021005','https://ui-avatars.com/api/?name=P&color=fff&background=5CF9D4&size=100','2024-06-30 06:44:49','2024-06-30 06:44:49',1,1),(196,'Merlin','Maguin','','merlin.maguin@pukin.com','$2a$10$iaJGcYzabgAlsqcxNGsufembwABgX/oDWwl2kag89bP8k/jGSp6T2',1,'00000441','https://ui-avatars.com/api/?name=M&color=fff&background=4345B0&size=100','2024-06-30 07:22:59','2024-06-30 07:22:59',8,NULL),(197,'Pedro','Sifuentes','','9css3wl0c@mozmail.com','$2a$10$MPUyT1Q6JbXieuLjN5wv3uob7ChP8osv.UTxwIz2s/N9UJpkmv2Ze',1,'004578sf','https://ui-avatars.com/api/?name=P&color=fff&background=9C9C82&size=100','2024-06-30 07:58:14','2024-06-30 07:58:14',1,NULL),(198,'Alberto','Sinfuentes','Altamirano','aleberto@gmail.com','$2a$10$DQAgBbhIx6hxFAVlG9et2.QYNZ/bN3BHChnnJFEJkaqXrvI9UVr6G',1,'00002552','https://ui-avatars.com/api/?name=A&color=fff&background=39749F&size=100','2024-06-30 14:33:56','2024-06-30 14:34:11',NULL,NULL),(199,'Alberto','Sinfuentes','','sasd@gmail.com','$2a$10$3QN.Z68ve69M1HXPT67C1O6c11ev0VzsBYW2CktnCKgpeceECzuuO',1,'00024456','https://ui-avatars.com/api/?name=A&color=fff&background=441879&size=100','2024-06-30 14:41:19','2024-06-30 14:41:19',25,NULL),(200,'Juan','Cruz','','juancruz@gmail.com','$2a$10$FHXeA0JduiB2qOxsDEf3CeZGbbLwYQMemD0mQjgTEflusW.tySjWK',1,'00123849','https://ui-avatars.com/api/?name=J&color=fff&background=2B4460&size=100','2024-06-30 14:44:48','2024-06-30 14:46:18',NULL,NULL),(201,'Jose','Paredes','Nunez','joseparedes@gmail.com','$2a$10$Qhr//lZPv7rOiVmZCaq2oOHkg1orXdBGWxBzuObE6349nl4yThto.',1,'00203933','https://ui-avatars.com/api/?name=J&color=fff&background=C6AB4D&size=100','2024-06-30 14:48:16','2024-06-30 14:48:16',27,NULL),(202,'Juan','Sanchez','','juan.sanchez@gmail.com','$2a$10$yfrSrsRoHgdKNjqNEfU20.Bh2AkQ4whZT1sV3p6VTuKEllenQ0h8G',1,'00002019','https://ui-avatars.com/api/?name=J&color=fff&background=082D41&size=100','2024-06-30 15:02:44','2024-06-30 15:16:57',20,NULL),(203,'Jazmin','Abanto','','jazb@dominio.com','$2a$10$IZS52k0pCdsHfTdrNccM9uS2I8Fr3BkzUPLL2S/7PUkfOiY0GA.4.',1,'00000494','https://ui-avatars.com/api/?name=J&color=fff&background=B486D3&size=100','2024-06-30 18:20:02','2024-06-30 19:14:15',NULL,NULL),(204,'Adrian','Centeno','Suarez','00000321@dominio.sample.com','$2a$10$6gO3hXznA..DiqHwydMYAOjKRDBW4RbhGMLx6SlHlUwJmDqv2YV42',1,'00000321','https://ui-avatars.com/api/?name=A&color=fff&background=5B7394&size=100','2024-06-30 18:55:09','2024-06-30 19:06:24',NULL,NULL),(205,'Sabrina','Morales','','00008421@dominio.sample.com','$2a$10$ttddShXYTyS.vuEWCyy63uzgmBcKEbG7MQmHsRIyDPol8aJlC2HNC',1,'00008421','https://ui-avatars.com/api/?name=S&color=fff&background=5C687A&size=100','2024-06-30 18:59:43','2024-06-30 19:06:24',NULL,NULL),(206,'Anderson','Sifuentes','','00004874@dominio.sample.com','$2a$10$XaIjbMK6OtSnyCQDId37JexFGQWALLdiGLWmxJb3v2U.uEJUjSYQ6',1,'00004874','https://ui-avatars.com/api/?name=A&color=fff&background=DE806A&size=100','2024-06-30 19:02:55','2024-06-30 19:06:24',NULL,NULL),(207,'Jorgeasd','Perez','Reyes','perezcat7@gmail.com','$2a$10$UZ9zaBwhvHGfKzM5LXTxz.HbiLskzXtTsvcPcpg3wq/kvNR3x2dnK',1,'20190458','https://ui-avatars.com/api/?name=J&color=fff&background=23FC5D&size=100','2024-06-30 23:13:50','2024-07-02 02:45:00',NULL,1),(210,'Tony','Reyes','','tidiyid310@devncie.com','$2a$10$fw4bq0inKmR2bG3M.S5FHuSu/Eme4ESRxIGa6NfnP8o7FhM7VlEwe',1,'20181521','https://ui-avatars.com/api/?name=T&color=fff&background=4EE404&size=100','2024-07-01 22:27:57','2024-07-02 02:42:54',41,27),(211,'Luis','Flores','Garcia','luis.flores@pucp.edu.pe','$2a$10$br1BfQtYVIFOmKT/1OvBV.vw3qmxRs9A6BmfvJBYCw4kfmiXsR/8W',1,'19960275','https://ui-avatars.com/api/?name=L&color=fff&background=3B3AD9&size=100','2024-07-02 01:35:41','2024-07-02 01:35:41',NULL,NULL),(212,'Coordinador','Facultad','Temp','laf_luis@hotmail.com','$2a$10$xgrXTpz3qC2GrRY0Nt9DgOb2C73hdz1AXaB4.5VIbT8vJdk3GQYSO',1,'19960276','https://ui-avatars.com/api/?name=C&color=fff&background=29159F&size=100','2024-07-02 01:37:25','2024-07-02 01:37:25',NULL,NULL),(213,'Jeanpierr','Suarez','Facundo','jfsuarez@pucp.edu.pe','$2a$10$D6vX0hq5PokEankLgkm/VOoh6BoynSUOqh.eTkFEcwKJyp.oeTGRy',1,'20196346','https://ui-avatars.com/api/?name=J&color=fff&background=58F25B&size=100','2024-07-02 01:45:31','2024-07-02 01:45:31',3,NULL),(214,'Prueba','Prueba','','34576@gmail.com','$2a$10$fKoZO14y3B4qqWWjEoXPgue/uEfL7W8QI8Az49HygRm9B0FoG8UoS',1,'00034576','https://ui-avatars.com/api/?name=P&color=fff&background=871057&size=100','2024-07-02 01:46:39','2024-07-02 01:46:39',3,NULL),(215,'Jose','Martinez','Salvador','salvador@pucp.edu.pe','$2a$10$CpCjkY2BIsiiuuNnDUbURuMH35cP0WhGo2lFaPX1VF43atT3TDhD6',1,'00022020','https://ui-avatars.com/api/?name=J&color=fff&background=9C1197&size=100','2024-07-02 01:49:00','2024-07-02 01:49:00',NULL,NULL),(216,'Prueba','Prueba','','123@gmail.com','$2a$10$ggb81lDwEUq9qrIP6yw.Y.l0fzAL8RDEA0DdU3z18.VDiRl7Fypb.',1,'00000123','https://ui-avatars.com/api/?name=P&color=fff&background=32DE1E&size=100','2024-07-02 01:50:30','2024-07-02 01:50:30',NULL,NULL),(217,'Jose','Martin','Martin','martin@ppu.ep.pe','$2a$10$aN37PsW0u0UKzm0xERBNM.KxJ0mEEJ6nrYRRC2WytNceexBBIbpfe',1,'00023204','https://ui-avatars.com/api/?name=J&color=fff&background=DE0BBF&size=100','2024-07-02 01:50:32','2024-07-02 01:50:32',NULL,NULL),(218,'Prueba','Prueba','','2020@gmail.com','$2a$10$l0oPpUqauUu9HKK4rW3cieFe2oiY/C.xEZ5qKib2/hHdl4HZVmb9y',1,'00002020','https://ui-avatars.com/api/?name=P&color=fff&background=D4F8B1&size=100','2024-07-02 01:58:39','2024-07-02 01:58:39',NULL,NULL),(219,'Testeo','Testeo','','9847@gmail.com','$2a$10$GBd7ZaCVLGENFlJqU7ED/.le5vb/BwpHSq.2g.uUTkA27UFvWSRpO',1,'00009847','https://ui-avatars.com/api/?name=T&color=fff&background=3F5C4F&size=100','2024-07-02 02:17:13','2024-07-02 02:19:20',NULL,NULL),(220,'Josea','Martinsad','Martin','martin@pupc.edu.pe','$2a$10$Ue9ejaUz95hnNSq5WwcWru8PtcYaxl7.xovcqJXygCWCKq/gxRTom',1,'00020183','https://ui-avatars.com/api/?name=J&color=fff&background=2B3097&size=100','2024-07-02 02:38:38','2024-07-02 02:44:57',NULL,3),(221,'Martin','Martin','Martin','martinmartin@pucp.edu.pe','$2a$10$gW027FNaF16SM7kI5/ZY2OZrESaziMup8EHZNOmUSO6D51XGuQNIy',1,'02019342','https://ui-avatars.com/api/?name=M&color=fff&background=CE365B&size=100','2024-07-02 02:40:40','2024-07-02 02:42:30',41,NULL),(222,'Martin','Martin','Martin','Martinx3@pupc.edu.pe','$2a$10$36HOVWlxpan0lnP6uFSQgu7xpMeCpIHJMebyj0ICNUqr0cI9Diyhi',1,'20142432','https://ui-avatars.com/api/?name=M&color=fff&background=A4FDE8&size=100','2024-07-02 02:41:03','2024-07-02 02:41:03',25,NULL);
/*!40000 ALTER TABLE `Usuario` ENABLE KEYS */;
UNLOCK TABLES;

--
-- Dumping events for database 'MentifyNuevo'
--

--
-- Dumping routines for database 'MentifyNuevo'
--
/*!40103 SET TIME_ZONE=@OLD_TIME_ZONE */;

/*!40101 SET SQL_MODE=@OLD_SQL_MODE */;
/*!40014 SET FOREIGN_KEY_CHECKS=@OLD_FOREIGN_KEY_CHECKS */;
/*!40014 SET UNIQUE_CHECKS=@OLD_UNIQUE_CHECKS */;
/*!40101 SET CHARACTER_SET_CLIENT=@OLD_CHARACTER_SET_CLIENT */;
/*!40101 SET CHARACTER_SET_RESULTS=@OLD_CHARACTER_SET_RESULTS */;
/*!40101 SET COLLATION_CONNECTION=@OLD_COLLATION_CONNECTION */;
/*!40111 SET SQL_NOTES=@OLD_SQL_NOTES */;

-- Dump completed on 2024-07-01 22:04:00
