-- MySQL dump 10.13  Distrib 8.4.0, for macos14 (arm64)
--
-- Host: mentoring.cqaz4i5mrupx.us-east-1.rds.amazonaws.com    Database: MentifyNuevo
-- ------------------------------------------------------
-- Server version	8.0.35

/*!40101 SET @OLD_CHARACTER_SET_CLIENT=@@CHARACTER_SET_CLIENT */;
/*!40101 SET @OLD_CHARACTER_SET_RESULTS=@@CHARACTER_SET_RESULTS */;
/*!40101 SET @OLD_COLLATION_CONNECTION=@@COLLATION_CONNECTION */;
/*!50503 SET NAMES utf8mb4 */;
/*!40103 SET @OLD_TIME_ZONE=@@TIME_ZONE */;
/*!40103 SET TIME_ZONE='+00:00' */;
/*!40014 SET @OLD_UNIQUE_CHECKS=@@UNIQUE_CHECKS, UNIQUE_CHECKS=0 */;
/*!40014 SET @OLD_FOREIGN_KEY_CHECKS=@@FOREIGN_KEY_CHECKS, FOREIGN_KEY_CHECKS=0 */;
/*!40101 SET @OLD_SQL_MODE=@@SQL_MODE, SQL_MODE='NO_AUTO_VALUE_ON_ZERO' */;
/*!40111 SET @OLD_SQL_NOTES=@@SQL_NOTES, SQL_NOTES=0 */;

--
-- Table structure for table `AlumnoSesionCita`
--

DROP TABLE IF EXISTS `AlumnoSesionCita`;
/*!40101 SET @saved_cs_client     = @@character_set_client */;
/*!50503 SET character_set_client = utf8mb4 */;
CREATE TABLE `AlumnoSesionCita` (
  `id` int NOT NULL AUTO_INCREMENT,
  `fid_alumno` int NOT NULL,
  `fid_sesionCita` int NOT NULL,
  `fechaCreacion` datetime DEFAULT CURRENT_TIMESTAMP,
  `fechaActualizacion` datetime DEFAULT CURRENT_TIMESTAMP,
  PRIMARY KEY (`id`),
  KEY `fid_sesionCita` (`fid_sesionCita`),
  KEY `AlumnoSesionCita_ibfk_1` (`fid_alumno`),
  CONSTRAINT `AlumnoSesionCita_ibfk_1` FOREIGN KEY (`fid_alumno`) REFERENCES `Usuario` (`id_usuario`)
) ENGINE=InnoDB AUTO_INCREMENT=473 DEFAULT CHARSET=utf8mb4 COLLATE=utf8mb4_0900_ai_ci;
/*!40101 SET character_set_client = @saved_cs_client */;

--
-- Dumping data for table `AlumnoSesionCita`
--

LOCK TABLES `AlumnoSesionCita` WRITE;
/*!40000 ALTER TABLE `AlumnoSesionCita` DISABLE KEYS */;
INSERT INTO `AlumnoSesionCita` VALUES (162,4,1,'2024-07-01 21:36:54','2024-07-01 21:36:54'),(163,4,2,'2024-07-01 21:36:54','2024-07-01 21:36:54'),(164,4,3,'2024-07-01 21:36:54','2024-07-01 21:36:54'),(165,4,4,'2024-07-01 21:36:54','2024-07-01 21:36:54'),(166,4,5,'2024-07-01 21:36:54','2024-07-01 21:36:54'),(167,4,6,'2024-07-01 21:36:54','2024-07-01 21:36:54'),(168,36,7,'2024-07-01 21:36:54','2024-07-01 21:36:54'),(169,4,8,'2024-07-01 21:36:54','2024-07-01 21:36:54'),(170,14,9,'2024-07-01 21:36:54','2024-07-01 21:36:54'),(171,14,10,'2024-07-01 21:36:54','2024-07-01 21:36:54'),(172,4,10,'2024-07-01 21:36:54','2024-07-01 21:36:54'),(173,4,11,'2024-07-01 21:36:54','2024-07-01 21:36:54'),(174,4,12,'2024-07-01 21:36:54','2024-07-01 21:36:54'),(175,14,13,'2024-07-01 21:36:54','2024-07-01 21:36:54'),(176,4,13,'2024-07-01 21:36:54','2024-07-01 21:36:54'),(177,14,14,'2024-07-01 21:36:54','2024-07-01 21:36:54'),(178,4,14,'2024-07-01 21:36:54','2024-07-01 21:36:54'),(179,14,15,'2024-07-01 21:36:54','2024-07-01 21:36:54'),(180,4,15,'2024-07-01 21:36:54','2024-07-01 21:36:54'),(181,14,16,'2024-07-01 21:36:54','2024-07-01 21:36:54'),(182,4,16,'2024-07-01 21:36:54','2024-07-01 21:36:54'),(183,14,17,'2024-07-01 21:36:54','2024-07-01 21:36:54'),(184,4,17,'2024-07-01 21:36:54','2024-07-01 21:36:54'),(185,4,18,'2024-07-01 21:36:54','2024-07-01 21:36:54'),(186,14,19,'2024-07-01 21:36:54','2024-07-01 21:36:54'),(187,4,19,'2024-07-01 21:36:54','2024-07-01 21:36:54'),(188,14,20,'2024-07-01 21:36:54','2024-07-01 21:36:54'),(189,4,20,'2024-07-01 21:36:54','2024-07-01 21:36:54'),(190,14,21,'2024-07-01 21:36:54','2024-07-01 21:36:54'),(191,4,21,'2024-07-01 21:36:54','2024-07-01 21:36:54'),(192,14,22,'2024-07-01 21:36:54','2024-07-01 21:36:54'),(193,4,22,'2024-07-01 21:36:54','2024-07-01 21:36:54'),(194,14,23,'2024-07-01 21:36:54','2024-07-01 21:36:54'),(195,4,23,'2024-07-01 21:36:54','2024-07-01 21:36:54'),(196,4,25,'2024-07-01 21:36:54','2024-07-01 21:36:54'),(197,36,26,'2024-07-01 21:36:54','2024-07-01 21:36:54'),(198,64,27,'2024-07-01 21:36:54','2024-07-01 21:36:54'),(199,14,28,'2024-07-01 21:36:54','2024-07-01 21:36:54'),(200,64,29,'2024-07-01 21:36:54','2024-07-01 21:36:54'),(201,4,30,'2024-07-01 21:36:54','2024-07-01 21:36:54'),(202,36,31,'2024-07-01 21:36:54','2024-07-01 21:36:54'),(203,36,32,'2024-07-01 21:36:54','2024-07-01 21:36:54'),(204,36,33,'2024-07-01 21:36:54','2024-07-01 21:36:54'),(205,36,34,'2024-07-01 21:36:54','2024-07-01 21:36:54'),(206,36,35,'2024-07-01 21:36:54','2024-07-01 21:36:54'),(207,35,36,'2024-07-01 21:36:54','2024-07-01 21:36:54'),(208,4,37,'2024-07-01 21:36:54','2024-07-01 21:36:54'),(209,36,38,'2024-07-01 21:36:54','2024-07-01 21:36:54'),(210,35,39,'2024-07-01 21:36:54','2024-07-01 21:36:54'),(211,35,40,'2024-07-01 21:36:54','2024-07-01 21:36:54'),(212,4,41,'2024-07-01 21:36:54','2024-07-01 21:36:54'),(213,35,42,'2024-07-01 21:36:54','2024-07-01 21:36:54'),(214,35,43,'2024-07-01 21:36:54','2024-07-01 21:36:54'),(215,35,44,'2024-07-01 21:36:54','2024-07-01 21:36:54'),(216,35,45,'2024-07-01 21:36:54','2024-07-01 21:36:54'),(217,35,46,'2024-07-01 21:36:54','2024-07-01 21:36:54'),(218,4,47,'2024-07-01 21:36:54','2024-07-01 21:36:54'),(219,4,48,'2024-07-01 21:36:54','2024-07-01 21:36:54'),(220,4,49,'2024-07-01 21:36:54','2024-07-01 21:36:54'),(221,64,50,'2024-07-01 21:36:54','2024-07-01 21:36:54'),(222,35,51,'2024-07-01 21:36:54','2024-07-01 21:36:54'),(223,4,52,'2024-07-01 21:36:54','2024-07-01 21:36:54'),(224,4,53,'2024-07-01 21:36:54','2024-07-01 21:36:54'),(225,4,54,'2024-07-01 21:36:54','2024-07-01 21:36:54'),(226,35,55,'2024-07-01 21:36:54','2024-07-01 21:36:54'),(227,2,56,'2024-07-01 21:36:54','2024-07-01 21:36:54'),(228,2,57,'2024-07-01 21:36:54','2024-07-01 21:36:54'),(229,2,58,'2024-07-01 21:36:54','2024-07-01 21:36:54'),(230,4,59,'2024-07-01 21:36:54','2024-07-01 21:36:54'),(231,4,60,'2024-07-01 21:36:54','2024-07-01 21:36:54'),(232,64,61,'2024-07-01 21:36:54','2024-07-01 21:36:54'),(233,4,62,'2024-07-01 21:36:54','2024-07-01 21:36:54'),(234,14,63,'2024-07-01 21:36:54','2024-07-01 21:36:54'),(235,4,63,'2024-07-01 21:36:54','2024-07-01 21:36:54'),(236,35,64,'2024-07-01 21:36:54','2024-07-01 21:36:54'),(237,4,65,'2024-07-01 21:36:54','2024-07-01 21:36:54'),(238,36,66,'2024-07-01 21:36:54','2024-07-01 21:36:54'),(239,4,67,'2024-07-01 21:36:54','2024-07-01 21:36:54'),(240,4,68,'2024-07-01 21:36:54','2024-07-01 21:36:54'),(241,35,69,'2024-07-01 21:36:54','2024-07-01 21:36:54'),(242,36,70,'2024-07-01 21:36:54','2024-07-01 21:36:54'),(243,36,71,'2024-07-01 21:36:54','2024-07-01 21:36:54'),(244,4,72,'2024-07-01 21:36:54','2024-07-01 21:36:54'),(245,35,73,'2024-07-01 21:36:54','2024-07-01 21:36:54'),(246,36,74,'2024-07-01 21:36:54','2024-07-01 21:36:54'),(247,36,76,'2024-07-01 21:36:54','2024-07-01 21:36:54'),(248,36,77,'2024-07-01 21:36:54','2024-07-01 21:36:54'),(249,36,78,'2024-07-01 21:36:54','2024-07-01 21:36:54'),(250,36,79,'2024-07-01 21:36:54','2024-07-01 21:36:54'),(251,36,80,'2024-07-01 21:36:54','2024-07-01 21:36:54'),(252,4,81,'2024-07-01 21:36:54','2024-07-01 21:36:54'),(253,36,82,'2024-07-01 21:36:54','2024-07-01 21:36:54'),(254,36,83,'2024-07-01 21:36:54','2024-07-01 21:36:54'),(255,36,84,'2024-07-01 21:36:54','2024-07-01 21:36:54'),(256,36,85,'2024-07-01 21:36:54','2024-07-01 21:36:54'),(257,36,86,'2024-07-01 21:36:54','2024-07-01 21:36:54'),(258,36,87,'2024-07-01 21:36:54','2024-07-01 21:36:54'),(259,36,88,'2024-07-01 21:36:54','2024-07-01 21:36:54'),(260,36,89,'2024-07-01 21:36:54','2024-07-01 21:36:54'),(261,4,90,'2024-07-01 21:36:54','2024-07-01 21:36:54'),(262,36,91,'2024-07-01 21:36:54','2024-07-01 21:36:54'),(263,64,92,'2024-07-01 21:36:54','2024-07-01 21:36:54'),(264,36,93,'2024-07-01 21:36:54','2024-07-01 21:36:54'),(265,36,94,'2024-07-01 21:36:54','2024-07-01 21:36:54'),(266,36,95,'2024-07-01 21:36:54','2024-07-01 21:36:54'),(267,36,96,'2024-07-01 21:36:54','2024-07-01 21:36:54'),(268,4,97,'2024-07-01 21:36:54','2024-07-01 21:36:54'),(269,36,98,'2024-07-01 21:36:54','2024-07-01 21:36:54'),(270,4,99,'2024-07-01 21:36:54','2024-07-01 21:36:54'),(271,36,100,'2024-07-01 21:36:54','2024-07-01 21:36:54'),(272,14,101,'2024-07-01 21:36:54','2024-07-01 21:36:54'),(273,4,101,'2024-07-01 21:36:54','2024-07-01 21:36:54'),(274,4,102,'2024-07-01 21:36:54','2024-07-01 21:36:54'),(275,35,103,'2024-07-01 21:36:54','2024-07-01 21:36:54'),(276,4,103,'2024-07-01 21:36:54','2024-07-01 21:36:54'),(277,35,104,'2024-07-01 21:36:54','2024-07-01 21:36:54'),(278,4,105,'2024-07-01 21:36:54','2024-07-01 21:36:54'),(279,4,106,'2024-07-01 21:36:54','2024-07-01 21:36:54'),(280,36,107,'2024-07-01 21:36:54','2024-07-01 21:36:54'),(281,36,108,'2024-07-01 21:36:54','2024-07-01 21:36:54'),(282,4,109,'2024-07-01 21:36:54','2024-07-01 21:36:54'),(283,4,110,'2024-07-01 21:36:54','2024-07-01 21:36:54'),(284,36,111,'2024-07-01 21:36:54','2024-07-01 21:36:54'),(285,4,112,'2024-07-01 21:36:54','2024-07-01 21:36:54'),(286,4,113,'2024-07-01 21:36:54','2024-07-01 21:36:54'),(287,4,114,'2024-07-01 21:36:54','2024-07-01 21:36:54'),(288,4,115,'2024-07-01 21:36:54','2024-07-01 21:36:54'),(289,4,116,'2024-07-01 21:36:54','2024-07-01 21:36:54'),(290,117,117,'2024-07-01 21:36:54','2024-07-01 21:36:54'),(291,117,118,'2024-07-01 21:36:54','2024-07-01 21:36:54'),(292,4,119,'2024-07-01 21:36:54','2024-07-01 21:36:54'),(293,35,119,'2024-07-01 21:36:54','2024-07-01 21:36:54'),(294,64,120,'2024-07-01 21:36:54','2024-07-01 21:36:54'),(295,4,121,'2024-07-01 21:36:54','2024-07-01 21:36:54'),(296,4,122,'2024-07-01 21:36:54','2024-07-01 21:36:54'),(297,4,123,'2024-07-01 21:36:54','2024-07-01 21:36:54'),(298,4,124,'2024-07-01 21:36:54','2024-07-01 21:36:54'),(299,4,125,'2024-07-01 21:36:54','2024-07-01 21:36:54'),(300,4,126,'2024-07-01 21:36:54','2024-07-01 21:36:54'),(301,4,127,'2024-07-01 21:36:54','2024-07-01 21:36:54'),(302,4,128,'2024-07-01 21:36:54','2024-07-01 21:36:54'),(303,4,129,'2024-07-01 21:36:54','2024-07-01 21:36:54'),(304,4,130,'2024-07-01 21:36:54','2024-07-01 21:36:54'),(305,4,131,'2024-07-01 21:36:54','2024-07-01 21:36:54'),(306,4,132,'2024-07-01 21:36:54','2024-07-01 21:36:54'),(307,4,133,'2024-07-01 21:36:54','2024-07-01 21:36:54'),(308,4,134,'2024-07-01 21:36:54','2024-07-01 21:36:54'),(309,4,136,'2024-07-01 21:36:54','2024-07-01 21:36:54'),(310,4,137,'2024-07-01 21:36:54','2024-07-01 21:36:54'),(311,35,138,'2024-07-01 21:36:54','2024-07-01 21:36:54'),(312,4,139,'2024-07-01 21:36:54','2024-07-01 21:36:54'),(313,4,140,'2024-07-01 21:36:54','2024-07-01 21:36:54'),(314,4,141,'2024-07-01 21:36:54','2024-07-01 21:36:54'),(315,4,142,'2024-07-01 21:36:54','2024-07-01 21:36:54'),(316,4,143,'2024-07-01 21:36:54','2024-07-01 21:36:54'),(317,4,144,'2024-07-01 21:36:54','2024-07-01 21:36:54'),(318,4,145,'2024-07-01 21:36:54','2024-07-01 21:36:54'),(319,4,146,'2024-07-01 21:36:54','2024-07-01 21:36:54'),(320,4,147,'2024-07-01 21:36:54','2024-07-01 21:36:54'),(321,4,148,'2024-07-01 21:36:54','2024-07-01 21:36:54'),(322,4,149,'2024-07-01 21:36:54','2024-07-01 21:36:54'),(323,4,150,'2024-07-01 21:36:54','2024-07-01 21:36:54'),(324,4,151,'2024-07-01 21:36:54','2024-07-01 21:36:54'),(325,4,152,'2024-07-01 21:36:54','2024-07-01 21:36:54'),(326,4,153,'2024-07-01 21:36:54','2024-07-01 21:36:54'),(327,4,154,'2024-07-01 21:36:54','2024-07-01 21:36:54'),(328,4,155,'2024-07-01 21:36:54','2024-07-01 21:36:54'),(329,4,156,'2024-07-01 21:36:54','2024-07-01 21:36:54'),(330,4,157,'2024-07-01 21:36:54','2024-07-01 21:36:54'),(331,4,158,'2024-07-01 21:36:54','2024-07-01 21:36:54'),(332,4,159,'2024-07-01 21:36:54','2024-07-01 21:36:54'),(333,4,160,'2024-07-01 21:36:54','2024-07-01 21:36:54'),(334,4,161,'2024-07-01 21:36:54','2024-07-01 21:36:54'),(335,4,162,'2024-07-01 21:36:54','2024-07-01 21:36:54'),(336,64,163,'2024-07-01 21:36:54','2024-07-01 21:36:54'),(337,4,164,'2024-07-01 21:36:54','2024-07-01 21:36:54'),(338,4,165,'2024-07-01 21:36:54','2024-07-01 21:36:54'),(339,4,166,'2024-07-01 21:36:54','2024-07-01 21:36:54'),(340,4,167,'2024-07-01 21:36:54','2024-07-01 21:36:54'),(341,4,168,'2024-07-01 21:36:54','2024-07-01 21:36:54'),(342,4,169,'2024-07-01 21:36:54','2024-07-01 21:36:54'),(343,4,170,'2024-07-01 21:36:54','2024-07-01 21:36:54'),(344,4,171,'2024-07-01 21:36:54','2024-07-01 21:36:54'),(345,4,172,'2024-07-01 21:36:54','2024-07-01 21:36:54'),(346,4,173,'2024-07-01 21:36:54','2024-07-01 21:36:54'),(347,4,174,'2024-07-01 21:36:54','2024-07-01 21:36:54'),(348,4,175,'2024-07-01 21:36:54','2024-07-01 21:36:54'),(349,4,176,'2024-07-01 21:36:54','2024-07-01 21:36:54'),(350,4,183,'2024-07-01 21:36:54','2024-07-01 21:36:54'),(351,4,184,'2024-07-01 21:36:54','2024-07-01 21:36:54'),(352,4,185,'2024-07-01 21:36:54','2024-07-01 21:36:54'),(353,4,186,'2024-07-01 21:36:54','2024-07-01 21:36:54'),(354,4,187,'2024-07-01 21:36:54','2024-07-01 21:36:54'),(355,4,188,'2024-07-01 21:36:54','2024-07-01 21:36:54'),(356,4,189,'2024-07-01 21:36:54','2024-07-01 21:36:54'),(357,4,190,'2024-07-01 21:36:54','2024-07-01 21:36:54'),(358,4,191,'2024-07-01 21:36:54','2024-07-01 21:36:54'),(359,4,192,'2024-07-01 21:36:54','2024-07-01 21:36:54'),(360,4,193,'2024-07-01 21:36:54','2024-07-01 21:36:54'),(361,207,194,'2024-07-01 21:36:54','2024-07-01 21:36:54'),(362,4,194,'2024-07-01 21:36:54','2024-07-01 21:36:54'),(363,4,195,'2024-07-01 21:36:54','2024-07-01 21:36:54'),(364,207,195,'2024-07-01 21:36:54','2024-07-01 21:36:54'),(365,4,196,'2024-07-01 21:36:54','2024-07-01 21:36:54'),(366,207,196,'2024-07-01 21:36:54','2024-07-01 21:36:54'),(367,117,199,'2024-07-03 04:17:36','2024-07-03 04:17:36'),(368,4,200,'2024-07-03 05:33:16','2024-07-03 05:33:16'),(369,4,201,'2024-07-03 06:12:37','2024-07-03 06:12:37'),(370,4,202,'2024-07-03 06:13:19','2024-07-03 06:13:19'),(371,4,203,'2024-07-03 06:14:53','2024-07-03 06:14:53'),(372,4,204,'2024-07-03 06:14:58','2024-07-03 06:14:58'),(373,4,205,'2024-07-03 06:15:02','2024-07-03 06:15:02'),(374,4,206,'2024-07-03 06:15:12','2024-07-03 06:15:12'),(375,117,207,'2024-07-03 17:09:12','2024-07-03 17:09:12'),(376,4,208,'2024-07-03 17:58:33','2024-07-03 17:58:33'),(377,117,209,'2024-07-03 18:01:07','2024-07-03 18:01:07'),(378,4,210,'2024-07-04 00:26:29','2024-07-04 00:26:29'),(379,117,211,'2024-07-04 02:10:14','2024-07-04 02:10:14'),(380,117,212,'2024-07-04 02:10:44','2024-07-04 02:10:44'),(381,117,213,'2024-07-04 02:10:53','2024-07-04 02:10:53'),(382,4,214,'2024-07-04 02:16:18','2024-07-04 02:16:18'),(383,4,215,'2024-07-04 02:20:13','2024-07-04 02:20:13'),(384,4,216,'2024-07-04 02:24:01','2024-07-04 02:24:01'),(385,4,217,'2024-07-04 02:25:49','2024-07-04 02:25:49'),(386,4,218,'2024-07-04 02:26:46','2024-07-04 02:26:46'),(387,4,219,'2024-07-04 02:32:05','2024-07-04 02:32:05'),(388,4,220,'2024-07-04 02:35:15','2024-07-04 02:35:15'),(389,4,221,'2024-07-04 02:36:15','2024-07-04 02:36:15'),(390,4,222,'2024-07-04 02:36:22','2024-07-04 02:36:22'),(391,4,223,'2024-07-04 02:36:37','2024-07-04 02:36:37'),(392,4,224,'2024-07-04 02:39:24','2024-07-04 02:39:24'),(393,4,225,'2024-07-04 02:39:38','2024-07-04 02:39:38'),(394,4,226,'2024-07-04 02:39:47','2024-07-04 02:39:47'),(395,4,227,'2024-07-04 02:39:59','2024-07-04 02:39:59'),(396,4,228,'2024-07-04 02:42:17','2024-07-04 02:42:17'),(397,4,229,'2024-07-04 02:43:03','2024-07-04 02:43:03'),(398,4,230,'2024-07-04 03:03:25','2024-07-04 03:03:25'),(399,4,231,'2024-07-04 03:03:43','2024-07-04 03:03:43'),(400,4,232,'2024-07-04 03:03:57','2024-07-04 03:03:57'),(401,4,233,'2024-07-04 03:05:03','2024-07-04 03:05:03'),(402,4,234,'2024-07-04 03:06:07','2024-07-04 03:06:07'),(403,4,235,'2024-07-04 03:07:13','2024-07-04 03:07:13'),(404,4,236,'2024-07-04 03:07:32','2024-07-04 03:07:32'),(405,4,237,'2024-07-04 03:29:28','2024-07-04 03:29:28'),(406,4,238,'2024-07-04 03:31:49','2024-07-04 03:31:49'),(407,4,239,'2024-07-04 03:34:44','2024-07-04 03:34:44'),(408,4,240,'2024-07-04 03:56:38','2024-07-04 03:56:38'),(409,4,241,'2024-07-04 03:56:45','2024-07-04 03:56:45'),(410,4,242,'2024-07-04 03:57:44','2024-07-04 03:57:44'),(411,4,243,'2024-07-04 06:02:27','2024-07-04 06:02:27'),(412,4,244,'2024-07-04 06:02:40','2024-07-04 06:02:40'),(413,4,245,'2024-07-04 07:15:37','2024-07-04 07:15:37'),(414,117,246,'2024-07-04 16:39:42','2024-07-04 16:39:42'),(415,170,247,'2024-07-04 16:50:47','2024-07-04 16:50:47'),(416,170,248,'2024-07-04 16:51:24','2024-07-04 16:51:24'),(417,170,249,'2024-07-04 16:52:13','2024-07-04 16:52:13'),(418,11,250,'2024-07-04 18:40:17','2024-07-04 18:40:17'),(419,11,251,'2024-07-04 18:40:23','2024-07-04 18:40:23'),(420,11,252,'2024-07-04 18:40:28','2024-07-04 18:40:28'),(421,11,253,'2024-07-04 18:40:34','2024-07-04 18:40:34'),(422,11,254,'2024-07-04 18:40:39','2024-07-04 18:40:39'),(423,11,255,'2024-07-04 18:40:44','2024-07-04 18:40:44'),(424,11,256,'2024-07-04 18:40:50','2024-07-04 18:40:50'),(425,11,257,'2024-07-04 18:40:58','2024-07-04 18:40:58'),(426,11,258,'2024-07-04 18:41:09','2024-07-04 18:41:09'),(427,11,259,'2024-07-04 18:41:41','2024-07-04 18:41:41'),(428,11,260,'2024-07-04 18:41:47','2024-07-04 18:41:47'),(429,11,261,'2024-07-04 18:41:52','2024-07-04 18:41:52'),(430,11,262,'2024-07-04 18:45:55','2024-07-04 18:45:55'),(431,11,263,'2024-07-04 18:46:00','2024-07-04 18:46:00'),(432,11,264,'2024-07-04 18:46:05','2024-07-04 18:46:05'),(433,11,265,'2024-07-04 18:47:03','2024-07-04 18:47:03'),(434,11,266,'2024-07-04 18:47:09','2024-07-04 18:47:09'),(435,11,267,'2024-07-04 18:47:30','2024-07-04 18:47:30'),(436,11,268,'2024-07-04 18:48:55','2024-07-04 18:48:55'),(437,11,269,'2024-07-04 18:49:00','2024-07-04 18:49:00'),(438,11,270,'2024-07-04 18:49:07','2024-07-04 18:49:07'),(439,4,271,'2024-07-04 18:55:06','2024-07-04 18:55:06'),(440,4,272,'2024-07-04 18:55:11','2024-07-04 18:55:11'),(441,4,273,'2024-07-04 18:55:16','2024-07-04 18:55:16'),(442,4,274,'2024-07-04 18:55:20','2024-07-04 18:55:20'),(443,4,275,'2024-07-04 18:56:59','2024-07-04 18:56:59'),(444,4,276,'2024-07-04 18:57:03','2024-07-04 18:57:03'),(445,4,277,'2024-07-04 18:57:08','2024-07-04 18:57:08'),(446,4,278,'2024-07-04 18:58:44','2024-07-04 18:58:44'),(447,4,279,'2024-07-04 18:58:51','2024-07-04 18:58:51'),(448,4,280,'2024-07-04 18:58:59','2024-07-04 18:58:59'),(449,4,281,'2024-07-04 18:59:19','2024-07-04 18:59:19'),(450,4,282,'2024-07-04 19:00:30','2024-07-04 19:00:30'),(451,4,283,'2024-07-04 19:03:24','2024-07-04 19:03:24'),(452,4,284,'2024-07-04 19:08:56','2024-07-04 19:08:56'),(453,4,285,'2024-07-04 19:09:01','2024-07-04 19:09:01'),(454,4,286,'2024-07-04 19:09:10','2024-07-04 19:09:10'),(455,4,287,'2024-07-04 19:09:44','2024-07-04 19:09:44'),(456,4,292,'2024-07-04 19:14:01','2024-07-04 19:14:01'),(457,4,293,'2024-07-04 19:14:50','2024-07-04 19:14:50'),(458,4,294,'2024-07-04 19:15:30','2024-07-04 19:15:30'),(459,4,295,'2024-07-04 19:19:47','2024-07-04 19:19:47'),(460,4,296,'2024-07-04 19:22:40','2024-07-04 19:22:40'),(461,4,297,'2024-07-04 19:24:40','2024-07-04 19:24:40'),(462,4,298,'2024-07-04 19:25:04','2024-07-04 19:25:04'),(463,4,299,'2024-07-04 19:26:03','2024-07-04 19:26:03'),(464,4,300,'2024-07-04 19:26:40','2024-07-04 19:26:40'),(465,4,301,'2024-07-04 19:27:45','2024-07-04 19:27:45'),(466,4,302,'2024-07-04 19:29:24','2024-07-04 19:29:24'),(467,11,303,'2024-07-04 22:17:18','2024-07-04 22:17:18'),(468,207,311,'2024-07-05 01:02:43','2024-07-05 01:02:43'),(469,207,314,'2024-07-05 01:07:11','2024-07-05 01:07:11'),(470,207,315,'2024-07-05 01:07:23','2024-07-05 01:07:23'),(471,113,318,'2024-07-05 01:14:04','2024-07-05 01:14:04'),(472,207,319,'2024-07-05 02:23:19','2024-07-05 02:23:19');
/*!40000 ALTER TABLE `AlumnoSesionCita` ENABLE KEYS */;
UNLOCK TABLES;

--
-- Table structure for table `AsignacionTipoTutoria`
--

DROP TABLE IF EXISTS `AsignacionTipoTutoria`;
/*!40101 SET @saved_cs_client     = @@character_set_client */;
/*!50503 SET character_set_client = utf8mb4 */;
CREATE TABLE `AsignacionTipoTutoria` (
  `id_asignacionTipoTutoria` int NOT NULL AUTO_INCREMENT,
  `fid_usuario` int NOT NULL,
  `fid_tipoTutoria` int NOT NULL,
  `esActivo` tinyint(1) NOT NULL DEFAULT '1',
  `fechaCreacion` datetime NOT NULL DEFAULT CURRENT_TIMESTAMP,
  `fechaActualizacion` datetime NOT NULL DEFAULT CURRENT_TIMESTAMP ON UPDATE CURRENT_TIMESTAMP,
  `esTutor` tinyint(1) DEFAULT '0',
  PRIMARY KEY (`id_asignacionTipoTutoria`),
  KEY `fid_tutor` (`fid_usuario`),
  KEY `fid_tipoTutoria` (`fid_tipoTutoria`),
  CONSTRAINT `AsignacionTipoTutoria_ibfk_1` FOREIGN KEY (`fid_usuario`) REFERENCES `Usuario` (`id_usuario`),
  CONSTRAINT `AsignacionTipoTutoria_ibfk_2` FOREIGN KEY (`fid_tipoTutoria`) REFERENCES `TipoTutoria` (`id_tipoTutoria`)
) ENGINE=InnoDB AUTO_INCREMENT=157 DEFAULT CHARSET=utf8mb4 COLLATE=utf8mb4_0900_ai_ci;
/*!40101 SET character_set_client = @saved_cs_client */;

--
-- Dumping data for table `AsignacionTipoTutoria`
--

LOCK TABLES `AsignacionTipoTutoria` WRITE;
/*!40000 ALTER TABLE `AsignacionTipoTutoria` DISABLE KEYS */;
INSERT INTO `AsignacionTipoTutoria` VALUES (1,2,82,0,'2024-06-16 15:49:11','2024-06-27 00:40:47',1),(2,4,82,0,'2024-06-16 15:49:29','2024-07-04 03:17:24',0),(3,2,84,1,'2024-06-16 16:11:22','2024-06-30 23:14:57',1),(4,7,84,0,'2024-06-16 16:11:27','2024-06-17 06:31:13',1),(5,14,84,0,'2024-06-16 16:11:45','2024-06-17 06:31:13',0),(6,35,84,1,'2024-06-16 16:34:28','2024-07-04 23:19:31',0),(7,36,84,0,'2024-06-16 17:15:45','2024-06-17 06:31:13',0),(8,3,83,1,'2024-06-16 17:15:57','2024-06-16 17:15:57',1),(9,36,83,0,'2024-06-16 17:16:02','2024-06-24 06:46:18',0),(10,36,82,0,'2024-06-16 19:28:28','2024-06-24 06:46:18',0),(11,7,85,1,'2024-06-16 19:49:42','2024-06-16 19:49:42',1),(12,4,85,0,'2024-06-16 19:49:55','2024-07-04 03:17:25',0),(13,36,85,0,'2024-06-16 19:50:13','2024-06-24 06:46:19',0),(14,40,85,1,'2024-06-16 19:50:49','2024-06-16 19:50:49',1),(15,2,86,0,'2024-06-16 21:01:22','2024-06-22 07:58:16',1),(16,4,86,0,'2024-06-16 21:01:35','2024-06-30 06:09:55',0),(17,14,86,0,'2024-06-16 21:01:38','2024-06-22 07:58:17',1),(18,2,87,0,'2024-06-17 01:32:08','2024-06-27 00:40:49',1),(19,14,87,0,'2024-06-17 01:32:14','2024-06-28 04:55:13',0),(20,64,87,0,'2024-06-17 01:32:17','2024-06-22 06:06:16',0),(21,4,87,0,'2024-06-17 01:32:22','2024-06-24 06:25:27',0),(22,2,88,1,'2024-06-17 01:40:01','2024-06-27 04:43:47',1),(23,4,88,0,'2024-06-17 01:40:09','2024-07-04 03:17:26',0),(24,3,88,1,'2024-06-17 02:19:51','2024-06-17 02:19:51',1),(25,36,88,0,'2024-06-17 02:20:02','2024-06-24 06:46:20',0),(26,7,88,1,'2024-06-17 02:45:37','2024-06-17 02:45:37',1),(27,35,88,1,'2024-06-17 02:46:14','2024-06-17 02:46:14',0),(28,2,89,0,'2024-06-17 06:13:03','2024-06-27 00:40:50',1),(29,4,89,0,'2024-06-17 06:13:10','2024-07-04 03:17:26',1),(30,64,89,0,'2024-06-17 06:13:16','2024-06-17 06:31:13',0),(31,117,89,0,'2024-06-17 06:13:20','2024-06-17 06:31:13',0),(32,4,84,0,'2024-06-17 06:51:25','2024-07-04 23:28:35',0),(33,2,83,1,'2024-06-22 06:49:09','2024-07-03 05:31:37',1),(34,4,83,0,'2024-06-22 06:49:15','2024-07-04 03:17:27',0),(35,35,86,0,'2024-06-22 07:11:46','2024-06-22 07:58:17',0),(36,3,89,0,'2024-06-23 01:17:00','2024-06-30 05:02:03',1),(37,35,89,0,'2024-06-23 01:17:27','2024-06-30 05:02:03',0),(38,36,89,0,'2024-06-23 01:17:31','2024-06-24 06:46:21',0),(39,3,84,0,'2024-06-23 01:18:15','2024-06-30 05:02:03',1),(40,36,90,0,'2024-06-24 06:42:31','2024-06-24 06:46:21',0),(41,2,90,0,'2024-06-24 06:42:38','2024-06-24 06:42:40',1),(42,68,90,1,'2024-06-24 06:42:53','2024-06-24 06:42:53',1),(43,139,89,0,'2024-06-24 17:18:30','2024-06-30 05:02:03',1),(44,139,84,0,'2024-06-24 17:19:35','2024-06-30 05:02:03',1),(45,2,91,1,'2024-06-27 04:45:42','2024-06-27 04:45:42',1),(46,4,91,0,'2024-06-27 04:45:53','2024-07-04 03:17:28',0),(47,117,91,1,'2024-06-27 04:45:59','2024-06-27 04:45:59',0),(48,139,91,1,'2024-06-27 19:22:39','2024-06-27 19:22:39',1),(49,2,92,0,'2024-06-28 16:38:10','2024-06-28 17:24:50',1),(50,4,92,0,'2024-06-28 16:38:21','2024-06-28 17:24:51',0),(51,10,92,0,'2024-06-28 16:42:05','2024-06-28 16:43:46',1),(52,14,92,0,'2024-06-28 16:43:04','2024-06-28 16:45:18',1),(53,2,93,0,'2024-06-28 16:45:54','2024-06-28 17:17:41',1),(54,4,93,0,'2024-06-28 16:46:02','2024-06-28 17:17:42',0),(55,2,94,1,'2024-06-28 18:31:31','2024-06-28 18:31:31',1),(56,4,94,0,'2024-06-28 18:31:37','2024-07-04 03:17:29',0),(57,144,95,1,'2024-06-28 20:50:21','2024-06-28 20:50:21',1),(58,165,95,1,'2024-06-28 20:50:27','2024-06-28 20:50:27',1),(59,168,95,0,'2024-06-28 20:50:39','2024-06-30 03:45:32',0),(60,167,95,0,'2024-06-28 20:53:03','2024-06-28 20:53:06',0),(61,43,97,0,'2024-06-28 20:58:08','2024-06-28 20:59:30',1),(62,168,97,0,'2024-06-28 20:58:18','2024-06-28 20:59:31',0),(63,64,88,1,'2024-06-29 01:52:06','2024-06-29 01:52:06',0),(64,35,94,0,'2024-06-29 04:46:32','2024-06-29 04:46:41',0),(65,170,94,1,'2024-06-29 09:02:56','2024-06-29 09:02:56',0),(66,3,100,0,'2024-06-30 04:45:50','2024-06-30 05:02:03',1),(67,2,100,1,'2024-06-30 04:45:52','2024-07-04 03:11:47',1),(68,4,100,0,'2024-06-30 04:46:00','2024-07-04 21:52:53',1),(74,166,100,0,'2024-06-30 04:58:12','2024-06-30 05:02:03',1),(75,10,100,0,'2024-06-30 04:58:17','2024-06-30 05:02:03',1),(98,4,103,0,'2024-06-30 05:34:56','2024-07-04 03:15:11',0),(99,191,103,0,'2024-06-30 05:47:59','2024-07-04 03:15:12',0),(100,169,103,0,'2024-06-30 06:00:58','2024-06-30 07:03:12',0),(101,130,103,0,'2024-06-30 06:00:58','2024-07-04 03:15:12',0),(102,190,103,0,'2024-06-30 06:00:58','2024-07-04 03:15:13',0),(103,2,103,0,'2024-06-30 06:05:27','2024-06-30 06:09:55',1),(104,10,103,0,'2024-06-30 06:05:29','2024-06-30 06:05:57',1),(105,35,103,0,'2024-06-30 06:05:34','2024-06-30 06:09:55',0),(106,113,103,0,'2024-06-30 06:05:36','2024-06-30 06:09:55',0),(107,129,103,0,'2024-06-30 06:05:39','2024-06-30 06:09:55',0),(108,130,93,0,'2024-06-30 06:06:02','2024-06-30 06:09:55',1),(109,176,103,0,'2024-06-30 06:11:07','2024-07-04 03:15:14',0),(110,15,103,0,'2024-06-30 06:58:41','2024-06-30 06:59:33',1),(111,14,103,0,'2024-06-30 07:01:44','2024-06-30 07:03:50',1),(112,207,84,0,'2024-06-30 23:15:05','2024-07-04 03:15:04',0),(113,226,104,1,'2024-07-03 02:38:03','2024-07-03 02:38:03',1),(114,227,104,1,'2024-07-03 02:38:24','2024-07-03 02:38:24',0),(115,228,104,1,'2024-07-03 02:38:29','2024-07-03 02:38:29',0),(116,231,106,0,'2024-07-03 02:38:54','2024-07-03 02:40:21',1),(117,229,106,0,'2024-07-03 02:39:05','2024-07-03 03:01:41',0),(118,228,106,0,'2024-07-03 02:41:57','2024-07-03 03:01:41',0),(119,227,108,0,'2024-07-03 02:47:13','2024-07-03 03:01:41',0),(120,226,108,0,'2024-07-03 02:47:35','2024-07-03 03:01:41',1),(121,227,109,1,'2024-07-03 02:57:53','2024-07-03 02:57:53',0),(122,226,109,1,'2024-07-03 02:58:07','2024-07-03 02:58:07',1),(123,225,111,1,'2024-07-03 03:25:53','2024-07-03 03:25:53',1),(124,4,111,0,'2024-07-03 03:26:22','2024-07-04 03:17:30',0),(125,7,83,1,'2024-07-03 05:28:50','2024-07-03 05:28:50',1),(126,35,85,1,'2024-07-03 19:48:37','2024-07-03 19:48:37',0),(127,133,85,1,'2024-07-03 19:48:40','2024-07-03 19:48:40',0),(128,2,112,1,'2024-07-03 19:58:26','2024-07-03 19:58:26',1),(129,139,112,1,'2024-07-03 19:58:32','2024-07-03 19:58:32',1),(130,11,112,1,'2024-07-03 19:59:21','2024-07-03 19:59:21',0),(131,102,113,1,'2024-07-03 20:17:00','2024-07-03 20:29:36',0),(132,114,113,1,'2024-07-03 20:17:03','2024-07-03 20:29:38',0),(133,133,113,0,'2024-07-03 20:17:05','2024-07-03 20:26:13',0),(134,170,113,0,'2024-07-03 20:17:07','2024-07-03 20:17:54',0),(135,68,113,1,'2024-07-03 20:17:18','2024-07-03 20:17:18',1),(136,2,113,1,'2024-07-03 20:26:19','2024-07-03 20:26:19',1),(137,207,89,0,'2024-07-03 22:57:34','2024-07-04 03:15:05',0),(138,2,114,1,'2024-07-03 23:08:59','2024-07-03 23:08:59',1),(139,4,114,0,'2024-07-03 23:09:04','2024-07-04 21:52:54',0),(140,2,115,1,'2024-07-03 23:11:20','2024-07-03 23:11:20',1),(141,4,115,0,'2024-07-03 23:11:28','2024-07-04 21:52:54',0),(142,4,116,0,'2024-07-04 00:40:05','2024-07-04 21:52:55',0),(143,2,116,1,'2024-07-04 02:44:08','2024-07-04 02:44:08',1),(144,39,100,1,'2024-07-04 03:11:49','2024-07-04 03:11:49',1),(145,69,100,1,'2024-07-04 03:11:53','2024-07-04 03:11:53',1),(146,35,100,0,'2024-07-04 03:11:59','2024-07-04 03:15:06',0),(147,256,100,0,'2024-07-04 03:14:19','2024-07-04 03:15:07',0),(148,240,100,0,'2024-07-04 03:14:20','2024-07-04 03:15:08',0),(149,236,100,0,'2024-07-04 03:14:20','2024-07-04 03:15:08',0),(150,207,100,0,'2024-07-04 03:14:20','2024-07-04 03:15:09',0),(151,237,100,0,'2024-07-04 03:14:21','2024-07-04 03:15:10',0),(152,279,100,0,'2024-07-04 03:14:21','2024-07-04 03:15:10',0),(153,287,117,1,'2024-07-04 05:55:42','2024-07-04 05:55:42',1),(154,117,117,0,'2024-07-04 05:56:12','2024-07-04 21:52:12',0),(155,207,90,1,'2024-07-05 00:40:27','2024-07-05 00:40:27',0),(156,113,90,1,'2024-07-05 01:13:17','2024-07-05 01:13:17',0);
/*!40000 ALTER TABLE `AsignacionTipoTutoria` ENABLE KEYS */;
UNLOCK TABLES;

--
-- Table structure for table `AsignacionTutorAlumno`
--

DROP TABLE IF EXISTS `AsignacionTutorAlumno`;
/*!40101 SET @saved_cs_client     = @@character_set_client */;
/*!50503 SET character_set_client = utf8mb4 */;
CREATE TABLE `AsignacionTutorAlumno` (
  `id_asignacionTutorAlumno` int NOT NULL AUTO_INCREMENT,
  `fid_alumno` int NOT NULL,
  `fid_tutor` int NOT NULL,
  `fid_tipoTutoria` int NOT NULL,
  `fid_solicitud` int DEFAULT NULL,
  `esActivo` tinyint(1) NOT NULL DEFAULT '1',
  `fechaCreacion` datetime NOT NULL DEFAULT CURRENT_TIMESTAMP,
  `fechaActualizacion` datetime NOT NULL DEFAULT CURRENT_TIMESTAMP ON UPDATE CURRENT_TIMESTAMP,
  PRIMARY KEY (`id_asignacionTutorAlumno`),
  KEY `fid_alumno` (`fid_alumno`),
  KEY `fid_tutor` (`fid_tutor`),
  KEY `fid_tipoTutoria` (`fid_tipoTutoria`),
  KEY `fk_asignacionTutorAlumno_solicitud` (`fid_solicitud`),
  CONSTRAINT `AsignacionTutorAlumno_ibfk_1` FOREIGN KEY (`fid_alumno`) REFERENCES `Usuario` (`id_usuario`),
  CONSTRAINT `AsignacionTutorAlumno_ibfk_2` FOREIGN KEY (`fid_tutor`) REFERENCES `Usuario` (`id_usuario`),
  CONSTRAINT `AsignacionTutorAlumno_ibfk_3` FOREIGN KEY (`fid_tipoTutoria`) REFERENCES `TipoTutoria` (`id_tipoTutoria`),
  CONSTRAINT `AsignacionTutorAlumno_ibfk_4` FOREIGN KEY (`fid_solicitud`) REFERENCES `SolicitudTutorFijo` (`id_solicitud`),
  CONSTRAINT `fk_asignacionTutorAlumno_solicitud` FOREIGN KEY (`fid_solicitud`) REFERENCES `SolicitudTutorFijo` (`id_solicitud`)
) ENGINE=InnoDB AUTO_INCREMENT=63 DEFAULT CHARSET=utf8mb4 COLLATE=utf8mb4_0900_ai_ci;
/*!40101 SET character_set_client = @saved_cs_client */;

--
-- Dumping data for table `AsignacionTutorAlumno`
--

LOCK TABLES `AsignacionTutorAlumno` WRITE;
/*!40000 ALTER TABLE `AsignacionTutorAlumno` DISABLE KEYS */;
INSERT INTO `AsignacionTutorAlumno` VALUES (1,4,2,82,NULL,0,'2024-06-16 15:49:56','2024-06-27 00:40:48'),(2,36,2,82,NULL,0,'2024-06-16 19:28:36','2024-06-24 06:46:19'),(3,36,40,85,1,0,'2024-06-16 19:54:19','2024-06-16 19:57:59'),(4,4,2,87,NULL,0,'2024-06-17 01:32:53','2024-06-24 06:25:28'),(5,64,2,87,NULL,0,'2024-06-17 01:32:57','2024-06-27 00:40:49'),(6,14,2,87,NULL,0,'2024-06-17 01:33:00','2024-06-27 00:40:49'),(7,36,3,88,NULL,0,'2024-06-17 02:20:28','2024-06-24 06:46:20'),(8,117,2,89,NULL,0,'2024-06-17 06:14:24','2024-06-27 00:40:51'),(9,64,2,89,NULL,0,'2024-06-17 06:14:27','2024-06-27 00:40:51'),(10,4,2,89,NULL,0,'2024-06-17 06:14:29','2024-06-27 00:40:51'),(11,4,40,85,4,0,'2024-06-17 06:52:30','2024-06-24 06:25:27'),(12,4,2,88,3,0,'2024-06-17 06:55:15','2024-06-30 05:32:59'),(13,4,2,86,NULL,0,'2024-06-22 07:13:24','2024-06-22 07:25:07'),(14,35,2,86,NULL,0,'2024-06-22 07:13:30','2024-06-22 07:26:34'),(15,4,2,84,NULL,0,'2024-06-22 07:54:46','2024-06-22 07:58:15'),(16,36,68,90,NULL,0,'2024-06-24 06:45:19','2024-06-24 06:46:22'),(17,35,2,88,NULL,0,'2024-06-27 04:49:52','2024-06-30 05:33:00'),(18,4,139,91,NULL,0,'2024-06-27 19:25:12','2024-06-30 06:15:19'),(19,4,2,93,NULL,0,'2024-06-28 16:46:19','2024-06-28 17:17:42'),(20,4,139,89,NULL,0,'2024-06-28 17:05:13','2024-06-28 17:06:23'),(21,4,2,92,13,0,'2024-06-28 17:22:22','2024-06-28 17:24:51'),(22,4,2,94,NULL,0,'2024-06-28 18:31:48','2024-07-04 03:17:30'),(23,64,2,88,NULL,0,'2024-06-29 01:52:47','2024-06-30 05:33:00'),(26,191,190,103,NULL,0,'2024-06-30 06:03:55','2024-06-30 06:04:59'),(27,169,190,103,NULL,0,'2024-06-30 06:03:58','2024-06-30 06:04:59'),(28,4,190,103,NULL,0,'2024-06-30 06:04:19','2024-06-30 06:04:59'),(29,129,2,103,NULL,0,'2024-06-30 06:08:24','2024-06-30 06:09:55'),(30,35,2,103,NULL,0,'2024-06-30 06:08:26','2024-06-30 06:09:55'),(31,113,2,103,NULL,0,'2024-06-30 06:08:28','2024-06-30 06:09:55'),(32,117,2,91,NULL,1,'2024-06-30 06:15:01','2024-06-30 06:15:01'),(33,4,2,91,NULL,0,'2024-06-30 06:15:30','2024-07-04 03:17:28'),(34,191,15,103,NULL,0,'2024-06-30 06:58:58','2024-06-30 06:59:33'),(35,130,15,103,NULL,0,'2024-06-30 06:59:00','2024-06-30 06:59:33'),(36,169,15,103,NULL,0,'2024-06-30 06:59:03','2024-06-30 06:59:33'),(37,4,15,103,NULL,0,'2024-06-30 06:59:07','2024-06-30 06:59:33'),(38,4,14,103,NULL,0,'2024-06-30 07:01:58','2024-06-30 07:03:50'),(39,176,14,103,NULL,0,'2024-06-30 07:02:00','2024-06-30 07:03:50'),(40,191,14,103,NULL,0,'2024-06-30 07:02:02','2024-06-30 07:03:50'),(41,169,14,103,NULL,0,'2024-06-30 07:02:13','2024-06-30 07:03:12'),(42,4,2,94,16,0,'2024-06-30 08:08:14','2024-06-30 08:12:22'),(43,228,226,104,NULL,1,'2024-07-03 02:42:54','2024-07-03 02:42:54'),(44,227,226,104,NULL,1,'2024-07-03 02:43:02','2024-07-03 02:43:02'),(45,227,226,108,18,0,'2024-07-03 02:49:40','2024-07-03 03:01:41'),(46,4,225,111,NULL,0,'2024-07-03 03:26:34','2024-07-04 03:17:31'),(47,133,7,85,NULL,1,'2024-07-03 19:48:48','2024-07-03 19:48:48'),(48,35,7,85,NULL,1,'2024-07-03 19:48:57','2024-07-04 21:51:49'),(49,4,7,85,NULL,0,'2024-07-03 19:49:17','2024-07-04 03:17:25'),(50,11,139,112,NULL,1,'2024-07-03 19:59:31','2024-07-03 20:15:17'),(51,170,68,113,NULL,0,'2024-07-03 20:17:32','2024-07-03 20:17:55'),(52,133,68,113,NULL,0,'2024-07-03 20:17:38','2024-07-03 20:26:13'),(53,114,68,113,NULL,0,'2024-07-03 20:29:49','2024-07-03 20:30:05'),(54,102,68,113,NULL,0,'2024-07-03 20:29:54','2024-07-03 20:30:08'),(55,207,4,89,NULL,0,'2024-07-03 22:57:57','2024-07-04 03:15:06'),(56,4,2,114,NULL,0,'2024-07-03 23:09:57','2024-07-04 03:17:32'),(57,4,2,115,NULL,0,'2024-07-03 23:11:42','2024-07-04 03:17:33'),(58,4,2,116,NULL,0,'2024-07-04 02:45:15','2024-07-04 21:52:56'),(59,117,287,117,NULL,0,'2024-07-04 06:02:36','2024-07-04 21:52:12'),(60,170,2,94,NULL,1,'2024-07-04 16:50:15','2024-07-04 16:50:15'),(61,207,68,90,NULL,1,'2024-07-05 00:48:43','2024-07-05 00:48:43'),(62,113,68,90,NULL,1,'2024-07-05 01:13:35','2024-07-05 01:13:35');
/*!40000 ALTER TABLE `AsignacionTutorAlumno` ENABLE KEYS */;
UNLOCK TABLES;

--
-- Table structure for table `AsistenciaCita`
--

DROP TABLE IF EXISTS `AsistenciaCita`;
/*!40101 SET @saved_cs_client     = @@character_set_client */;
/*!50503 SET character_set_client = utf8mb4 */;
CREATE TABLE `AsistenciaCita` (
  `id_asistencia` int NOT NULL AUTO_INCREMENT,
  `fid_sesionCita` int NOT NULL,
  `fid_alumno` int DEFAULT NULL,
  `asistio` tinyint(1) NOT NULL,
  `fechaCreacion` datetime NOT NULL DEFAULT CURRENT_TIMESTAMP,
  `fechaActualizacion` datetime NOT NULL DEFAULT CURRENT_TIMESTAMP ON UPDATE CURRENT_TIMESTAMP,
  PRIMARY KEY (`id_asistencia`),
  KEY `AsistenciaCita_ibfk_1` (`fid_sesionCita`),
  KEY `AsistenciaCita_ibfk_2` (`fid_alumno`),
  CONSTRAINT `AsistenciaCita_ibfk_1` FOREIGN KEY (`fid_sesionCita`) REFERENCES `SesionCita` (`id_cita`),
  CONSTRAINT `AsistenciaCita_ibfk_2` FOREIGN KEY (`fid_alumno`) REFERENCES `Usuario` (`id_usuario`)
) ENGINE=InnoDB AUTO_INCREMENT=87 DEFAULT CHARSET=utf8mb4 COLLATE=utf8mb4_0900_ai_ci;
/*!40101 SET character_set_client = @saved_cs_client */;

--
-- Dumping data for table `AsistenciaCita`
--

LOCK TABLES `AsistenciaCita` WRITE;
/*!40000 ALTER TABLE `AsistenciaCita` DISABLE KEYS */;
INSERT INTO `AsistenciaCita` VALUES (1,10,4,1,'2024-06-19 06:17:52','2024-06-19 06:17:52'),(2,10,14,0,'2024-06-19 06:17:52','2024-06-19 06:17:52'),(7,6,4,1,'2024-06-19 06:43:15','2024-06-19 06:43:15'),(12,6,4,1,'2024-06-19 19:48:43','2024-06-19 19:48:43'),(13,25,4,1,'2024-06-19 22:17:29','2024-06-19 22:17:29'),(14,25,4,1,'2024-06-19 22:18:09','2024-06-19 22:18:09'),(15,62,4,1,'2024-06-19 22:42:36','2024-06-19 22:42:36'),(17,63,14,0,'2024-06-19 23:25:50','2024-06-19 23:25:50'),(18,63,4,1,'2024-06-19 23:25:50','2024-06-19 23:25:50'),(19,63,14,0,'2024-06-20 20:18:14','2024-06-20 20:18:14'),(20,63,4,1,'2024-06-20 20:18:14','2024-06-20 20:18:14'),(21,63,14,1,'2024-06-20 20:37:56','2024-06-20 20:37:56'),(22,63,4,0,'2024-06-20 20:37:56','2024-06-20 20:37:56'),(23,63,14,1,'2024-06-20 20:38:09','2024-06-20 20:38:09'),(24,63,4,1,'2024-06-20 20:38:09','2024-06-20 20:38:09'),(25,68,2,1,'2024-06-21 20:04:06','2024-06-21 20:04:06'),(26,68,4,1,'2024-06-21 20:04:06','2024-06-21 20:04:06'),(27,126,4,1,'2024-06-28 01:43:27','2024-06-28 01:43:27'),(28,114,4,1,'2024-06-28 02:59:14','2024-06-28 02:59:14'),(29,128,4,1,'2024-06-28 17:08:49','2024-06-28 17:08:49'),(30,137,4,1,'2024-06-28 19:40:10','2024-06-28 19:40:10'),(31,138,35,1,'2024-06-28 19:48:06','2024-06-28 19:48:06'),(32,140,4,1,'2024-06-28 21:15:49','2024-06-28 21:15:49'),(33,141,4,1,'2024-06-28 21:16:26','2024-06-28 21:16:26'),(34,142,4,1,'2024-06-28 22:22:29','2024-06-28 22:22:29'),(35,144,4,1,'2024-06-28 23:29:01','2024-06-28 23:29:01'),(36,145,4,1,'2024-06-28 23:35:52','2024-06-28 23:35:52'),(37,146,4,1,'2024-06-29 00:06:25','2024-06-29 00:06:25'),(38,147,4,1,'2024-06-29 00:28:23','2024-06-29 00:28:23'),(39,148,4,1,'2024-06-29 00:29:15','2024-06-29 00:29:15'),(40,150,4,1,'2024-06-29 00:31:37','2024-06-29 00:31:37'),(41,151,4,1,'2024-06-29 00:46:31','2024-06-29 00:46:31'),(42,152,4,1,'2024-06-29 00:47:59','2024-06-29 00:47:59'),(43,160,4,1,'2024-06-29 01:57:33','2024-06-29 01:57:33'),(44,167,4,1,'2024-06-29 03:34:35','2024-06-29 03:34:35'),(45,121,4,1,'2024-06-29 09:05:09','2024-06-29 09:05:09'),(46,170,4,1,'2024-06-29 16:57:48','2024-06-29 16:57:48'),(47,171,4,1,'2024-06-29 17:06:01','2024-06-29 17:06:01'),(48,172,4,1,'2024-06-29 17:19:05','2024-06-29 17:19:05'),(49,174,4,1,'2024-06-29 18:03:51','2024-06-29 18:03:51'),(50,175,4,1,'2024-06-29 19:39:22','2024-06-29 19:39:22'),(51,168,4,1,'2024-06-29 21:30:21','2024-06-29 21:30:21'),(52,176,4,1,'2024-06-29 21:30:51','2024-06-29 21:30:51'),(53,184,4,1,'2024-06-29 21:56:15','2024-06-29 21:56:15'),(54,185,4,1,'2024-06-29 21:58:30','2024-06-29 21:58:30'),(55,186,4,1,'2024-06-29 22:24:23','2024-06-29 22:24:23'),(56,187,4,1,'2024-06-29 22:52:10','2024-06-29 22:52:10'),(57,188,4,1,'2024-06-29 23:02:43','2024-06-29 23:02:43'),(58,189,4,1,'2024-06-30 03:16:23','2024-06-30 03:16:23'),(59,191,4,1,'2024-06-30 07:15:35','2024-06-30 07:15:35'),(60,192,4,1,'2024-06-30 07:17:52','2024-06-30 07:17:52'),(61,190,4,1,'2024-06-30 07:37:09','2024-06-30 07:37:09'),(62,190,4,1,'2024-06-30 07:38:41','2024-06-30 07:38:41'),(63,125,4,1,'2024-06-30 08:35:37','2024-06-30 08:35:37'),(64,193,4,1,'2024-06-30 08:36:16','2024-06-30 08:36:16'),(65,194,207,1,'2024-06-30 23:18:42','2024-06-30 23:18:42'),(66,194,4,1,'2024-06-30 23:18:42','2024-06-30 23:18:42'),(67,195,4,1,'2024-06-30 23:46:17','2024-06-30 23:46:17'),(68,195,207,1,'2024-06-30 23:46:17','2024-06-30 23:46:17'),(69,196,4,1,'2024-06-30 23:48:58','2024-06-30 23:48:58'),(70,196,207,1,'2024-06-30 23:48:58','2024-06-30 23:48:58'),(71,123,4,1,'2024-07-03 18:17:12','2024-07-03 18:17:12'),(72,120,64,1,'2024-07-03 18:17:23','2024-07-03 18:17:23'),(73,210,4,1,'2024-07-04 00:26:46','2024-07-04 00:26:46'),(74,215,4,1,'2024-07-04 02:20:26','2024-07-04 02:20:26'),(75,238,4,1,'2024-07-04 03:32:15','2024-07-04 03:32:15'),(76,246,117,1,'2024-07-04 16:46:02','2024-07-04 16:46:02'),(77,276,4,1,'2024-07-04 18:57:19','2024-07-04 18:57:19'),(78,275,4,1,'2024-07-04 18:57:35','2024-07-04 18:57:35'),(79,277,4,1,'2024-07-04 18:57:43','2024-07-04 18:57:43'),(80,294,4,1,'2024-07-04 19:15:47','2024-07-04 19:15:47'),(81,295,4,1,'2024-07-04 19:20:02','2024-07-04 19:20:02'),(82,296,4,1,'2024-07-04 19:22:51','2024-07-04 19:22:51'),(83,300,4,1,'2024-07-04 19:26:49','2024-07-04 19:26:49'),(84,257,11,0,'2024-07-04 22:18:35','2024-07-04 22:18:35'),(85,314,207,1,'2024-07-05 01:17:08','2024-07-05 01:17:08'),(86,319,207,1,'2024-07-05 02:23:39','2024-07-05 02:23:39');
/*!40000 ALTER TABLE `AsistenciaCita` ENABLE KEYS */;
UNLOCK TABLES;

--
-- Table structure for table `Audit`
--

DROP TABLE IF EXISTS `Audit`;
/*!40101 SET @saved_cs_client     = @@character_set_client */;
/*!50503 SET character_set_client = utf8mb4 */;
CREATE TABLE `Audit` (
  `id` int NOT NULL AUTO_INCREMENT,
  `tableName` varchar(255) NOT NULL,
  `action` varchar(255) NOT NULL,
  `oldValues` json DEFAULT NULL,
  `newValues` json DEFAULT NULL,
  `performedBy` int DEFAULT NULL,
  `timestamp` datetime NOT NULL,
  PRIMARY KEY (`id`)
) ENGINE=InnoDB AUTO_INCREMENT=60 DEFAULT CHARSET=utf8mb4 COLLATE=utf8mb4_0900_ai_ci;
/*!40101 SET character_set_client = @saved_cs_client */;

--
-- Dumping data for table `Audit`
--

LOCK TABLES `Audit` WRITE;
/*!40000 ALTER TABLE `Audit` DISABLE KEYS */;
INSERT INTO `Audit` VALUES (13,'Facultad','INSERT',NULL,'{\"nombre\": \"BB\", \"esActivo\": true, \"id_facultad\": 37, \"fechaCreacion\": \"2024-07-01T22:36:07.966Z\", \"fechaActualizacion\": \"2024-07-01T22:36:07.966Z\"}',1,'2024-07-01 22:36:08'),(14,'Facultad','INSERT',NULL,'{\"nombre\": \"BB\", \"esActivo\": true, \"id_facultad\": 38, \"fechaCreacion\": \"2024-07-01T22:37:05.473Z\", \"fechaActualizacion\": \"2024-07-01T22:37:05.473Z\"}',1,'2024-07-01 22:37:05'),(15,'Facultad','UPDATE','{\"nombre\": \"BB\", \"esActivo\": true, \"id_facultad\": 38, \"fechaCreacion\": \"2024-07-01T22:37:05.473Z\", \"fechaActualizacion\": \"2024-07-01T22:37:05.473Z\"}','{\"nombre\": \"BB\", \"esActivo\": true, \"fid_usuario\": 210, \"id_facultad\": 38, \"fechaCreacion\": \"2024-07-01T22:37:05.473Z\", \"fechaActualizacion\": \"2024-07-01T22:37:05.978Z\"}',1,'2024-07-01 22:37:05'),(16,'Facultad','INSERT',NULL,'{\"nombre\": \"Manufactura\", \"esActivo\": true, \"id_facultad\": 39, \"fechaCreacion\": \"2024-07-02T01:49:33.043Z\", \"fechaActualizacion\": \"2024-07-02T01:49:33.043Z\"}',1,'2024-07-02 01:49:33'),(17,'Roles_Usuario','INSERT',NULL,'{\"id_rol\": 1, \"es_activo\": true, \"id_usuario\": 73, \"fechaCreacion\": \"2024-07-02T01:49:33.073Z\", \"id_roles_usuario\": 298, \"fechaActualizacion\": \"2024-07-02T01:49:33.073Z\"}',1,'2024-07-02 01:49:33'),(18,'Usuario','UPDATE','{\"Roles\": [{\"id_rol\": 3, \"nombre\": \"Tutor\", \"es_activo\": 1, \"Roles_Usuario\": {\"id_rol\": 3, \"es_activo\": true, \"id_usuario\": 73, \"fechaCreacion\": \"2024-06-17T05:07:57.000Z\", \"id_roles_usuario\": 88, \"fechaActualizacion\": \"2024-06-17T05:07:57.000Z\"}, \"fechaCreacion\": \"2024-05-01T19:37:14.000Z\", \"fechaActualizacion\": \"2024-05-01T19:37:14.000Z\"}], \"email\": \"alejandro.gonzalez@ejemplo.com\", \"codigo\": \"35792468\", \"imagen\": \"https://ui-avatars.com/api/?name=A&color=fff&background=039523&size=100\", \"nombres\": \"Alejandro\", \"Facultad\": null, \"esActivo\": 1, \"id_usuario\": 73, \"contrasenha\": \"$2a$10$hdMy2ANAZ9x2MC.lyOkeYOh2SvNPuT.7x203QbkM8NMBdId/fSq1O\", \"fid_facultad\": null, \"fid_programa\": null, \"fechaCreacion\": \"2024-06-17T05:07:54.000Z\", \"primerApellido\": \"Gonzalez\", \"segundoApellido\": \"Fernandez\", \"fechaActualizacion\": \"2024-06-17T05:07:54.000Z\"}','{\"Roles\": [{\"id_rol\": 3, \"nombre\": \"Tutor\", \"es_activo\": 1, \"Roles_Usuario\": {\"id_rol\": 3, \"es_activo\": true, \"id_usuario\": 73, \"fechaCreacion\": \"2024-06-17T05:07:57.000Z\", \"id_roles_usuario\": 88, \"fechaActualizacion\": \"2024-06-17T05:07:57.000Z\"}, \"fechaCreacion\": \"2024-05-01T19:37:14.000Z\", \"fechaActualizacion\": \"2024-05-01T19:37:14.000Z\"}], \"email\": \"alejandro.gonzalez@ejemplo.com\", \"codigo\": \"35792468\", \"imagen\": \"https://ui-avatars.com/api/?name=A&color=fff&background=039523&size=100\", \"nombres\": \"Alejandro\", \"Facultad\": null, \"esActivo\": 1, \"id_usuario\": 73, \"contrasenha\": \"$2a$10$hdMy2ANAZ9x2MC.lyOkeYOh2SvNPuT.7x203QbkM8NMBdId/fSq1O\", \"fid_facultad\": 39, \"fid_programa\": null, \"fechaCreacion\": \"2024-06-17T05:07:54.000Z\", \"primerApellido\": \"Gonzalez\", \"segundoApellido\": \"Fernandez\", \"fechaActualizacion\": \"2024-07-02T01:49:33.081Z\"}',1,'2024-07-02 01:49:33'),(19,'Facultad','UPDATE','{\"nombre\": \"Manufactura\", \"esActivo\": true, \"id_facultad\": 39, \"fechaCreacion\": \"2024-07-02T01:49:33.043Z\", \"fechaActualizacion\": \"2024-07-02T01:49:33.043Z\"}','{\"nombre\": \"Manufactura\", \"esActivo\": true, \"fid_usuario\": 73, \"id_facultad\": 39, \"fechaCreacion\": \"2024-07-02T01:49:33.043Z\", \"fechaActualizacion\": \"2024-07-02T01:49:33.100Z\"}',1,'2024-07-02 01:49:33'),(20,'Usuario','INSERT',NULL,'{\"email\": \"bernardo.caba@gmail.com\", \"codigo\": \"20142014\", \"imagen\": \"https://ui-avatars.com/api/?name=B&color=fff&background=8F864F&size=100\", \"nombres\": \"Bernardo\", \"esActivo\": true, \"id_usuario\": 296, \"contrasenha\": \"$2a$10$Go86jZxwUg6hACNMFVTzm.MtbnmYFP6GIZ47ufvdQblMW.dkFsZFi\", \"fid_facultad\": 1, \"fid_programa\": 17, \"fechaCreacion\": \"2024-07-04T22:19:14.805Z\", \"primerApellido\": \"Caballero\", \"segundoApellido\": \"\", \"fechaActualizacion\": \"2024-07-04T22:19:14.805Z\"}',NULL,'2024-07-04 22:19:15'),(21,'Roles_Usuario','INSERT',NULL,'{\"id_rol\": 4, \"es_activo\": true, \"id_usuario\": 296, \"fechaCreacion\": \"2024-07-04T22:19:17.542Z\", \"id_roles_usuario\": 429, \"fechaActualizacion\": \"2024-07-04T22:19:17.542Z\"}',2,'2024-07-04 22:19:17'),(22,'Facultad','INSERT',NULL,'{\"nombre\": \"Administracion II\", \"esActivo\": true, \"id_facultad\": 55, \"fechaCreacion\": \"2024-07-04T22:29:08.025Z\", \"fechaActualizacion\": \"2024-07-04T22:29:08.025Z\"}',1,'2024-07-04 22:29:08'),(23,'Usuario','INSERT',NULL,'{\"email\": \"marlendex@dominio.com\", \"codigo\": \"0x874842\", \"imagen\": \"https://ui-avatars.com/api/?name=M&color=fff&background=AD8047&size=100\", \"nombres\": \"Mario\", \"esActivo\": true, \"id_usuario\": 297, \"contrasenha\": \"$2a$10$.qEgM9XBQwDUHtenQJPDm.0i5ea/qQnGSxkBS0TZ3nsqJUr5t1Z/W\", \"fid_facultad\": 55, \"fechaCreacion\": \"2024-07-04T22:29:08.638Z\", \"primerApellido\": \"Melendez\", \"segundoApellido\": \"\", \"fechaActualizacion\": \"2024-07-04T22:29:08.638Z\"}',1,'2024-07-04 22:29:08'),(24,'Roles_Usuario','INSERT',NULL,'{\"id_rol\": 1, \"es_activo\": true, \"id_usuario\": 297, \"fechaCreacion\": \"2024-07-04T22:29:11.798Z\", \"id_roles_usuario\": 430, \"fechaActualizacion\": \"2024-07-04T22:29:11.798Z\"}',NULL,'2024-07-04 22:29:12'),(25,'Roles_Usuario','INSERT',NULL,'{\"id_rol\": 3, \"es_activo\": true, \"id_usuario\": 297, \"fechaCreacion\": \"2024-07-04T22:29:12.223Z\", \"id_roles_usuario\": 431, \"fechaActualizacion\": \"2024-07-04T22:29:12.223Z\"}',NULL,'2024-07-04 22:29:12'),(26,'Facultad','UPDATE','{\"nombre\": \"Administracion II\", \"esActivo\": true, \"id_facultad\": 55, \"fechaCreacion\": \"2024-07-04T22:29:08.025Z\", \"fechaActualizacion\": \"2024-07-04T22:29:08.025Z\"}','{\"nombre\": \"Administracion II\", \"esActivo\": true, \"fid_usuario\": 297, \"id_facultad\": 55, \"fechaCreacion\": \"2024-07-04T22:29:08.025Z\", \"fechaActualizacion\": \"2024-07-04T22:29:12.434Z\"}',NULL,'2024-07-04 22:29:12'),(27,'Usuario','INSERT',NULL,'{\"email\": \"hum.cla@gmail.com\", \"codigo\": \"20142222\", \"imagen\": \"https://ui-avatars.com/api/?name=H&color=fff&background=0E1F02&size=100\", \"nombres\": \"Humbert\", \"esActivo\": true, \"id_usuario\": 298, \"contrasenha\": \"$2a$10$BHwkuD7dhJwRps7nXBfhNOuwCa//O3.CpkdV7AUUURhbWtoLLAU5e\", \"fid_facultad\": 1, \"fid_programa\": 3, \"fechaCreacion\": \"2024-07-04T22:30:24.207Z\", \"primerApellido\": \"Clarin\", \"segundoApellido\": \"\", \"fechaActualizacion\": \"2024-07-04T22:30:24.207Z\"}',NULL,'2024-07-04 22:30:24'),(28,'Roles_Usuario','INSERT',NULL,'{\"id_rol\": 4, \"es_activo\": true, \"id_usuario\": 298, \"fechaCreacion\": \"2024-07-04T22:30:27.471Z\", \"id_roles_usuario\": 432, \"fechaActualizacion\": \"2024-07-04T22:30:27.471Z\"}',2,'2024-07-04 22:30:27'),(29,'Usuario','INSERT',NULL,'{\"email\": \"hern.la@gmail.com\", \"codigo\": \"21410214\", \"imagen\": \"https://ui-avatars.com/api/?name=H&color=fff&background=5B1DFD&size=100\", \"nombres\": \"Hernando\", \"esActivo\": true, \"id_usuario\": 299, \"contrasenha\": \"$2a$10$i9xTEJ0xMXmbidZuiMUyiuQKdpp.Hhwi9izGBpdbA1sLclITBXria\", \"fid_facultad\": 1, \"fid_programa\": 33, \"fechaCreacion\": \"2024-07-04T22:37:14.458Z\", \"primerApellido\": \"Laurence\", \"segundoApellido\": \"\", \"fechaActualizacion\": \"2024-07-04T22:37:14.458Z\"}',2,'2024-07-04 22:37:14'),(30,'Roles_Usuario','INSERT',NULL,'{\"id_rol\": 4, \"es_activo\": true, \"id_usuario\": 299, \"fechaCreacion\": \"2024-07-04T22:37:17.364Z\", \"id_roles_usuario\": 433, \"fechaActualizacion\": \"2024-07-04T22:37:17.364Z\"}',2,'2024-07-04 22:37:17'),(31,'Usuario','INSERT',NULL,'{\"email\": \"jo.perez@gmail.com\", \"codigo\": \"20012121\", \"imagen\": \"https://ui-avatars.com/api/?name=J&color=fff&background=880E2F&size=100\", \"nombres\": \"Johan\", \"esActivo\": true, \"id_usuario\": 300, \"contrasenha\": \"$2a$10$RnMpN62WOQmlXmsvV8FSROUIck9vGJvyoVuaq0CF6EZjvbdVf3CFe\", \"fid_facultad\": 1, \"fid_programa\": 50, \"fechaCreacion\": \"2024-07-04T23:13:23.043Z\", \"primerApellido\": \"Perez\", \"segundoApellido\": \"\", \"fechaActualizacion\": \"2024-07-04T23:13:23.043Z\"}',2,'2024-07-04 23:13:23'),(32,'Roles_Usuario','INSERT',NULL,'{\"id_rol\": 4, \"es_activo\": true, \"id_usuario\": 300, \"fechaCreacion\": \"2024-07-04T23:13:26.515Z\", \"id_roles_usuario\": 434, \"fechaActualizacion\": \"2024-07-04T23:13:26.515Z\"}',2,'2024-07-04 23:13:26'),(33,'Roles_Usuario','UPDATE','{\"id_rol\": 4, \"es_activo\": true, \"id_usuario\": 129, \"fechaCreacion\": \"2024-06-17T06:01:39.000Z\", \"id_roles_usuario\": 134, \"fechaActualizacion\": \"2024-07-05T00:04:20.000Z\"}','{\"id_rol\": 4, \"es_activo\": false, \"id_usuario\": 129, \"fechaCreacion\": \"2024-06-17T06:01:39.000Z\", \"id_roles_usuario\": 134, \"fechaActualizacion\": \"2024-07-05T00:06:16.675Z\"}',2,'2024-07-05 00:06:16'),(34,'Roles_Usuario','UPDATE','{\"id_rol\": 4, \"es_activo\": true, \"id_usuario\": 296, \"fechaCreacion\": \"2024-07-04T22:19:17.000Z\", \"id_roles_usuario\": 429, \"fechaActualizacion\": \"2024-07-04T23:48:22.000Z\"}','{\"id_rol\": 4, \"es_activo\": false, \"id_usuario\": 296, \"fechaCreacion\": \"2024-07-04T22:19:17.000Z\", \"id_roles_usuario\": 429, \"fechaActualizacion\": \"2024-07-05T00:09:36.583Z\"}',2,'2024-07-05 00:09:36'),(35,'Roles_Usuario','UPDATE','{\"id_rol\": 4, \"es_activo\": true, \"id_usuario\": 129, \"fechaCreacion\": \"2024-06-17T06:01:39.000Z\", \"id_roles_usuario\": 134, \"fechaActualizacion\": \"2024-07-05T00:10:04.000Z\"}','{\"id_rol\": 4, \"es_activo\": false, \"id_usuario\": 129, \"fechaCreacion\": \"2024-06-17T06:01:39.000Z\", \"id_roles_usuario\": 134, \"fechaActualizacion\": \"2024-07-05T00:13:12.750Z\"}',2,'2024-07-05 00:13:12'),(36,'Roles_Usuario','UPDATE','{\"id_rol\": 4, \"es_activo\": false, \"id_usuario\": 116, \"fechaCreacion\": \"2024-06-17T05:36:45.000Z\", \"id_roles_usuario\": 120, \"fechaActualizacion\": \"2024-06-17T05:36:53.000Z\"}','{\"id_rol\": 4, \"es_activo\": true, \"id_usuario\": 116, \"fechaCreacion\": \"2024-06-17T05:36:45.000Z\", \"id_roles_usuario\": 120, \"fechaActualizacion\": \"2024-07-05T00:17:24.915Z\"}',2,'2024-07-05 00:17:25'),(37,'Roles_Usuario','UPDATE','{\"id_rol\": 4, \"es_activo\": true, \"id_usuario\": 129, \"fechaCreacion\": \"2024-06-17T06:01:39.000Z\", \"id_roles_usuario\": 134, \"fechaActualizacion\": \"2024-07-05T00:15:28.000Z\"}','{\"id_rol\": 4, \"es_activo\": false, \"id_usuario\": 129, \"fechaCreacion\": \"2024-06-17T06:01:39.000Z\", \"id_roles_usuario\": 134, \"fechaActualizacion\": \"2024-07-05T00:17:33.107Z\"}',2,'2024-07-05 00:17:33'),(38,'Roles_Usuario','UPDATE','{\"id_rol\": 4, \"es_activo\": false, \"id_usuario\": 129, \"fechaCreacion\": \"2024-06-17T06:01:39.000Z\", \"id_roles_usuario\": 134, \"fechaActualizacion\": \"2024-07-05T00:17:33.000Z\"}','{\"id_rol\": 4, \"es_activo\": true, \"id_usuario\": 129, \"fechaCreacion\": \"2024-06-17T06:01:39.000Z\", \"id_roles_usuario\": 134, \"fechaActualizacion\": \"2024-07-05T00:17:39.466Z\"}',2,'2024-07-05 00:17:39'),(39,'Usuario','UPDATE','{\"email\": \"sasd@gmail.com\", \"codigo\": \"00024456\", \"imagen\": \"https://ui-avatars.com/api/?name=A&color=fff&background=441879&size=100\", \"nombres\": \"Alberto\", \"esActivo\": 1, \"id_usuario\": 199, \"contrasenha\": \"$2a$10$3QN.Z68ve69M1HXPT67C1O6c11ev0VzsBYW2CktnCKgpeceECzuuO\", \"fid_facultad\": 25, \"fid_programa\": null, \"fechaCreacion\": \"2024-06-30T14:41:19.000Z\", \"primerApellido\": \"Sinfuentes\", \"segundoApellido\": \"\", \"fechaActualizacion\": \"2024-06-30T14:41:19.000Z\"}','{\"email\": \"sasdsadsdsd@gmail.com\", \"codigo\": \"00024456\", \"imagen\": \"https://ui-avatars.com/api/?name=A&color=fff&background=00A72F&size=100\", \"nombres\": \"Alberto\", \"esActivo\": 1, \"id_usuario\": 199, \"contrasenha\": \"$2a$10$3QN.Z68ve69M1HXPT67C1O6c11ev0VzsBYW2CktnCKgpeceECzuuO\", \"fid_facultad\": 25, \"fid_programa\": null, \"fechaCreacion\": \"2024-06-30T14:41:19.000Z\", \"primerApellido\": \"Sinfuentes\", \"segundoApellido\": \"\", \"fechaActualizacion\": \"2024-07-05T00:34:03.782Z\"}',1,'2024-07-05 00:34:03'),(40,'Usuario','INSERT',NULL,'{\"email\": \"aaaa.aaa@gmail.com\", \"codigo\": \"01221211\", \"imagen\": \"https://ui-avatars.com/api/?name=J&color=fff&background=B8A276&size=100\", \"nombres\": \"Javier\", \"esActivo\": true, \"id_usuario\": 301, \"contrasenha\": \"$2a$10$HvZvHOt7Fde9twBBtSTPk.gMseFVEyOUOTvO0YLvesFAgL1YNrga6\", \"fid_facultad\": null, \"fid_programa\": null, \"fechaCreacion\": \"2024-07-05T00:37:56.138Z\", \"primerApellido\": \"Hernandez\", \"segundoApellido\": \"Perez\", \"fechaActualizacion\": \"2024-07-05T00:37:56.138Z\"}',1,'2024-07-05 00:37:56'),(41,'Roles_Usuario','INSERT',NULL,'{\"id_rol\": 3, \"es_activo\": true, \"id_usuario\": 301, \"fechaCreacion\": \"2024-07-05T00:37:59.368Z\", \"id_roles_usuario\": 435, \"fechaActualizacion\": \"2024-07-05T00:37:59.368Z\"}',1,'2024-07-05 00:37:59'),(42,'Usuario','INSERT',NULL,'{\"email\": \"jose.aaa@gmail.com\", \"codigo\": \"25141211\", \"imagen\": \"https://ui-avatars.com/api/?name=J&color=fff&background=71379F&size=100\", \"nombres\": \"Josemi\", \"esActivo\": true, \"id_usuario\": 302, \"contrasenha\": \"$2a$10$MIZGlgvQahbporgZPiHlRO9B3liw4xfiffTfUNEvLDAIe5ZEkoPve\", \"fid_facultad\": null, \"fid_programa\": null, \"fechaCreacion\": \"2024-07-05T00:44:14.411Z\", \"primerApellido\": \"Hernandez\", \"segundoApellido\": \"Perez\", \"fechaActualizacion\": \"2024-07-05T00:44:14.411Z\"}',1,'2024-07-05 00:44:14'),(43,'Roles_Usuario','INSERT',NULL,'{\"id_rol\": 3, \"es_activo\": true, \"id_usuario\": 302, \"fechaCreacion\": \"2024-07-05T00:44:17.628Z\", \"id_roles_usuario\": 436, \"fechaActualizacion\": \"2024-07-05T00:44:17.628Z\"}',1,'2024-07-05 00:44:17'),(44,'Usuario','INSERT',NULL,'{\"email\": \"jorge.ca@gmail.com\", \"codigo\": \"25414544\", \"imagen\": \"https://ui-avatars.com/api/?name=J&color=fff&background=4FACF4&size=100\", \"nombres\": \"Jorge\", \"esActivo\": true, \"id_usuario\": 303, \"contrasenha\": \"$2a$10$gG3AykJP6GJ3WEVnAeCNU.I1wcJe1.L1uoLv6GJn2Zf6CKNA9fUVm\", \"fid_facultad\": null, \"fid_programa\": null, \"fechaCreacion\": \"2024-07-05T00:44:18.337Z\", \"primerApellido\": \"Carlos\", \"segundoApellido\": \"Perez\", \"fechaActualizacion\": \"2024-07-05T00:44:18.337Z\"}',1,'2024-07-05 00:44:18'),(45,'Roles_Usuario','INSERT',NULL,'{\"id_rol\": 3, \"es_activo\": true, \"id_usuario\": 303, \"fechaCreacion\": \"2024-07-05T00:44:21.911Z\", \"id_roles_usuario\": 437, \"fechaActualizacion\": \"2024-07-05T00:44:21.911Z\"}',1,'2024-07-05 00:44:22'),(46,'Usuario','INSERT',NULL,'{\"email\": \"gerar.gine@gmail.com\", \"codigo\": \"14542141\", \"imagen\": \"https://ui-avatars.com/api/?name=G&color=fff&background=472D5C&size=100\", \"nombres\": \"Gerardo\", \"esActivo\": true, \"id_usuario\": 304, \"contrasenha\": \"$2a$10$EN/5GYF3lfhcgfGAhAp8ge9mTk9owlfMjICzAqz6phP5s/XuGH.J2\", \"fid_facultad\": 20, \"fid_programa\": 25, \"fechaCreacion\": \"2024-07-05T00:46:20.203Z\", \"primerApellido\": \"Ginez\", \"segundoApellido\": \"\", \"fechaActualizacion\": \"2024-07-05T00:46:20.203Z\"}',1,'2024-07-05 00:46:20'),(47,'Roles_Usuario','INSERT',NULL,'{\"id_rol\": 4, \"es_activo\": true, \"id_usuario\": 304, \"fechaCreacion\": \"2024-07-05T00:46:23.473Z\", \"id_roles_usuario\": 438, \"fechaActualizacion\": \"2024-07-05T00:46:23.473Z\"}',1,'2024-07-05 00:46:23'),(48,'Facultad','INSERT',NULL,'{\"nombre\": \"Nueva facultad\", \"esActivo\": true, \"id_facultad\": 56, \"fechaCreacion\": \"2024-07-05T00:50:15.025Z\", \"fechaActualizacion\": \"2024-07-05T00:50:15.025Z\"}',1,'2024-07-05 00:50:15'),(49,'Usuario','INSERT',NULL,'{\"email\": \"vivi.vera@gmail.com\", \"codigo\": \"20141024\", \"imagen\": \"https://ui-avatars.com/api/?name=V&color=fff&background=FFF8C5&size=100\", \"nombres\": \"Viviana\", \"esActivo\": true, \"id_usuario\": 305, \"contrasenha\": \"$2a$10$KGnP9Cj/UvJQePN2bMoxqOIb.EQ1CyXDTztOGmQ0NzrWqFKovLr0a\", \"fechaCreacion\": \"2024-07-05T00:50:15.611Z\", \"primerApellido\": \"Vera\", \"segundoApellido\": \"Perez\", \"fechaActualizacion\": \"2024-07-05T00:50:15.611Z\"}',1,'2024-07-05 00:50:15'),(50,'Roles_Usuario','INSERT',NULL,'{\"id_rol\": 1, \"es_activo\": true, \"id_usuario\": 305, \"fechaCreacion\": \"2024-07-05T00:50:19.719Z\", \"id_roles_usuario\": 439, \"fechaActualizacion\": \"2024-07-05T00:50:19.719Z\"}',NULL,'2024-07-05 00:50:19'),(51,'Roles_Usuario','INSERT',NULL,'{\"id_rol\": 3, \"es_activo\": true, \"id_usuario\": 305, \"fechaCreacion\": \"2024-07-05T00:50:20.121Z\", \"id_roles_usuario\": 440, \"fechaActualizacion\": \"2024-07-05T00:50:20.121Z\"}',NULL,'2024-07-05 00:50:20'),(52,'Facultad','UPDATE','{\"nombre\": \"Nueva facultad\", \"esActivo\": true, \"id_facultad\": 56, \"fechaCreacion\": \"2024-07-05T00:50:15.025Z\", \"fechaActualizacion\": \"2024-07-05T00:50:15.025Z\"}','{\"nombre\": \"Nueva facultad\", \"esActivo\": true, \"fid_usuario\": 305, \"id_facultad\": 56, \"fechaCreacion\": \"2024-07-05T00:50:15.025Z\", \"fechaActualizacion\": \"2024-07-05T00:50:20.329Z\"}',NULL,'2024-07-05 00:50:20'),(53,'Facultad','UPDATE','{\"nombre\": \"Nueva facultad\", \"siglas\": null, \"esActivo\": 1, \"fid_usuario\": 305, \"id_facultad\": 56, \"fechaCreacion\": \"2024-07-05T00:50:15.000Z\", \"fechaActualizacion\": \"2024-07-05T00:50:20.000Z\"}','{\"nombre\": \"Nueva facu\", \"siglas\": null, \"esActivo\": 1, \"fid_usuario\": 305, \"id_facultad\": 56, \"fechaCreacion\": \"2024-07-05T00:50:15.000Z\", \"fechaActualizacion\": \"2024-07-05T00:52:55.481Z\"}',NULL,'2024-07-05 00:52:55'),(54,'Facultad','UPDATE','{\"nombre\": \"Nueva facu\", \"siglas\": null, \"esActivo\": 1, \"fid_usuario\": 305, \"id_facultad\": 56, \"fechaCreacion\": \"2024-07-05T00:50:15.000Z\", \"fechaActualizacion\": \"2024-07-05T00:52:55.000Z\"}','{\"nombre\": \"Nueva facu\", \"siglas\": null, \"esActivo\": 1, \"fid_usuario\": 305, \"id_facultad\": 56, \"fechaCreacion\": \"2024-07-05T00:50:15.000Z\", \"fechaActualizacion\": \"2024-07-05T00:52:55.000Z\"}',NULL,'2024-07-05 00:53:35'),(55,'Usuario','UPDATE','{\"email\": \"sofia.mendoza@ejemplo.com\", \"codigo\": \"24681357\", \"imagen\": \"https://ui-avatars.com/api/?name=S&color=fff&background=8A6B01&size=100\", \"nombres\": \"Sofia\", \"esActivo\": 1, \"id_usuario\": 72, \"contrasenha\": \"$2a$10$d16hrZ2CMTjWOaYba9zZFeWh6xvbnFre2dvyPEpu9skgwzr.yakS2\", \"fid_facultad\": 45, \"fid_programa\": null, \"fechaCreacion\": \"2024-06-17T05:05:31.000Z\", \"primerApellido\": \"Mendoza\", \"segundoApellido\": \"Rodriguez\", \"fechaActualizacion\": \"2024-07-03T02:24:05.000Z\"}','{\"email\": \"sofia.mendoza@ejemplo.com\", \"codigo\": \"24681357\", \"imagen\": \"https://ui-avatars.com/api/?name=S&color=fff&background=8A6B01&size=100\", \"nombres\": \"Sofia\", \"esActivo\": 1, \"id_usuario\": 72, \"contrasenha\": \"$2a$10$d16hrZ2CMTjWOaYba9zZFeWh6xvbnFre2dvyPEpu9skgwzr.yakS2\", \"fid_facultad\": 45, \"fid_programa\": null, \"fechaCreacion\": \"2024-06-17T05:05:31.000Z\", \"primerApellido\": \"Mendoza\", \"segundoApellido\": \"Rodriguez\", \"fechaActualizacion\": \"2024-07-03T02:24:05.000Z\"}',1,'2024-07-05 00:53:36'),(56,'Usuario','UPDATE','{\"email\": \"sofia.mendoza@ejemplo.com\", \"codigo\": \"24681357\", \"imagen\": \"https://ui-avatars.com/api/?name=S&color=fff&background=8A6B01&size=100\", \"nombres\": \"Sofia\", \"esActivo\": 1, \"id_usuario\": 72, \"contrasenha\": \"$2a$10$d16hrZ2CMTjWOaYba9zZFeWh6xvbnFre2dvyPEpu9skgwzr.yakS2\", \"fid_facultad\": 45, \"fid_programa\": null, \"fechaCreacion\": \"2024-06-17T05:05:31.000Z\", \"primerApellido\": \"Mendoza\", \"segundoApellido\": \"Rodriguez\", \"fechaActualizacion\": \"2024-07-03T02:24:05.000Z\"}','{\"email\": \"sofia.mendoza@ejemplo.com\", \"codigo\": \"24681357\", \"imagen\": \"https://ui-avatars.com/api/?name=S&color=fff&background=8A6B01&size=100\", \"nombres\": \"Sofia\", \"esActivo\": 1, \"id_usuario\": 72, \"contrasenha\": \"$2a$10$d16hrZ2CMTjWOaYba9zZFeWh6xvbnFre2dvyPEpu9skgwzr.yakS2\", \"fid_facultad\": 45, \"fid_programa\": null, \"fechaCreacion\": \"2024-06-17T05:05:31.000Z\", \"primerApellido\": \"Mendoza\", \"segundoApellido\": \"Rodriguez\", \"fechaActualizacion\": \"2024-07-03T02:24:05.000Z\"}',1,'2024-07-05 00:53:36'),(57,'Facultad','UPDATE','{\"nombre\": \"Nueva facu\", \"siglas\": null, \"esActivo\": 1, \"fid_usuario\": 305, \"id_facultad\": 56, \"fechaCreacion\": \"2024-07-05T00:50:15.000Z\", \"fechaActualizacion\": \"2024-07-05T00:52:55.000Z\"}','{\"nombre\": \"Nueva facu\", \"siglas\": null, \"esActivo\": 1, \"fid_usuario\": 72, \"id_facultad\": 56, \"fechaCreacion\": \"2024-07-05T00:50:15.000Z\", \"fechaActualizacion\": \"2024-07-05T00:53:36.927Z\"}',NULL,'2024-07-05 00:53:36'),(58,'Programa','INSERT',NULL,'{\"nombre\": \"Programa hola\", \"esActivo\": true, \"id_programa\": 63, \"fid_facultad\": \"56\", \"fechaCreacion\": \"2024-07-05T00:55:42.274Z\", \"fechaActualizacion\": \"2024-07-05T00:55:42.274Z\"}',1,'2024-07-05 00:55:42'),(59,'Programa','UPDATE','{\"nombre\": \"Programa hola\", \"esActivo\": true, \"id_programa\": 63, \"fid_facultad\": \"56\", \"fechaCreacion\": \"2024-07-05T00:55:42.274Z\", \"fechaActualizacion\": \"2024-07-05T00:55:42.274Z\"}','{\"nombre\": \"Programa hola\", \"esActivo\": true, \"fid_usuario\": 77, \"id_programa\": 63, \"fid_facultad\": \"56\", \"fechaCreacion\": \"2024-07-05T00:55:42.274Z\", \"fechaActualizacion\": \"2024-07-05T00:55:42.806Z\"}',NULL,'2024-07-05 00:55:42');
/*!40000 ALTER TABLE `Audit` ENABLE KEYS */;
UNLOCK TABLES;

--
-- Table structure for table `CompromisoCita`
--

DROP TABLE IF EXISTS `CompromisoCita`;
/*!40101 SET @saved_cs_client     = @@character_set_client */;
/*!50503 SET character_set_client = utf8mb4 */;
CREATE TABLE `CompromisoCita` (
  `id_compromiso` int NOT NULL AUTO_INCREMENT,
  `nombre` varchar(255) NOT NULL,
  `es_activo` tinyint(1) NOT NULL DEFAULT '1',
  `fid_estado_compromiso` int DEFAULT NULL,
  `fechaCreacion` datetime NOT NULL DEFAULT CURRENT_TIMESTAMP,
  `fechaActualizacion` datetime NOT NULL DEFAULT CURRENT_TIMESTAMP ON UPDATE CURRENT_TIMESTAMP,
  `fid_sesionCita` int DEFAULT NULL,
  PRIMARY KEY (`id_compromiso`),
  KEY `CompromisoCita_fid_sesionCita_foreign_idx` (`fid_sesionCita`),
  KEY `fk_compromiso_cita_estado_compromiso` (`fid_estado_compromiso`),
  CONSTRAINT `CompromisoCita_fid_sesionCita_foreign_idx` FOREIGN KEY (`fid_sesionCita`) REFERENCES `SesionCita` (`id_cita`),
  CONSTRAINT `fk_compromiso_cita_estado_compromiso` FOREIGN KEY (`fid_estado_compromiso`) REFERENCES `EstadoCompromisoCita` (`id_estado_compromiso`)
) ENGINE=InnoDB AUTO_INCREMENT=16 DEFAULT CHARSET=utf8mb4 COLLATE=utf8mb4_0900_ai_ci;
/*!40101 SET character_set_client = @saved_cs_client */;

--
-- Dumping data for table `CompromisoCita`
--

LOCK TABLES `CompromisoCita` WRITE;
/*!40000 ALTER TABLE `CompromisoCita` DISABLE KEYS */;
INSERT INTO `CompromisoCita` VALUES (1,'Repasar temas acadmicos',1,3,'2024-06-17 01:35:08','2024-06-17 01:35:08',28),(2,'Leer bibliografa de cursos.',1,3,'2024-06-17 01:36:05','2024-06-17 01:36:05',29),(3,'Leer bibliografa de cursos',1,2,'2024-06-17 01:45:17','2024-06-17 01:45:17',30),(4,'Crear diagrama con actividades semanales',1,2,'2024-06-17 02:22:44','2024-06-17 02:22:44',31),(5,'Listar tareas en un tablero.',1,3,'2024-06-17 02:29:40','2024-06-17 02:29:40',32),(6,'Estudiar 5 horas',1,2,'2024-06-17 06:57:42','2024-06-17 06:57:42',60),(7,'Estudiar por lo menos 4 horas al da',1,2,'2024-06-19 06:27:08','2024-06-19 06:27:08',6),(8,'Dormir por lo menos 8 horas diarias',1,2,'2024-06-19 06:27:09','2024-06-19 06:27:09',6),(9,'Asisitir a un taller de redaccin',1,2,'2024-06-19 06:43:15','2024-06-19 06:43:15',6),(10,'Asisitir a un taller de comprensin lectora',1,2,'2024-06-19 06:43:15','2024-06-19 06:43:15',6),(11,'Estudiar 10 horas',1,3,'2024-06-21 20:04:06','2024-06-21 20:04:06',68),(12,'Estudi para el final',1,2,'2024-06-28 17:08:50','2024-06-28 17:08:50',128),(13,'Leer bibliografa de cursos',1,2,'2024-06-28 21:15:49','2024-06-28 21:15:49',140),(14,'Compromiso ejemplo',1,2,'2024-06-29 00:28:24','2024-06-29 00:28:24',147),(15,'Compromiso',1,3,'2024-07-04 22:18:36','2024-07-04 22:18:36',257);
/*!40000 ALTER TABLE `CompromisoCita` ENABLE KEYS */;
UNLOCK TABLES;

--
-- Table structure for table `Derivacion`
--

DROP TABLE IF EXISTS `Derivacion`;
/*!40101 SET @saved_cs_client     = @@character_set_client */;
/*!50503 SET character_set_client = utf8mb4 */;
CREATE TABLE `Derivacion` (
  `id_derivacion` int NOT NULL AUTO_INCREMENT,
  `fid_tutor` int NOT NULL,
  `fid_alumno` int NOT NULL,
  `fid_unidad_academica` int NOT NULL,
  `fechaActualizacion` datetime NOT NULL DEFAULT CURRENT_TIMESTAMP ON UPDATE CURRENT_TIMESTAMP,
  `esActivo` tinyint(1) NOT NULL DEFAULT '1',
  `fid_tipoTutoria` int NOT NULL,
  `motivo` varchar(255) DEFAULT NULL,
  `antecedentes` varchar(255) DEFAULT NULL,
  `comentarios` varchar(255) DEFAULT NULL,
  `fid_cita` int DEFAULT NULL,
  `fechaCreacion` datetime DEFAULT CURRENT_TIMESTAMP,
  `estado` varchar(255) DEFAULT NULL,
  `fid_facultad` int DEFAULT NULL,
  PRIMARY KEY (`id_derivacion`),
  KEY `Derivacion_fid_alumno_Usuario_fk` (`fid_alumno`),
  KEY `Derivacion_fid_cita_SesionCita_fk` (`fid_cita`),
  KEY `Derivacion_fid_tutor_Usuario_fk` (`fid_tutor`),
  KEY `Derivacion_fid_unidad_academica_UnidadAcademica_fk` (`fid_unidad_academica`),
  KEY `Derivacion_fid_tipoTutoria_foreign_idx` (`fid_tipoTutoria`),
  KEY `Derivacion_fid_facultad_foreign_idx` (`fid_facultad`),
  CONSTRAINT `Derivacion_fid_alumno_Usuario_fk` FOREIGN KEY (`fid_alumno`) REFERENCES `Usuario` (`id_usuario`) ON DELETE CASCADE ON UPDATE CASCADE,
  CONSTRAINT `Derivacion_fid_cita_SesionCita_fk` FOREIGN KEY (`fid_cita`) REFERENCES `SesionCita` (`id_cita`) ON DELETE CASCADE ON UPDATE CASCADE,
  CONSTRAINT `Derivacion_fid_facultad_foreign_idx` FOREIGN KEY (`fid_facultad`) REFERENCES `Facultad` (`id_facultad`) ON DELETE SET NULL ON UPDATE CASCADE,
  CONSTRAINT `Derivacion_fid_tipoTutoria_foreign_idx` FOREIGN KEY (`fid_tipoTutoria`) REFERENCES `TipoTutoria` (`id_tipoTutoria`),
  CONSTRAINT `Derivacion_fid_tipoTutoria_TipoTutoria_fk` FOREIGN KEY (`fid_tipoTutoria`) REFERENCES `TipoTutoria` (`id_tipoTutoria`) ON DELETE CASCADE ON UPDATE CASCADE,
  CONSTRAINT `Derivacion_fid_tutor_Usuario_fk` FOREIGN KEY (`fid_tutor`) REFERENCES `Usuario` (`id_usuario`) ON DELETE CASCADE ON UPDATE CASCADE,
  CONSTRAINT `Derivacion_fid_unidad_academica_UnidadAcademica_fk` FOREIGN KEY (`fid_unidad_academica`) REFERENCES `UnidadAcademica` (`id_unidad_academica`) ON DELETE CASCADE ON UPDATE CASCADE
) ENGINE=InnoDB AUTO_INCREMENT=26 DEFAULT CHARSET=utf8mb4 COLLATE=utf8mb4_0900_ai_ci;
/*!40101 SET character_set_client = @saved_cs_client */;

--
-- Dumping data for table `Derivacion`
--

LOCK TABLES `Derivacion` WRITE;
/*!40000 ALTER TABLE `Derivacion` DISABLE KEYS */;
INSERT INTO `Derivacion` VALUES (18,3,36,5,'2024-06-27 01:53:58',1,88,'prueba de derivacion','prueba de antecedentes',NULL,80,'2024-06-23 01:54:25','Enviado',1),(19,3,36,1,'2024-06-27 02:03:56',1,88,'derivacionessssss','antecedentes que si son importantes','aca hay sugerencias',74,'2024-06-23 02:16:09','Enviado',1),(20,2,4,4,'2024-06-27 04:58:52',1,88,'TIENE PROBLEMAS SICOLOGICOS','HA ROTO LA PIZARRA ','JIJIJI',123,'2024-06-27 04:55:47','Enviado',1),(21,2,4,13,'2024-06-30 03:03:17',1,88,'Derivandoando','Antecedentes de verdad',NULL,124,'2024-06-27 06:08:53','Enviado',1),(22,2,4,19,'2024-06-30 02:56:17',1,93,'Bajo rendimiento acadmico','Problemas de concentracin',NULL,128,'2024-06-28 17:09:28','Enviado',1),(23,2,4,20,'2024-06-29 01:31:03',1,93,'mnotivado de derivaicon','antecentedes','coementarios',129,'2024-06-29 01:29:18','Enviado',1),(24,2,4,12,'2024-06-30 08:01:06',1,91,'Motivos de salud','Fatiga notoria','Debe acudir al medico',190,'2024-06-30 07:38:30','Enviado',1),(25,2,117,27,'2024-07-04 16:45:12',1,91,'necesita ayuda profesional','necesita!','no hay comentarios al respecto jejeje',246,'2024-07-04 16:45:12','Pendiente',1);
/*!40000 ALTER TABLE `Derivacion` ENABLE KEYS */;
UNLOCK TABLES;

--
-- Table structure for table `Disponibilidad`
--

DROP TABLE IF EXISTS `Disponibilidad`;
/*!40101 SET @saved_cs_client     = @@character_set_client */;
/*!50503 SET character_set_client = utf8mb4 */;
CREATE TABLE `Disponibilidad` (
  `id_disponibilidad` int NOT NULL AUTO_INCREMENT,
  `fid_tutor` int NOT NULL,
  `fechaHoraInicio` datetime NOT NULL,
  `fechaHoraFin` datetime NOT NULL,
  `esActivo` tinyint(1) NOT NULL DEFAULT '1',
  `fechaCreacion` datetime NOT NULL DEFAULT CURRENT_TIMESTAMP,
  `fechaActualizacion` datetime NOT NULL DEFAULT CURRENT_TIMESTAMP,
  PRIMARY KEY (`id_disponibilidad`),
  KEY `fid_tutor` (`fid_tutor`),
  CONSTRAINT `Disponibilidad_ibfk_1` FOREIGN KEY (`fid_tutor`) REFERENCES `Usuario` (`id_usuario`)
) ENGINE=InnoDB AUTO_INCREMENT=952 DEFAULT CHARSET=utf8mb4 COLLATE=utf8mb4_0900_ai_ci;
/*!40101 SET character_set_client = @saved_cs_client */;

--
-- Dumping data for table `Disponibilidad`
--

LOCK TABLES `Disponibilidad` WRITE;
/*!40000 ALTER TABLE `Disponibilidad` DISABLE KEYS */;
INSERT INTO `Disponibilidad` VALUES (1,2,'2024-06-21 12:30:00','2024-06-21 20:00:00',0,'2024-06-16 15:52:24','2024-06-16 15:52:44'),(2,2,'2024-06-21 12:30:00','2024-06-21 18:00:00',0,'2024-06-16 15:52:44','2024-06-16 16:36:49'),(3,2,'2024-06-21 19:00:00','2024-06-21 20:00:00',1,'2024-06-16 15:52:44','2024-07-04 19:20:29'),(4,2,'2024-06-21 13:30:00','2024-06-21 18:00:00',0,'2024-06-16 16:36:49','2024-06-16 16:41:06'),(5,2,'2024-06-21 13:30:00','2024-06-21 15:30:00',1,'2024-06-16 16:41:06','2024-07-04 19:20:29'),(6,2,'2024-06-21 16:30:00','2024-06-21 18:00:00',1,'2024-06-16 16:41:06','2024-07-04 19:20:29'),(7,2,'2024-06-16 18:00:00','2024-06-16 21:00:00',0,'2024-06-16 17:07:40','2024-06-16 17:07:51'),(8,2,'2024-06-16 12:00:00','2024-06-17 00:00:00',1,'2024-06-16 17:07:52','2024-07-04 19:20:29'),(9,2,'2024-06-13 14:30:00','2024-06-13 20:30:00',0,'2024-06-16 20:08:37','2024-06-16 20:11:56'),(10,2,'2024-06-12 15:00:00','2024-06-12 20:00:00',0,'2024-06-16 20:08:37','2024-06-16 20:08:53'),(11,2,'2024-06-12 15:00:00','2024-06-12 15:30:00',1,'2024-06-16 20:08:53','2024-07-04 19:20:29'),(12,2,'2024-06-12 17:00:00','2024-06-12 20:00:00',0,'2024-06-16 20:08:53','2024-06-16 21:03:09'),(13,2,'2024-06-13 14:30:00','2024-06-13 19:00:00',0,'2024-06-16 20:11:56','2024-06-16 21:02:43'),(14,2,'2024-06-13 20:00:00','2024-06-14 03:00:00',1,'2024-06-16 20:11:56','2024-07-04 19:20:29'),(15,2,'2024-06-17 14:00:00','2024-06-17 15:30:00',0,'2024-06-16 20:29:12','2024-06-16 20:29:22'),(16,2,'2024-06-17 15:00:00','2024-06-17 15:30:00',1,'2024-06-16 20:29:23','2024-07-04 19:20:29'),(17,2,'2024-06-13 15:30:00','2024-06-13 19:00:00',0,'2024-06-16 21:02:43','2024-06-16 21:44:47'),(18,2,'2024-06-12 17:00:00','2024-06-12 19:00:00',0,'2024-06-16 21:03:09','2024-06-16 21:07:08'),(19,2,'2024-06-12 17:00:00','2024-06-12 18:00:00',0,'2024-06-16 21:07:08','2024-06-16 21:54:38'),(20,2,'2024-06-13 15:30:00','2024-06-13 18:00:00',0,'2024-06-16 21:44:47','2024-06-16 21:47:58'),(21,2,'2024-06-13 15:30:00','2024-06-13 17:00:00',0,'2024-06-16 21:47:58','2024-06-16 22:05:55'),(22,2,'2024-06-13 16:30:00','2024-06-13 17:00:00',1,'2024-06-16 22:05:55','2024-07-04 19:20:29'),(23,2,'2024-06-14 14:00:00','2024-06-14 21:00:00',0,'2024-06-16 22:17:02','2024-06-16 22:17:31'),(24,2,'2024-06-14 15:00:00','2024-06-14 21:00:00',0,'2024-06-16 22:17:31','2024-06-16 22:22:21'),(25,2,'2024-06-14 15:00:00','2024-06-14 18:00:00',0,'2024-06-16 22:22:21','2024-06-16 22:32:33'),(26,2,'2024-06-14 19:00:00','2024-06-14 21:00:00',0,'2024-06-16 22:22:21','2024-06-16 22:35:58'),(27,2,'2024-06-17 16:30:00','2024-06-17 22:00:00',0,'2024-06-16 22:27:39','2024-06-16 22:55:03'),(28,2,'2024-06-18 14:00:00','2024-06-18 20:00:00',0,'2024-06-16 22:28:59','2024-06-16 22:29:16'),(29,2,'2024-06-18 15:30:00','2024-06-18 20:00:00',0,'2024-06-16 22:29:16','2024-06-16 22:44:35'),(30,2,'2024-06-14 15:00:00','2024-06-14 16:00:00',0,'2024-06-16 22:32:33','2024-06-17 01:04:42'),(31,2,'2024-06-14 17:00:00','2024-06-14 18:00:00',1,'2024-06-16 22:32:33','2024-07-04 19:20:29'),(32,2,'2024-06-14 19:00:00','2024-06-14 20:00:00',1,'2024-06-16 22:35:59','2024-07-04 19:20:29'),(33,2,'2024-06-18 15:30:00','2024-06-18 18:00:00',0,'2024-06-16 22:44:35','2024-06-16 22:54:57'),(34,2,'2024-06-18 19:00:00','2024-06-18 20:00:00',1,'2024-06-16 22:44:35','2024-07-04 19:20:29'),(35,2,'2024-06-18 15:30:00','2024-06-18 16:00:00',1,'2024-06-16 22:54:57','2024-07-04 19:20:29'),(36,2,'2024-06-18 17:00:00','2024-06-18 18:00:00',1,'2024-06-16 22:54:57','2024-07-04 19:20:29'),(37,2,'2024-06-17 16:30:00','2024-06-17 19:00:00',0,'2024-06-16 22:55:03','2024-06-16 22:55:48'),(38,2,'2024-06-17 19:30:00','2024-06-17 22:00:00',1,'2024-06-16 22:55:03','2024-07-04 19:20:29'),(39,2,'2024-06-17 16:30:00','2024-06-17 17:00:00',1,'2024-06-16 22:55:48','2024-07-04 19:20:29'),(40,2,'2024-06-17 18:00:00','2024-06-17 19:00:00',1,'2024-06-16 22:55:48','2024-07-04 19:20:29'),(41,2,'2024-06-19 12:30:00','2024-06-19 22:00:00',0,'2024-06-16 22:56:15','2024-06-16 22:56:28'),(42,2,'2024-06-19 12:30:00','2024-06-19 16:00:00',0,'2024-06-16 22:56:28','2024-06-19 22:46:22'),(43,2,'2024-06-19 17:00:00','2024-06-19 22:00:00',0,'2024-06-16 22:56:28','2024-06-19 22:37:48'),(44,2,'2024-06-14 15:30:00','2024-06-14 16:00:00',1,'2024-06-17 01:04:42','2024-07-04 19:20:29'),(45,2,'2024-06-15 12:00:00','2024-06-15 23:30:00',0,'2024-06-17 01:33:56','2024-06-17 01:34:11'),(46,2,'2024-06-15 13:30:00','2024-06-15 23:30:00',0,'2024-06-17 01:34:12','2024-06-17 01:34:45'),(47,2,'2024-06-15 13:30:00','2024-06-15 19:30:00',0,'2024-06-17 01:34:45','2024-06-17 01:35:21'),(48,2,'2024-06-15 21:00:00','2024-06-15 23:30:00',0,'2024-06-17 01:34:45','2024-06-17 03:37:23'),(49,2,'2024-06-15 13:30:00','2024-06-15 16:00:00',0,'2024-06-17 01:35:22','2024-06-17 01:44:49'),(50,2,'2024-06-15 17:30:00','2024-06-15 19:30:00',0,'2024-06-17 01:35:22','2024-06-17 03:16:31'),(51,2,'2024-06-15 13:30:00','2024-06-15 14:00:00',1,'2024-06-17 01:44:49','2024-07-04 19:20:29'),(52,2,'2024-06-15 15:00:00','2024-06-15 16:00:00',1,'2024-06-17 01:44:49','2024-07-04 19:20:29'),(53,3,'2024-06-15 13:00:00','2024-06-15 21:00:00',0,'2024-06-17 02:21:39','2024-06-17 02:21:59'),(54,3,'2024-06-15 17:00:00','2024-06-15 21:00:00',0,'2024-06-17 02:21:59','2024-06-17 03:27:20'),(55,3,'2024-06-13 12:00:00','2024-06-13 21:00:00',0,'2024-06-17 02:28:43','2024-06-17 02:28:53'),(56,3,'2024-06-13 12:00:00','2024-06-13 12:30:00',1,'2024-06-17 02:28:53','2024-06-26 10:30:30'),(57,3,'2024-06-13 14:00:00','2024-06-13 21:00:00',0,'2024-06-17 02:28:53','2024-06-17 03:28:13'),(58,2,'2024-06-15 17:30:00','2024-06-15 18:00:00',1,'2024-06-17 03:16:32','2024-07-04 19:20:29'),(59,2,'2024-06-11 13:00:00','2024-06-11 21:00:00',0,'2024-06-17 03:16:39','2024-06-17 03:16:51'),(60,2,'2024-06-11 14:30:00','2024-06-11 21:00:00',0,'2024-06-17 03:16:51','2024-06-17 03:17:00'),(61,2,'2024-06-11 14:30:00','2024-06-11 15:30:00',1,'2024-06-17 03:17:00','2024-07-04 19:20:29'),(62,2,'2024-06-11 17:00:00','2024-06-11 21:00:00',0,'2024-06-17 03:17:00','2024-06-17 03:18:06'),(63,2,'2024-06-11 18:00:00','2024-06-11 21:00:00',0,'2024-06-17 03:18:06','2024-06-17 03:18:18'),(64,2,'2024-06-11 19:00:00','2024-06-11 21:00:00',1,'2024-06-17 03:18:18','2024-07-04 19:20:29'),(65,2,'2024-06-10 12:00:00','2024-06-10 22:30:00',0,'2024-06-17 03:20:34','2024-06-17 03:20:50'),(66,2,'2024-06-10 13:00:00','2024-06-10 22:30:00',0,'2024-06-17 03:20:50','2024-06-17 03:21:07'),(67,2,'2024-06-10 13:00:00','2024-06-10 14:00:00',1,'2024-06-17 03:21:07','2024-07-04 19:20:29'),(68,2,'2024-06-10 15:00:00','2024-06-10 22:30:00',0,'2024-06-17 03:21:07','2024-06-17 03:23:51'),(69,2,'2024-06-10 15:00:00','2024-06-10 16:00:00',1,'2024-06-17 03:23:51','2024-07-04 19:20:29'),(70,2,'2024-06-10 17:00:00','2024-06-10 22:30:00',0,'2024-06-17 03:23:51','2024-06-17 03:24:54'),(71,2,'2024-06-10 17:00:00','2024-06-10 18:00:00',1,'2024-06-17 03:24:54','2024-07-04 19:20:29'),(72,2,'2024-06-10 19:00:00','2024-06-10 22:30:00',0,'2024-06-17 03:24:54','2024-06-17 03:32:55'),(73,3,'2024-06-15 17:00:00','2024-06-15 18:30:00',1,'2024-06-17 03:27:20','2024-06-26 10:30:30'),(74,3,'2024-06-15 19:30:00','2024-06-15 21:00:00',1,'2024-06-17 03:27:20','2024-06-26 10:30:30'),(75,3,'2024-06-13 14:00:00','2024-06-13 17:30:00',1,'2024-06-17 03:28:13','2024-06-26 10:30:30'),(76,3,'2024-06-13 19:00:00','2024-06-13 21:00:00',1,'2024-06-17 03:28:13','2024-06-26 10:30:30'),(77,3,'2024-06-12 12:00:00','2024-06-12 21:30:00',0,'2024-06-17 03:29:22','2024-06-17 03:29:31'),(78,3,'2024-06-12 12:00:00','2024-06-12 13:00:00',1,'2024-06-17 03:29:31','2024-06-26 10:30:30'),(79,3,'2024-06-12 14:30:00','2024-06-12 21:30:00',1,'2024-06-17 03:29:31','2024-06-26 10:30:30'),(80,3,'2024-06-11 12:30:00','2024-06-11 20:00:00',0,'2024-06-17 03:30:55','2024-06-17 03:31:04'),(81,3,'2024-06-11 12:30:00','2024-06-11 13:00:00',1,'2024-06-17 03:31:04','2024-06-26 10:30:30'),(82,3,'2024-06-11 14:00:00','2024-06-11 20:00:00',1,'2024-06-17 03:31:04','2024-06-26 10:30:30'),(83,2,'2024-06-10 19:00:00','2024-06-10 21:00:00',1,'2024-06-17 03:32:55','2024-07-04 19:20:29'),(84,2,'2024-06-10 22:00:00','2024-06-10 22:30:00',1,'2024-06-17 03:32:55','2024-07-04 19:20:29'),(85,2,'2024-06-15 21:00:00','2024-06-15 21:30:00',1,'2024-06-17 03:37:23','2024-07-04 19:20:29'),(86,2,'2024-06-15 22:30:00','2024-06-15 23:30:00',1,'2024-06-17 03:37:23','2024-07-04 19:20:29'),(87,1,'2024-06-18 13:00:00','2024-06-18 17:00:00',0,'2024-06-17 03:44:32','2024-06-17 03:44:49'),(88,1,'2024-06-18 15:00:00','2024-06-18 17:00:00',1,'2024-06-17 03:44:49','2024-06-17 03:45:24'),(89,1,'2024-06-15 12:30:00','2024-06-15 16:00:00',0,'2024-06-17 03:45:24','2024-06-17 03:45:34'),(90,1,'2024-06-15 14:30:00','2024-06-15 16:00:00',0,'2024-06-17 03:45:35','2024-06-17 03:47:29'),(91,2,'2024-06-12 20:00:00','2024-06-13 03:00:00',0,'2024-06-17 03:58:12','2024-06-17 03:58:24'),(92,2,'2024-06-12 21:00:00','2024-06-13 03:00:00',0,'2024-06-17 03:58:25','2024-06-17 03:58:38'),(93,2,'2024-06-12 22:00:00','2024-06-13 03:00:00',0,'2024-06-17 03:58:38','2024-06-17 03:58:51'),(94,2,'2024-06-12 23:00:00','2024-06-13 03:00:00',0,'2024-06-17 03:58:51','2024-06-17 03:59:01'),(95,2,'2024-06-13 00:00:00','2024-06-13 03:00:00',0,'2024-06-17 03:59:01','2024-06-17 03:59:14'),(96,2,'2024-06-13 02:00:00','2024-06-13 03:00:00',1,'2024-06-17 03:59:14','2024-07-04 19:20:29'),(97,2,'2024-06-08 12:30:00','2024-06-08 23:30:00',1,'2024-06-17 04:02:38','2024-07-04 19:20:29'),(98,2,'2024-06-20 12:30:00','2024-06-20 22:00:00',0,'2024-06-17 06:52:57','2024-06-17 06:53:58'),(99,2,'2024-06-20 14:00:00','2024-06-20 22:00:00',0,'2024-06-17 06:53:58','2024-06-17 07:01:25'),(100,2,'2024-06-17 12:00:00','2024-06-17 14:00:00',0,'2024-06-17 06:55:51','2024-06-17 06:56:12'),(101,2,'2024-06-17 13:00:00','2024-06-17 14:00:00',1,'2024-06-17 06:56:12','2024-07-04 19:20:29'),(102,2,'2024-06-20 14:00:00','2024-06-20 16:00:00',1,'2024-06-17 07:01:25','2024-07-04 19:20:29'),(103,2,'2024-06-20 17:00:00','2024-06-20 22:00:00',0,'2024-06-17 07:01:25','2024-06-21 18:53:03'),(104,2,'2024-06-19 17:00:00','2024-06-19 19:00:00',1,'2024-06-19 22:37:48','2024-07-04 19:20:29'),(105,2,'2024-06-19 20:00:00','2024-06-19 22:00:00',0,'2024-06-19 22:37:48','2024-06-21 19:42:52'),(106,2,'2024-06-19 13:30:00','2024-06-19 16:00:00',0,'2024-06-19 22:46:22','2024-06-20 20:23:33'),(107,2,'2024-06-19 13:30:00','2024-06-19 14:00:00',1,'2024-06-20 20:23:33','2024-07-04 19:20:29'),(108,2,'2024-06-19 15:00:00','2024-06-19 16:00:00',1,'2024-06-20 20:23:33','2024-07-04 19:20:30'),(109,2,'2024-06-20 17:00:00','2024-06-20 20:30:00',0,'2024-06-21 18:53:03','2024-06-21 19:40:56'),(110,2,'2024-06-20 21:30:00','2024-06-21 02:30:00',0,'2024-06-21 18:53:03','2024-06-21 20:03:13'),(111,2,'2024-06-20 17:00:00','2024-06-20 19:00:00',1,'2024-06-21 19:40:56','2024-07-04 19:20:30'),(112,2,'2024-06-20 20:00:00','2024-06-20 20:30:00',1,'2024-06-21 19:40:56','2024-07-04 19:20:30'),(113,2,'2024-06-19 20:00:00','2024-06-19 21:00:00',1,'2024-06-21 19:42:52','2024-07-04 19:20:30'),(114,2,'2024-06-20 21:30:00','2024-06-21 01:00:00',0,'2024-06-21 20:03:13','2024-06-21 20:50:22'),(115,2,'2024-06-21 02:00:00','2024-06-21 02:30:00',1,'2024-06-21 20:03:13','2024-07-04 19:20:30'),(116,3,'2024-06-19 13:00:00','2024-06-19 16:00:00',0,'2024-06-21 20:43:08','2024-06-21 20:45:00'),(117,3,'2024-06-19 13:00:00','2024-06-19 13:30:00',1,'2024-06-21 20:45:01','2024-06-26 10:30:30'),(118,3,'2024-06-19 14:00:00','2024-06-19 16:00:00',0,'2024-06-21 20:45:01','2024-06-21 20:45:41'),(119,3,'2024-06-19 14:00:00','2024-06-19 14:30:00',1,'2024-06-21 20:45:41','2024-06-26 10:30:30'),(120,3,'2024-06-19 15:00:00','2024-06-19 16:00:00',1,'2024-06-21 20:45:41','2024-06-26 10:30:30'),(121,3,'2024-06-21 13:00:00','2024-06-21 19:00:00',0,'2024-06-21 20:48:06','2024-06-21 20:48:17'),(122,3,'2024-06-21 13:00:00','2024-06-21 14:00:00',0,'2024-06-21 20:48:18','2024-06-21 23:28:15'),(123,3,'2024-06-21 14:30:00','2024-06-21 19:00:00',0,'2024-06-21 20:48:18','2024-06-21 20:48:45'),(124,3,'2024-06-21 14:30:00','2024-06-21 16:00:00',0,'2024-06-21 20:48:46','2024-06-21 23:32:49'),(125,3,'2024-06-21 16:30:00','2024-06-21 19:00:00',0,'2024-06-21 20:48:46','2024-06-21 22:55:48'),(126,2,'2024-06-20 21:30:00','2024-06-21 00:00:00',1,'2024-06-21 20:50:22','2024-07-04 19:20:30'),(127,3,'2024-06-21 16:30:00','2024-06-21 18:30:00',0,'2024-06-21 22:55:48','2024-06-21 23:30:55'),(128,3,'2024-06-21 13:30:00','2024-06-21 14:00:00',1,'2024-06-21 23:28:15','2024-06-26 10:30:30'),(129,3,'2024-06-21 16:30:00','2024-06-21 17:00:00',1,'2024-06-21 23:30:56','2024-06-26 10:30:30'),(130,3,'2024-06-21 17:30:00','2024-06-21 18:30:00',1,'2024-06-21 23:30:56','2024-06-26 10:30:30'),(131,3,'2024-06-22 12:30:00','2024-06-22 23:30:00',0,'2024-06-21 23:31:31','2024-06-21 23:31:48'),(132,3,'2024-06-22 12:30:00','2024-06-22 13:30:00',1,'2024-06-21 23:31:48','2024-06-26 10:30:30'),(133,3,'2024-06-22 14:00:00','2024-06-22 23:30:00',0,'2024-06-21 23:31:48','2024-06-21 23:35:35'),(134,3,'2024-06-21 14:30:00','2024-06-21 15:00:00',1,'2024-06-21 23:32:50','2024-06-26 10:30:30'),(135,3,'2024-06-21 15:30:00','2024-06-21 16:00:00',1,'2024-06-21 23:32:50','2024-06-26 10:30:30'),(136,3,'2024-06-22 14:00:00','2024-06-22 16:30:00',0,'2024-06-21 23:35:35','2024-06-22 04:58:26'),(137,3,'2024-06-22 17:00:00','2024-06-22 23:30:00',0,'2024-06-21 23:35:35','2024-06-21 23:42:31'),(138,3,'2024-06-22 17:00:00','2024-06-22 19:30:00',1,'2024-06-21 23:42:31','2024-06-26 10:30:30'),(139,3,'2024-06-22 20:30:00','2024-06-22 23:30:00',1,'2024-06-21 23:42:31','2024-06-26 10:30:30'),(140,2,'2024-06-22 12:30:00','2024-06-22 14:00:00',0,'2024-06-22 03:14:21','2024-06-22 03:14:36'),(141,2,'2024-06-22 12:30:00','2024-06-22 13:00:00',1,'2024-06-22 03:14:37','2024-07-04 19:20:30'),(142,3,'2024-06-23 15:00:00','2024-06-23 19:00:00',0,'2024-06-22 03:51:21','2024-06-22 04:59:24'),(143,2,'2024-06-22 18:00:00','2024-06-22 20:30:00',0,'2024-06-22 04:06:51','2024-06-22 04:08:08'),(145,2,'2024-06-22 18:00:00','2024-06-22 20:30:00',0,'2024-06-22 04:09:42','2024-06-22 04:09:58'),(146,2,'2024-06-22 18:00:00','2024-06-22 20:30:00',0,'2024-06-22 04:09:58','2024-06-22 04:11:09'),(147,2,'2024-06-22 18:00:00','2024-06-22 20:30:00',0,'2024-06-22 04:11:09','2024-06-22 04:12:27'),(148,2,'2024-06-22 18:30:00','2024-06-22 20:30:00',0,'2024-06-22 04:12:27','2024-06-22 04:15:56'),(149,2,'2024-06-22 18:00:00','2024-06-22 20:30:00',0,'2024-06-22 04:15:56','2024-06-22 04:19:04'),(150,2,'2024-06-22 18:00:00','2024-06-22 18:30:00',0,'2024-06-22 04:19:04','2024-06-22 05:55:08'),(151,3,'2024-06-22 15:00:00','2024-06-22 16:30:00',1,'2024-06-22 04:58:26','2024-06-26 10:30:30'),(152,3,'2024-06-23 16:00:00','2024-06-23 19:00:00',0,'2024-06-22 04:59:24','2024-06-22 05:56:26'),(153,3,'2024-06-23 16:00:00','2024-06-23 16:30:00',0,'2024-06-22 05:56:26','2024-06-22 06:06:40'),(154,3,'2024-06-23 17:30:00','2024-06-23 19:00:00',0,'2024-06-22 05:56:26','2024-06-22 06:05:40'),(155,2,'2024-06-22 17:30:00','2024-06-22 21:00:00',0,'2024-06-22 06:02:43','2024-06-22 06:03:03'),(157,3,'2024-06-23 17:30:00','2024-06-23 18:00:00',1,'2024-06-22 06:05:40','2024-06-26 10:30:30'),(158,2,'2024-06-22 17:30:00','2024-06-22 21:00:00',0,'2024-06-22 06:07:17','2024-06-22 06:08:31'),(159,2,'2024-06-22 19:30:00','2024-06-22 21:00:00',0,'2024-06-22 06:08:31','2024-06-22 06:14:20'),(160,2,'2024-06-22 17:30:00','2024-06-22 21:30:00',0,'2024-06-22 06:19:47','2024-06-22 06:20:15'),(161,2,'2024-06-22 15:00:00','2024-06-22 21:30:00',0,'2024-06-22 06:20:16','2024-06-22 06:44:16'),(162,2,'2024-06-22 17:30:00','2024-06-22 21:30:00',0,'2024-06-22 06:44:17','2024-06-22 06:45:09'),(163,2,'2024-06-22 17:30:00','2024-06-22 18:30:00',1,'2024-06-22 06:45:09','2024-07-04 19:20:30'),(164,2,'2024-06-22 21:00:00','2024-06-22 21:30:00',1,'2024-06-22 06:45:09','2024-07-04 19:20:30'),(165,2,'2024-06-23 14:30:00','2024-06-24 00:30:00',0,'2024-06-22 06:45:54','2024-06-22 06:46:13'),(166,2,'2024-06-23 14:30:00','2024-06-23 17:00:00',0,'2024-06-22 06:46:13','2024-06-22 07:08:32'),(167,2,'2024-06-23 18:30:00','2024-06-24 00:30:00',0,'2024-06-22 06:46:13','2024-06-22 07:11:11'),(168,2,'2024-06-23 14:30:00','2024-06-23 15:00:00',0,'2024-06-22 07:08:32','2024-06-22 21:51:42'),(169,2,'2024-06-23 16:30:00','2024-06-23 17:00:00',0,'2024-06-22 07:08:32','2024-06-22 21:50:05'),(170,2,'2024-06-23 18:30:00','2024-06-23 19:00:00',0,'2024-06-22 07:11:11','2024-06-22 21:34:46'),(171,2,'2024-06-23 18:00:00','2024-06-24 00:30:00',0,'2024-06-22 07:11:11','2024-06-22 07:12:30'),(172,2,'2024-06-23 18:00:00','2024-06-23 18:30:00',0,'2024-06-22 07:12:30','2024-06-22 21:50:17'),(173,2,'2024-06-23 20:30:00','2024-06-24 00:30:00',0,'2024-06-22 07:12:30','2024-06-22 07:25:34'),(174,2,'2024-06-23 20:30:00','2024-06-23 21:00:00',0,'2024-06-22 07:25:34','2024-06-22 21:50:24'),(175,2,'2024-06-23 22:30:00','2024-06-24 00:30:00',0,'2024-06-22 07:25:34','2024-06-22 21:27:17'),(176,2,'2024-06-23 13:30:00','2024-06-24 01:30:00',0,'2024-06-22 21:27:17','2024-06-22 21:49:58'),(177,2,'2024-06-23 15:00:00','2024-06-24 01:30:00',0,'2024-06-22 21:49:58','2024-06-22 21:51:52'),(178,2,'2024-06-23 15:00:00','2024-06-23 19:30:00',1,'2024-06-22 21:51:52','2024-07-04 19:20:30'),(179,2,'2024-06-23 21:30:00','2024-06-24 01:30:00',1,'2024-06-22 21:51:52','2024-07-04 19:20:30'),(180,2,'2024-06-25 14:00:00','2024-06-25 18:00:00',0,'2024-06-24 06:25:02','2024-06-24 06:25:12'),(181,2,'2024-06-25 16:00:00','2024-06-25 18:00:00',0,'2024-06-24 06:25:12','2024-06-26 05:50:31'),(182,139,'2024-06-26 14:00:00','2024-06-26 23:30:00',0,'2024-06-24 17:20:46','2024-06-24 17:20:58'),(183,139,'2024-06-27 14:00:00','2024-06-27 23:30:00',0,'2024-06-24 17:20:46','2024-06-28 19:23:43'),(184,139,'2024-06-28 14:00:00','2024-06-28 15:00:00',1,'2024-06-24 17:20:46','2024-07-04 18:52:13'),(185,139,'2024-06-29 14:00:00','2024-06-29 23:30:00',0,'2024-06-24 17:20:46','2024-06-28 03:14:19'),(186,139,'2024-06-30 14:00:00','2024-06-30 23:30:00',0,'2024-06-24 17:20:46','2024-06-28 22:56:50'),(187,139,'2024-06-26 14:00:00','2024-06-26 16:00:00',1,'2024-06-24 17:20:59','2024-07-04 18:52:13'),(188,139,'2024-06-26 18:00:00','2024-06-26 23:30:00',0,'2024-06-24 17:20:59','2024-06-24 18:41:47'),(189,139,'2024-06-26 18:00:00','2024-06-26 19:00:00',1,'2024-06-24 18:41:47','2024-07-04 18:52:13'),(190,139,'2024-06-26 21:00:00','2024-06-26 23:30:00',0,'2024-06-24 18:41:47','2024-06-28 19:36:22'),(191,2,'2024-06-26 16:00:00','2024-06-26 19:30:00',0,'2024-06-25 01:16:13','2024-06-25 01:16:28'),(192,2,'2024-06-26 12:30:00','2024-06-26 17:00:00',0,'2024-06-25 01:16:28','2024-06-27 04:55:10'),(194,2,'2024-06-27 14:00:00','2024-06-27 21:30:00',0,'2024-06-25 01:17:45','2024-06-26 05:50:15'),(195,2,'2024-06-27 14:00:00','2024-06-27 15:00:00',1,'2024-06-26 05:50:15','2024-07-04 19:20:30'),(196,2,'2024-06-27 17:30:00','2024-06-27 21:30:00',0,'2024-06-26 05:50:15','2024-06-28 16:53:06'),(197,2,'2024-06-25 17:30:00','2024-06-25 18:00:00',0,'2024-06-26 05:50:31','2024-06-26 05:53:30'),(198,2,'2024-06-25 13:00:00','2024-06-25 15:30:00',0,'2024-06-26 06:50:34','2024-06-26 06:50:45'),(199,2,'2024-06-25 15:00:00','2024-06-25 15:30:00',0,'2024-06-26 06:50:45','2024-06-30 07:17:41'),(200,2,'2024-06-25 18:00:00','2024-06-25 21:00:00',0,'2024-06-26 06:53:00','2024-06-26 06:53:10'),(201,2,'2024-06-25 18:00:00','2024-06-25 18:30:00',0,'2024-06-26 06:53:10','2024-06-30 07:15:14'),(202,2,'2024-06-25 20:00:00','2024-06-25 21:00:00',0,'2024-06-26 06:53:10','2024-06-29 09:04:21'),(203,3,'2024-06-25 13:30:00','2024-06-28 19:30:00',1,'2024-06-26 10:30:30','2024-06-26 10:30:30'),(204,2,'2024-06-28 13:00:00','2024-06-28 23:30:00',0,'2024-06-26 10:44:51','2024-06-27 04:50:22'),(212,2,'2024-06-29 13:30:00','2024-06-29 21:00:00',0,'2024-06-27 02:31:45','2024-06-29 00:30:41'),(213,2,'2024-06-28 13:00:00','2024-06-28 14:00:00',0,'2024-06-27 04:50:22','2024-06-29 01:44:14'),(214,2,'2024-06-28 15:00:00','2024-06-28 23:30:00',0,'2024-06-27 04:50:22','2024-06-28 17:17:12'),(215,2,'2024-06-26 12:30:00','2024-06-26 13:00:00',1,'2024-06-27 04:55:10','2024-07-04 19:20:30'),(216,2,'2024-06-26 14:00:00','2024-06-26 17:00:00',0,'2024-06-27 04:55:10','2024-06-27 06:08:24'),(217,2,'2024-06-26 14:00:00','2024-06-26 15:00:00',1,'2024-06-27 06:08:26','2024-07-04 19:20:30'),(218,2,'2024-06-26 15:30:00','2024-06-26 17:00:00',0,'2024-06-27 06:08:26','2024-06-28 01:42:56'),(219,2,'2024-06-26 15:30:00','2024-06-26 18:00:00',1,'2024-06-28 01:42:56','2024-07-04 19:20:30'),(220,139,'2024-06-29 14:00:00','2024-06-29 16:00:00',0,'2024-06-28 03:14:19','2024-06-28 19:22:48'),(221,139,'2024-06-29 17:00:00','2024-06-29 23:30:00',0,'2024-06-28 03:14:19','2024-06-29 02:13:01'),(222,2,'2024-06-27 17:30:00','2024-06-27 20:30:00',0,'2024-06-28 16:53:06','2024-06-30 08:36:03'),(223,2,'2024-06-27 21:30:00','2024-06-28 00:30:00',0,'2024-06-28 17:15:52','2024-06-28 21:15:16'),(224,2,'2024-07-04 22:30:00','2024-07-05 00:30:00',0,'2024-06-28 17:15:52','2024-07-03 04:17:36'),(225,2,'2024-07-08 12:00:00','2024-07-14 14:00:00',0,'2024-06-28 17:15:52','2024-07-04 03:03:24'),(226,2,'2024-07-18 12:00:00','2024-07-19 03:00:00',1,'2024-06-28 17:15:52','2024-07-04 19:20:30'),(227,2,'2024-07-29 12:00:00','2024-07-30 03:00:00',1,'2024-06-28 17:15:52','2024-07-04 19:20:30'),(228,2,'2024-08-29 13:30:00','2024-08-29 21:00:00',1,'2024-06-28 17:15:52','2024-07-04 19:20:30'),(229,2,'2024-07-25 15:30:00','2024-07-26 01:30:00',0,'2024-06-28 17:15:52','2024-07-04 07:15:36'),(230,2,'2024-06-28 15:00:00','2024-06-28 16:00:00',0,'2024-06-28 17:17:12','2024-06-29 01:43:52'),(231,2,'2024-06-28 17:00:00','2024-06-28 23:30:00',0,'2024-06-28 17:17:12','2024-06-28 18:32:02'),(232,2,'2024-06-28 17:00:00','2024-06-28 22:00:00',0,'2024-06-28 18:32:03','2024-06-28 21:16:14'),(233,2,'2024-06-28 23:00:00','2024-06-28 23:30:00',0,'2024-06-28 18:32:03','2024-06-29 00:28:54'),(234,139,'2024-06-29 14:00:00','2024-06-29 14:30:00',1,'2024-06-28 19:22:48','2024-07-04 18:52:13'),(235,139,'2024-06-29 15:30:00','2024-06-29 16:00:00',1,'2024-06-28 19:22:48','2024-07-04 18:52:14'),(236,139,'2024-06-27 14:00:00','2024-06-27 16:00:00',0,'2024-06-28 19:23:43','2024-06-28 19:39:56'),(237,139,'2024-06-27 17:30:00','2024-06-27 23:30:00',0,'2024-06-28 19:23:43','2024-06-28 19:29:30'),(238,139,'2024-06-27 17:30:00','2024-06-27 21:30:00',0,'2024-06-28 19:29:30','2024-06-28 19:47:36'),(239,139,'2024-06-27 22:30:00','2024-06-27 23:30:00',1,'2024-06-28 19:29:30','2024-07-04 18:52:14'),(241,139,'2024-06-26 21:00:00','2024-06-26 22:30:00',1,'2024-06-28 19:36:23','2024-07-04 18:52:14'),(242,139,'2024-06-27 15:00:00','2024-06-27 16:00:00',1,'2024-06-28 19:39:57','2024-07-04 18:52:14'),(243,139,'2024-06-27 17:30:00','2024-06-27 19:00:00',1,'2024-06-28 19:47:36','2024-07-04 18:52:14'),(244,139,'2024-06-27 20:00:00','2024-06-27 21:30:00',1,'2024-06-28 19:47:36','2024-07-04 18:52:14'),(245,2,'2024-06-27 21:30:00','2024-06-27 23:00:00',1,'2024-06-28 21:15:16','2024-07-04 19:20:30'),(247,2,'2024-06-28 17:00:00','2024-06-28 20:30:00',0,'2024-06-28 21:16:14','2024-06-28 23:28:47'),(248,2,'2024-06-28 21:00:00','2024-06-28 22:00:00',0,'2024-06-28 21:16:14','2024-06-28 22:21:56'),(249,2,'2024-06-28 21:30:00','2024-06-28 22:00:00',0,'2024-06-28 22:21:56','2024-06-29 00:47:48'),(250,139,'2024-06-30 14:00:00','2024-06-30 15:00:00',1,'2024-06-28 22:56:50','2024-07-04 18:52:14'),(251,139,'2024-06-30 15:30:00','2024-06-30 23:30:00',0,'2024-06-28 22:56:50','2024-06-29 01:49:36'),(252,2,'2024-06-28 17:00:00','2024-06-28 20:00:00',0,'2024-06-28 23:28:47','2024-06-28 23:35:38'),(253,2,'2024-06-28 17:00:00','2024-06-28 18:30:00',0,'2024-06-28 23:35:38','2024-06-29 00:06:03'),(254,2,'2024-06-28 19:00:00','2024-06-28 20:00:00',0,'2024-06-28 23:35:38','2024-06-29 00:27:58'),(255,2,'2024-06-28 17:00:00','2024-06-28 17:30:00',0,'2024-06-29 00:06:04','2024-06-29 01:44:21'),(256,2,'2024-06-28 18:00:00','2024-06-28 18:30:00',0,'2024-06-29 00:06:04','2024-06-29 01:44:27'),(257,2,'2024-06-28 19:30:00','2024-06-28 20:00:00',0,'2024-06-29 00:27:58','2024-06-29 01:53:08'),(258,2,'2024-06-29 13:30:00','2024-06-29 20:30:00',0,'2024-06-29 00:30:42','2024-06-29 01:47:47'),(259,2,'2024-06-29 00:00:00','2024-06-29 00:30:00',0,'2024-06-29 00:31:08','2024-06-29 00:31:27'),(260,2,'2024-06-28 23:30:00','2024-06-29 00:30:00',0,'2024-06-29 00:31:13','2024-06-29 00:46:18'),(261,2,'2024-06-29 00:00:00','2024-06-29 03:00:00',0,'2024-06-29 00:46:19','2024-06-29 01:48:11'),(262,2,'2024-06-28 15:30:00','2024-06-28 16:00:00',0,'2024-06-29 01:43:52','2024-06-29 01:44:05'),(263,2,'2024-06-29 13:30:00','2024-06-29 16:00:00',0,'2024-06-29 01:47:45','2024-06-29 09:04:05'),(264,2,'2024-06-29 18:30:00','2024-06-29 20:30:00',0,'2024-06-29 01:47:45','2024-06-29 17:56:07'),(265,2,'2024-06-29 00:00:00','2024-06-29 01:00:00',1,'2024-06-29 01:48:11','2024-07-04 19:20:30'),(266,2,'2024-06-29 01:30:00','2024-06-29 03:00:00',0,'2024-06-29 01:48:11','2024-06-29 03:34:22'),(267,165,'2024-06-27 13:00:00','2024-06-28 00:30:00',1,'2024-06-29 01:48:23','2024-06-29 02:16:33'),(268,166,'2024-06-24 14:30:00','2024-06-24 18:00:00',1,'2024-06-29 01:48:45','2024-06-29 01:48:45'),(269,166,'2024-06-27 15:00:00','2024-06-27 19:30:00',1,'2024-06-29 01:48:45','2024-06-29 01:48:45'),(270,166,'2024-06-26 14:00:00','2024-06-26 21:30:00',1,'2024-06-29 01:48:45','2024-06-29 01:48:45'),(271,139,'2024-06-30 15:30:00','2024-06-30 22:00:00',0,'2024-06-29 01:49:37','2024-06-29 02:09:59'),(272,139,'2024-06-30 23:00:00','2024-06-30 23:30:00',1,'2024-06-29 01:49:37','2024-07-04 18:52:14'),(273,2,'2024-06-30 15:00:00','2024-06-30 20:00:00',0,'2024-06-29 01:50:04','2024-06-29 01:50:19'),(274,2,'2024-06-30 15:00:00','2024-06-30 17:00:00',0,'2024-06-29 01:50:19','2024-06-30 06:51:11'),(275,2,'2024-06-30 18:00:00','2024-06-30 20:00:00',0,'2024-06-29 01:50:19','2024-06-30 23:18:25'),(276,2,'2024-07-01 13:30:00','2024-07-01 17:00:00',0,'2024-06-29 01:57:00','2024-07-04 00:26:28'),(277,2,'2024-06-30 22:00:00','2024-07-01 01:30:00',0,'2024-06-29 01:57:42','2024-06-29 01:57:52'),(278,2,'2024-06-30 22:00:00','2024-06-30 23:30:00',1,'2024-06-29 01:57:52','2024-07-04 19:20:30'),(279,2,'2024-07-01 01:00:00','2024-07-01 01:30:00',1,'2024-06-29 01:57:52','2024-07-04 19:20:30'),(280,139,'2024-06-30 15:30:00','2024-06-30 19:00:00',1,'2024-06-29 02:09:59','2024-07-04 18:52:14'),(281,139,'2024-06-30 20:00:00','2024-06-30 22:00:00',1,'2024-06-29 02:09:59','2024-07-04 18:52:14'),(282,139,'2024-06-29 17:00:00','2024-06-29 18:00:00',1,'2024-06-29 02:13:01','2024-07-04 18:52:14'),(284,165,'2024-06-28 13:00:00','2024-06-29 00:30:00',1,'2024-06-29 02:16:33','2024-06-29 02:16:33'),(285,165,'2024-06-30 13:00:00','2024-07-01 00:30:00',1,'2024-06-29 02:16:33','2024-06-29 02:16:33'),(286,165,'2024-06-26 13:00:00','2024-06-27 00:30:00',1,'2024-06-29 02:16:33','2024-06-29 02:16:33'),(287,165,'2024-06-29 13:00:00','2024-06-30 00:30:00',1,'2024-06-29 02:16:33','2024-06-29 02:16:33'),(288,2,'2024-06-29 01:30:00','2024-06-29 02:30:00',1,'2024-06-29 03:34:22','2024-07-04 19:20:30'),(289,2,'2024-06-29 13:30:00','2024-06-29 14:30:00',0,'2024-06-29 09:04:05','2024-06-29 17:05:43'),(290,2,'2024-06-29 15:30:00','2024-06-29 16:00:00',0,'2024-06-29 09:04:05','2024-06-29 16:57:37'),(291,2,'2024-06-29 13:30:00','2024-06-29 14:00:00',0,'2024-06-29 17:05:43','2024-06-29 17:18:53'),(292,2,'2024-06-29 18:30:00','2024-06-29 19:00:00',0,'2024-06-29 17:56:07','2024-06-29 21:54:59'),(293,2,'2024-06-29 12:00:00','2024-06-29 21:00:00',0,'2024-06-29 17:56:07','2024-06-29 18:02:25'),(294,2,'2024-06-29 12:00:00','2024-06-29 12:30:00',1,'2024-06-29 18:02:25','2024-07-04 19:20:30'),(295,2,'2024-06-29 13:00:00','2024-06-29 21:00:00',0,'2024-06-29 18:02:25','2024-06-29 19:39:09'),(296,2,'2024-06-29 13:30:00','2024-06-29 21:00:00',0,'2024-06-29 19:39:09','2024-06-29 21:30:41'),(297,2,'2024-06-29 13:30:00','2024-06-29 20:00:00',0,'2024-06-29 21:30:42','2024-06-29 21:54:11'),(298,2,'2024-06-29 20:30:00','2024-06-29 22:00:00',0,'2024-06-29 21:30:42','2024-06-29 21:58:20'),(300,2,'2024-06-29 13:30:00','2024-06-29 19:30:00',1,'2024-06-29 21:54:11','2024-07-04 19:20:30'),(301,2,'2024-06-29 20:30:00','2024-06-29 21:00:00',1,'2024-06-29 21:58:20','2024-07-04 19:20:30'),(302,2,'2024-06-29 21:30:00','2024-06-29 22:00:00',0,'2024-06-29 21:58:20','2024-06-29 22:23:56'),(303,2,'2024-06-29 22:00:00','2024-06-30 02:00:00',0,'2024-06-29 22:51:46','2024-06-29 22:51:57'),(304,2,'2024-06-29 22:30:00','2024-06-30 02:00:00',0,'2024-06-29 22:51:58','2024-06-29 23:02:33'),(305,2,'2024-06-29 23:00:00','2024-06-30 02:00:00',0,'2024-06-29 23:02:33','2024-06-30 03:16:13'),(306,2,'2024-06-29 23:30:00','2024-06-30 02:00:00',0,'2024-06-30 03:16:14','2024-06-30 23:45:56'),(307,2,'2024-06-30 16:00:00','2024-06-30 17:00:00',1,'2024-06-30 06:51:11','2024-07-04 19:20:30'),(308,2,'2023-08-05 05:00:00','2023-08-06 05:00:00',1,'2024-06-30 07:21:39','2024-07-04 19:20:30'),(309,2,'2023-08-05 13:00:00','2023-08-05 16:30:00',1,'2024-06-30 07:29:30','2024-07-04 19:20:30'),(310,2,'2023-08-05 17:00:00','2023-08-05 21:30:00',1,'2024-06-30 07:29:30','2024-07-04 19:20:30'),(311,2,'2023-08-05 22:00:00','2023-08-05 22:30:00',1,'2024-06-30 07:29:47','2024-07-04 19:20:30'),(312,2,'2024-06-27 17:30:00','2024-06-27 18:30:00',1,'2024-06-30 08:36:03','2024-07-04 19:20:30'),(313,2,'2024-06-27 19:00:00','2024-06-27 20:30:00',1,'2024-06-30 08:36:03','2024-07-04 19:20:30'),(314,2,'2024-06-30 18:00:00','2024-06-30 19:30:00',1,'2024-06-30 23:18:26','2024-07-04 19:20:30'),(315,2,'2024-06-29 23:30:00','2024-06-30 00:30:00',1,'2024-06-30 23:45:56','2024-07-04 19:20:30'),(316,2,'2024-06-30 01:00:00','2024-06-30 02:00:00',0,'2024-06-30 23:45:56','2024-06-30 23:48:27'),(317,2,'2024-06-30 01:00:00','2024-06-30 01:30:00',1,'2024-06-30 23:48:27','2024-07-04 19:20:30'),(318,226,'2024-07-04 15:00:00','2024-07-04 18:00:00',1,'2024-07-03 02:51:58','2024-07-03 02:52:31'),(320,226,'2024-07-05 15:00:00','2024-07-05 19:00:00',1,'2024-07-03 02:52:31','2024-07-03 02:52:31'),(321,144,'2024-07-02 13:00:00','2024-07-02 20:00:00',1,'2024-07-03 03:23:53','2024-07-03 03:23:53'),(322,225,'2024-07-02 14:00:00','2024-07-04 17:30:00',0,'2024-07-03 03:27:20','2024-07-03 06:12:36'),(323,225,'2024-07-05 13:00:00','2024-07-05 15:00:00',1,'2024-07-03 03:55:45','2024-07-03 04:21:40'),(324,225,'2024-07-05 21:00:00','2024-07-05 22:00:00',1,'2024-07-03 04:02:35','2024-07-03 04:21:40'),(325,225,'2024-07-05 15:00:00','2024-07-05 19:30:00',0,'2024-07-03 04:11:06','2024-07-03 06:15:11'),(326,225,'2024-07-06 15:30:00','2024-07-06 17:30:00',1,'2024-07-03 04:13:34','2024-07-03 04:21:40'),(327,225,'2024-07-06 18:00:00','2024-07-06 20:00:00',1,'2024-07-03 04:17:03','2024-07-03 04:21:40'),(330,225,'2024-07-04 19:30:00','2024-07-04 21:30:00',0,'2024-07-03 04:17:59','2024-07-03 06:15:01'),(331,225,'2024-07-06 21:30:00','2024-07-07 00:30:00',1,'2024-07-03 04:19:09','2024-07-03 04:21:40'),(332,225,'2024-07-01 17:00:00','2024-07-01 19:30:00',1,'2024-07-03 04:21:40','2024-07-03 04:21:40'),(336,2,'2024-07-01 18:00:00','2024-07-02 03:00:00',0,'2024-07-03 05:31:54','2024-07-04 02:25:49'),(337,225,'2024-07-02 14:00:00','2024-07-02 16:00:00',1,'2024-07-03 06:12:36','2024-07-03 06:12:36'),(338,225,'2024-07-02 17:00:00','2024-07-04 17:30:00',0,'2024-07-03 06:12:36','2024-07-03 06:13:17'),(339,225,'2024-07-02 17:00:00','2024-07-03 16:00:00',0,'2024-07-03 06:13:18','2024-07-03 06:14:57'),(340,225,'2024-07-03 17:00:00','2024-07-04 17:30:00',0,'2024-07-03 06:13:18','2024-07-03 06:14:52'),(341,225,'2024-07-03 17:00:00','2024-07-03 18:30:00',1,'2024-07-03 06:14:52','2024-07-03 06:14:52'),(342,225,'2024-07-03 19:30:00','2024-07-04 17:30:00',1,'2024-07-03 06:14:52','2024-07-03 06:14:52'),(343,225,'2024-07-02 17:00:00','2024-07-02 19:30:00',1,'2024-07-03 06:14:57','2024-07-03 06:14:57'),(344,225,'2024-07-02 20:30:00','2024-07-03 16:00:00',1,'2024-07-03 06:14:57','2024-07-03 06:14:57'),(345,225,'2024-07-04 19:30:00','2024-07-04 20:00:00',1,'2024-07-03 06:15:01','2024-07-03 06:15:01'),(346,225,'2024-07-04 21:00:00','2024-07-04 21:30:00',1,'2024-07-03 06:15:01','2024-07-03 06:15:01'),(347,225,'2024-07-05 15:00:00','2024-07-05 18:30:00',1,'2024-07-03 06:15:11','2024-07-03 06:15:11'),(348,225,'2024-07-05 19:00:00','2024-07-05 19:30:00',1,'2024-07-03 06:15:11','2024-07-03 06:15:11'),(349,2,'2024-07-05 12:30:00','2024-07-06 00:30:00',0,'2024-07-03 17:06:12','2024-07-03 17:09:11'),(352,2,'2024-07-02 12:00:00','2024-07-02 16:30:00',0,'2024-07-03 17:09:11','2024-07-04 02:24:00'),(353,2,'2024-07-06 14:30:00','2024-07-06 20:00:00',0,'2024-07-03 17:09:54','2024-07-03 18:01:06'),(354,2,'2024-07-04 17:00:00','2024-07-05 01:00:00',0,'2024-07-03 18:01:06','2024-07-04 02:10:52'),(355,2,'2024-07-04 13:30:00','2024-07-04 16:30:00',0,'2024-07-03 18:01:06','2024-07-04 16:39:41'),(360,2,'2024-07-03 22:30:00','2024-07-04 02:00:00',0,'2024-07-04 01:40:06','2024-07-04 02:16:17'),(363,2,'2024-07-03 05:00:00','2024-07-03 13:00:00',0,'2024-07-04 01:40:06','2024-07-04 18:57:07'),(368,2,'2024-07-25 02:00:00','2024-07-25 04:30:00',1,'2024-07-04 01:46:14','2024-07-04 19:20:30'),(369,2,'2024-07-31 18:00:00','2024-07-31 21:30:00',1,'2024-07-04 01:46:14','2024-07-04 19:20:30'),(370,2,'2024-07-01 12:00:00','2024-07-01 13:00:00',1,'2024-07-04 01:46:14','2024-07-04 19:20:30'),(371,2,'2024-08-01 12:00:00','2024-08-01 13:00:00',1,'2024-07-04 01:46:14','2024-07-04 19:20:30'),(372,2,'2024-09-01 12:00:00','2024-09-01 13:00:00',1,'2024-07-04 01:46:14','2024-07-04 19:20:30'),(374,2,'2024-07-07 12:00:00','2024-07-07 22:00:00',0,'2024-07-04 01:49:06','2024-07-04 02:10:43'),(375,2,'2024-08-07 12:00:00','2024-08-07 22:00:00',1,'2024-07-04 01:49:06','2024-07-04 19:20:30'),(376,2,'2024-09-07 12:00:00','2024-09-07 22:00:00',1,'2024-07-04 01:49:06','2024-07-04 19:20:30'),(377,2,'2024-10-07 12:00:00','2024-10-07 22:00:00',1,'2024-07-04 01:49:06','2024-07-04 19:20:30'),(378,2,'2024-11-07 12:00:00','2024-11-07 22:00:00',1,'2024-07-04 01:49:07','2024-07-04 19:20:30'),(379,2,'2024-12-07 12:00:00','2024-12-07 22:00:00',1,'2024-07-04 01:49:07','2024-07-04 19:20:30'),(380,2,'2024-07-02 17:30:00','2024-07-02 20:30:00',0,'2024-07-04 01:59:52','2024-07-04 02:35:15'),(381,2,'2024-07-02 22:30:00','2024-07-03 03:00:00',0,'2024-07-04 01:59:52','2024-07-04 02:39:46'),(382,2,'2024-07-05 22:30:00','2024-07-06 01:00:00',0,'2024-07-04 01:59:52','2024-07-04 02:39:23'),(383,2,'2024-07-06 22:30:00','2024-07-07 01:00:00',0,'2024-07-04 01:59:52','2024-07-04 02:39:37'),(384,2,'2024-07-01 15:00:00','2024-07-01 16:30:00',1,'2024-07-04 02:00:18','2024-07-04 19:20:30'),(385,2,'2024-07-03 15:00:00','2024-07-03 16:30:00',0,'2024-07-04 02:00:18','2024-07-04 02:42:16'),(387,2,'2024-07-06 15:00:00','2024-07-06 16:30:00',0,'2024-07-04 02:00:18','2024-07-04 02:10:13'),(388,2,'2024-07-06 12:00:00','2024-07-06 20:00:00',0,'2024-07-04 02:10:13','2024-07-04 16:51:31'),(389,2,'2024-07-07 14:00:00','2024-07-07 22:00:00',0,'2024-07-04 02:10:44','2024-07-04 02:26:45'),(390,2,'2024-07-04 17:00:00','2024-07-04 20:00:00',0,'2024-07-04 02:10:52','2024-07-04 02:36:21'),(392,2,'2024-07-03 22:30:00','2024-07-04 01:00:00',0,'2024-07-04 02:16:17','2024-07-04 02:20:13'),(394,2,'2024-07-01 18:00:00','2024-07-01 19:30:00',1,'2024-07-04 02:25:49','2024-07-04 19:20:30'),(395,2,'2024-07-01 23:30:00','2024-07-02 03:00:00',0,'2024-07-04 02:25:49','2024-07-04 02:39:58'),(396,2,'2024-07-07 14:00:00','2024-07-07 21:00:00',0,'2024-07-04 02:26:46','2024-07-04 02:43:02'),(397,2,'2024-07-02 17:30:00','2024-07-02 18:00:00',1,'2024-07-04 02:35:15','2024-07-04 19:20:30'),(398,2,'2024-07-02 18:30:00','2024-07-02 20:30:00',0,'2024-07-04 02:35:15','2024-07-04 02:36:15'),(399,2,'2024-07-02 19:00:00','2024-07-02 22:00:00',0,'2024-07-04 02:36:15','2024-07-04 19:26:39'),(400,2,'2024-07-04 17:00:00','2024-07-04 21:30:00',0,'2024-07-04 02:36:21','2024-07-04 19:14:49'),(401,2,'2024-07-04 18:30:00','2024-07-04 20:00:00',0,'2024-07-04 02:36:21','2024-07-04 02:36:37'),(403,2,'2024-07-05 22:30:00','2024-07-05 23:00:00',1,'2024-07-04 02:39:23','2024-07-04 19:20:31'),(405,2,'2024-07-06 22:30:00','2024-07-06 23:00:00',1,'2024-07-04 02:39:38','2024-07-04 19:20:31'),(406,2,'2024-07-06 23:30:00','2024-07-07 01:00:00',1,'2024-07-04 02:39:38','2024-07-04 19:20:31'),(407,2,'2024-07-02 22:30:00','2024-07-02 23:00:00',0,'2024-07-04 02:39:47','2024-07-04 19:09:43'),(408,2,'2024-07-02 23:30:00','2024-07-03 03:00:00',0,'2024-07-04 02:39:47','2024-07-04 18:56:58'),(409,2,'2024-07-01 23:30:00','2024-07-02 00:30:00',1,'2024-07-04 02:39:59','2024-07-04 19:20:31'),(411,2,'2024-07-03 15:00:00','2024-07-03 15:30:00',1,'2024-07-04 02:42:16','2024-07-04 19:20:31'),(417,2,'2024-07-12 12:30:00','2024-07-12 22:30:00',0,'2024-07-04 02:45:11','2024-07-04 03:07:32'),(423,2,'2024-07-08 14:30:00','2024-07-08 17:30:00',0,'2024-07-04 02:46:32','2024-07-04 03:03:57'),(424,2,'2024-07-08 19:00:00','2024-07-08 20:30:00',0,'2024-07-04 02:46:32','2024-07-04 03:03:42'),(427,2,'2024-07-24 13:00:00','2024-07-24 16:30:00',1,'2024-07-04 02:52:06','2024-07-04 19:20:31'),(428,2,'2024-07-23 12:30:00','2024-07-23 16:30:00',1,'2024-07-04 02:52:06','2024-07-04 19:20:31'),(429,2,'2024-07-26 18:30:00','2024-07-27 04:00:00',1,'2024-07-04 02:52:06','2024-07-04 19:20:31'),(430,2,'2024-07-22 12:00:00','2024-07-23 03:00:00',1,'2024-07-04 02:52:06','2024-07-04 19:20:31'),(431,2,'2024-07-27 12:00:00','2024-07-27 23:00:00',1,'2024-07-04 02:52:07','2024-07-04 19:20:31'),(432,2,'2024-07-28 14:00:00','2024-07-28 21:30:00',1,'2024-07-04 02:52:07','2024-07-04 19:20:31'),(436,2,'2024-07-08 12:00:00','2024-07-09 03:00:00',0,'2024-07-04 02:56:11','2024-07-04 03:05:03'),(437,2,'2024-07-15 12:00:00','2024-07-16 03:00:00',0,'2024-07-04 02:56:11','2024-07-04 03:29:28'),(438,2,'2024-07-11 14:30:00','2024-07-11 18:00:00',0,'2024-07-04 02:57:39','2024-07-04 03:07:13'),(439,2,'2024-07-25 13:00:00','2024-07-25 15:00:00',1,'2024-07-04 02:57:39','2024-07-04 19:20:31'),(440,2,'2024-08-01 16:30:00','2024-08-01 20:00:00',1,'2024-07-04 02:57:39','2024-07-04 19:20:31'),(448,2,'2024-07-23 17:00:00','2024-07-23 19:00:00',1,'2024-07-04 02:59:32','2024-07-04 19:20:31'),(449,2,'2024-07-24 19:30:00','2024-07-24 21:30:00',1,'2024-07-04 02:59:32','2024-07-04 19:20:31'),(450,2,'2024-07-24 17:00:00','2024-07-24 18:30:00',1,'2024-07-04 02:59:32','2024-07-04 19:20:31'),(451,2,'2024-07-26 15:30:00','2024-07-26 17:00:00',1,'2024-07-04 02:59:32','2024-07-04 19:20:31'),(452,2,'2024-07-09 18:00:00','2024-07-09 20:00:00',0,'2024-07-04 02:59:32','2024-07-04 04:14:03'),(453,2,'2024-07-16 20:30:00','2024-07-16 22:30:00',0,'2024-07-04 02:59:32','2024-07-04 18:55:20'),(454,2,'2024-07-30 18:00:00','2024-07-30 20:00:00',1,'2024-07-04 02:59:32','2024-07-04 19:20:31'),(457,2,'2024-07-10 15:00:00','2024-07-10 21:30:00',0,'2024-07-04 03:01:06','2024-07-04 03:06:06'),(465,2,'2024-07-15 15:30:00','2024-07-15 16:30:00',1,'2024-07-04 03:03:06','2024-07-04 19:20:31'),(466,2,'2024-07-16 15:00:00','2024-07-16 16:30:00',0,'2024-07-04 03:03:06','2024-07-04 03:31:48'),(467,2,'2024-07-23 20:00:00','2024-07-23 22:30:00',1,'2024-07-04 03:03:06','2024-07-04 19:20:31'),(468,2,'2024-07-24 23:00:00','2024-07-25 00:00:00',1,'2024-07-04 03:03:06','2024-07-04 19:20:31'),(479,2,'2024-07-14 16:00:00','2024-07-14 23:30:00',1,'2024-07-04 03:07:32','2024-07-04 19:20:31'),(481,286,'2024-07-06 13:00:00','2024-07-07 16:00:00',1,'2024-07-04 03:08:56','2024-07-04 03:24:47'),(484,286,'2024-07-17 12:30:00','2024-07-18 10:30:00',1,'2024-07-04 03:08:56','2024-07-04 03:27:20'),(485,286,'2024-07-01 13:30:00','2024-07-01 19:00:00',1,'2024-07-04 03:09:11','2024-07-04 03:23:55'),(488,286,'2024-06-30 13:30:00','2024-07-03 23:30:00',1,'2024-07-04 03:09:56','2024-07-04 03:27:20'),(489,286,'2024-07-08 13:30:00','2024-07-09 00:00:00',1,'2024-07-04 03:09:56','2024-07-04 03:24:19'),(491,286,'2024-07-29 20:00:00','2024-07-29 22:30:00',1,'2024-07-04 03:09:57','2024-07-04 03:27:20'),(492,286,'2024-07-23 12:00:00','2024-07-23 22:30:00',1,'2024-07-04 03:09:57','2024-07-04 03:27:20'),(493,286,'2024-07-22 12:00:00','2024-07-22 22:30:00',1,'2024-07-04 03:10:34','2024-07-04 03:27:20'),(494,286,'2024-07-18 14:00:00','2024-07-19 00:30:00',1,'2024-07-04 03:10:34','2024-07-04 03:27:20'),(495,286,'2024-07-24 12:00:00','2024-07-24 22:30:00',1,'2024-07-04 03:10:34','2024-07-04 03:27:20'),(496,286,'2024-07-26 20:00:00','2024-07-26 21:30:00',1,'2024-07-04 03:10:34','2024-07-04 03:27:20'),(498,286,'2024-07-06 13:00:00','2024-07-07 03:00:00',1,'2024-07-04 03:10:34','2024-07-04 03:27:20'),(500,286,'2024-07-15 19:30:00','2024-07-16 05:00:00',1,'2024-07-04 03:11:04','2024-07-04 03:27:21'),(503,286,'2024-07-05 14:00:00','2024-07-05 16:30:00',1,'2024-07-04 03:24:19','2024-07-04 03:27:20'),(505,286,'2024-07-04 14:00:00','2024-07-05 00:30:00',1,'2024-07-04 03:24:19','2024-07-04 03:27:20'),(506,286,'2024-07-25 12:00:00','2024-07-26 00:30:00',1,'2024-07-04 03:24:19','2024-07-04 03:27:20'),(507,286,'2024-08-01 14:00:00','2024-08-02 00:30:00',1,'2024-07-04 03:24:19','2024-07-04 03:27:20'),(508,286,'2024-07-14 15:30:00','2024-07-14 21:00:00',1,'2024-07-04 03:24:48','2024-07-04 03:27:20'),(509,286,'2024-07-05 17:30:00','2024-07-05 21:00:00',1,'2024-07-04 03:25:17','2024-07-04 03:27:20'),(510,286,'2024-07-07 17:30:00','2024-07-07 21:00:00',1,'2024-07-04 03:25:17','2024-07-04 03:27:21'),(511,286,'2024-07-08 17:30:00','2024-07-08 21:00:00',1,'2024-07-04 03:25:17','2024-07-04 03:27:21'),(512,286,'2024-07-09 17:30:00','2024-07-09 21:00:00',1,'2024-07-04 03:25:17','2024-07-04 03:27:21'),(513,286,'2024-07-10 17:30:00','2024-07-10 21:00:00',1,'2024-07-04 03:25:17','2024-07-04 03:27:21'),(514,286,'2024-07-11 17:30:00','2024-07-12 16:00:00',1,'2024-07-04 03:25:17','2024-07-04 03:27:21'),(515,286,'2024-07-12 17:30:00','2024-07-12 21:00:00',1,'2024-07-04 03:25:17','2024-07-04 03:27:21'),(516,286,'2024-07-13 12:00:00','2024-07-13 23:00:00',1,'2024-07-04 03:25:17','2024-07-04 03:27:21'),(518,286,'2024-07-19 13:30:00','2024-07-19 17:00:00',1,'2024-07-04 03:25:17','2024-07-04 03:27:21'),(519,286,'2024-07-19 17:30:00','2024-07-19 21:00:00',1,'2024-07-04 03:25:17','2024-07-04 03:27:21'),(520,286,'2024-07-16 13:00:00','2024-07-16 17:00:00',1,'2024-07-04 03:26:00','2024-07-04 03:27:21'),(521,286,'2024-07-20 16:00:00','2024-07-20 20:00:00',1,'2024-07-04 03:26:00','2024-07-04 03:27:21'),(522,286,'2024-07-18 12:00:00','2024-07-18 13:30:00',1,'2024-07-04 03:26:00','2024-07-04 03:27:21'),(523,286,'2024-07-15 15:00:00','2024-07-15 18:00:00',1,'2024-07-04 03:26:00','2024-07-04 03:27:21'),(524,286,'2024-07-16 19:00:00','2024-07-16 22:00:00',1,'2024-07-04 03:26:00','2024-07-04 03:27:21'),(525,286,'2024-07-19 22:00:00','2024-07-19 23:30:00',1,'2024-07-04 03:26:00','2024-07-04 03:27:21'),(526,286,'2024-07-16 22:30:00','2024-07-16 23:30:00',1,'2024-07-04 03:26:00','2024-07-04 03:27:21'),(527,286,'2024-07-10 15:30:00','2024-07-10 16:30:00',1,'2024-07-04 03:26:00','2024-07-04 03:27:21'),(528,286,'2024-07-08 12:00:00','2024-07-08 14:30:00',1,'2024-07-04 03:26:13','2024-07-04 03:27:21'),(529,286,'2024-07-09 12:00:00','2024-07-09 14:30:00',1,'2024-07-04 03:26:13','2024-07-04 03:27:21'),(530,286,'2024-07-10 12:00:00','2024-07-10 14:30:00',1,'2024-07-04 03:26:13','2024-07-04 03:27:21'),(531,286,'2024-07-11 12:00:00','2024-07-11 14:30:00',1,'2024-07-04 03:26:13','2024-07-04 03:27:21'),(532,286,'2024-07-12 12:00:00','2024-07-12 14:30:00',1,'2024-07-04 03:26:13','2024-07-04 03:27:21'),(533,286,'2024-07-14 12:00:00','2024-07-14 14:30:00',1,'2024-07-04 03:26:13','2024-07-04 03:27:21'),(534,286,'2024-07-15 12:00:00','2024-07-15 14:30:00',1,'2024-07-04 03:26:13','2024-07-04 03:27:21'),(535,286,'2024-07-20 12:30:00','2024-07-20 14:00:00',1,'2024-07-04 03:26:58','2024-07-04 03:27:21'),(536,286,'2024-07-21 12:00:00','2024-07-21 22:30:00',1,'2024-07-04 03:26:58','2024-07-04 03:27:21'),(537,286,'2024-07-27 16:00:00','2024-07-27 19:00:00',1,'2024-07-04 03:27:21','2024-07-04 03:27:21'),(540,2,'2024-07-15 19:00:00','2024-07-15 20:00:00',1,'2024-07-04 03:31:49','2024-07-04 19:20:31'),(543,2,'2024-07-07 14:00:00','2024-07-07 17:30:00',0,'2024-07-04 03:50:45','2024-07-04 19:08:55'),(544,2,'2024-07-07 18:00:00','2024-07-07 21:00:00',0,'2024-07-04 03:50:45','2024-07-04 19:27:44'),(547,2,'2024-07-09 16:00:00','2024-07-10 01:00:00',1,'2024-07-04 03:51:17','2024-07-04 19:20:31'),(549,2,'2024-07-10 08:00:00','2024-07-10 23:30:00',1,'2024-07-04 03:52:54','2024-07-04 19:20:31'),(551,2,'2024-07-12 14:30:00','2024-07-12 15:30:00',1,'2024-07-04 03:56:37','2024-07-04 19:20:31'),(555,2,'2024-07-11 15:00:00','2024-07-12 02:30:00',1,'2024-07-04 04:14:04','2024-07-04 19:20:31'),(556,2,'2024-08-02 18:00:00','2024-08-02 20:00:00',1,'2024-07-04 05:13:08','2024-07-04 19:20:31'),(557,284,'2024-07-04 14:00:00','2024-07-05 02:00:00',1,'2024-07-04 05:32:43','2024-07-04 05:35:43'),(562,284,'2024-07-01 14:00:00','2024-07-02 02:00:00',1,'2024-07-04 05:33:45','2024-07-04 05:35:43'),(563,284,'2024-07-03 17:30:00','2024-07-03 20:00:00',1,'2024-07-04 05:34:59','2024-07-04 05:35:43'),(564,284,'2024-07-05 15:30:00','2024-07-05 21:00:00',1,'2024-07-04 05:34:59','2024-07-04 05:35:43'),(565,284,'2024-07-03 16:00:00','2024-07-03 17:00:00',1,'2024-07-04 05:35:00','2024-07-04 05:35:43'),(566,284,'2024-07-02 13:30:00','2024-07-03 00:00:00',1,'2024-07-04 05:35:00','2024-07-04 05:35:43'),(567,284,'2024-07-09 00:30:00','2024-07-10 00:00:00',1,'2024-07-04 05:35:00','2024-07-04 05:35:43'),(568,284,'2024-07-08 15:00:00','2024-07-08 16:00:00',1,'2024-07-04 05:35:43','2024-07-04 05:35:43'),(569,284,'2024-07-09 15:00:00','2024-07-09 16:00:00',1,'2024-07-04 05:35:43','2024-07-04 05:35:43'),(570,284,'2024-07-10 15:00:00','2024-07-10 16:00:00',1,'2024-07-04 05:35:43','2024-07-04 05:35:43'),(571,284,'2024-07-11 15:00:00','2024-07-11 16:00:00',1,'2024-07-04 05:35:43','2024-07-04 05:35:43'),(572,284,'2024-07-13 15:00:00','2024-07-13 16:00:00',1,'2024-07-04 05:35:44','2024-07-04 05:35:44'),(573,284,'2024-07-12 15:00:00','2024-07-12 16:00:00',1,'2024-07-04 05:35:44','2024-07-04 05:35:44'),(574,280,'2024-07-02 20:00:00','2024-07-03 19:30:00',1,'2024-07-04 05:36:41','2024-07-04 05:36:41'),(575,280,'2024-07-01 14:00:00','2024-07-01 16:00:00',1,'2024-07-04 05:36:41','2024-07-04 05:36:41'),(576,280,'2024-07-02 14:00:00','2024-07-02 16:00:00',1,'2024-07-04 05:36:41','2024-07-04 05:36:41'),(577,280,'2024-07-04 14:00:00','2024-07-04 16:00:00',1,'2024-07-04 05:36:41','2024-07-04 05:36:41'),(578,280,'2024-07-03 14:00:00','2024-07-03 16:00:00',1,'2024-07-04 05:36:41','2024-07-04 05:36:41'),(579,280,'2024-07-05 14:00:00','2024-07-05 16:00:00',1,'2024-07-04 05:36:41','2024-07-04 05:36:41'),(580,280,'2024-07-06 14:00:00','2024-07-06 16:00:00',1,'2024-07-04 05:36:41','2024-07-04 05:36:41'),(581,279,'2024-07-01 15:00:00','2024-07-01 17:30:00',1,'2024-07-04 05:37:46','2024-07-04 16:50:29'),(583,279,'2024-07-02 15:00:00','2024-07-02 17:30:00',1,'2024-07-04 05:37:46','2024-07-04 16:50:29'),(584,279,'2024-07-04 20:00:00','2024-07-04 22:30:00',1,'2024-07-04 05:37:46','2024-07-04 16:50:29'),(585,279,'2024-07-05 15:00:00','2024-07-05 17:30:00',1,'2024-07-04 05:37:46','2024-07-04 16:50:29'),(586,279,'2024-07-06 15:00:00','2024-07-06 17:30:00',1,'2024-07-04 05:37:46','2024-07-04 16:50:29'),(587,279,'2024-07-04 15:00:00','2024-07-04 17:30:00',1,'2024-07-04 05:37:46','2024-07-04 16:50:29'),(593,287,'2024-07-08 15:30:00','2024-07-08 21:30:00',1,'2024-07-04 05:39:11','2024-07-04 06:01:47'),(594,287,'2024-07-09 15:30:00','2024-07-09 21:30:00',1,'2024-07-04 05:39:11','2024-07-04 06:01:47'),(600,282,'2024-07-02 22:30:00','2024-07-03 21:30:00',1,'2024-07-04 05:42:03','2024-07-04 05:42:11'),(601,282,'2024-07-01 14:30:00','2024-07-01 17:00:00',1,'2024-07-04 05:42:03','2024-07-04 05:42:11'),(602,282,'2024-07-02 14:30:00','2024-07-02 17:00:00',1,'2024-07-04 05:42:03','2024-07-04 05:42:11'),(603,282,'2024-07-05 18:30:00','2024-07-05 21:00:00',1,'2024-07-04 05:42:03','2024-07-04 05:42:11'),(604,282,'2024-07-04 14:30:00','2024-07-04 17:00:00',1,'2024-07-04 05:42:03','2024-07-04 05:42:11'),(605,282,'2024-07-05 14:30:00','2024-07-05 17:00:00',1,'2024-07-04 05:42:03','2024-07-04 05:42:11'),(606,282,'2024-07-06 14:30:00','2024-07-06 17:00:00',1,'2024-07-04 05:42:03','2024-07-04 05:42:11'),(608,287,'2024-07-02 20:00:00','2024-07-03 01:00:00',1,'2024-07-04 05:49:19','2024-07-04 06:01:48'),(610,287,'2024-07-02 13:30:00','2024-07-02 19:30:00',1,'2024-07-04 05:49:19','2024-07-04 06:01:47'),(614,287,'2024-07-03 13:30:00','2024-07-03 19:30:00',1,'2024-07-04 05:49:19','2024-07-04 06:01:47'),(615,287,'2024-07-05 13:30:00','2024-07-05 19:30:00',1,'2024-07-04 05:49:19','2024-07-04 06:01:48'),(616,287,'2024-07-04 13:30:00','2024-07-04 19:30:00',1,'2024-07-04 05:49:19','2024-07-04 06:01:48'),(617,287,'2024-07-06 13:30:00','2024-07-06 19:30:00',1,'2024-07-04 05:49:19','2024-07-04 06:01:48'),(622,287,'2024-07-01 13:30:00','2024-07-01 19:30:00',1,'2024-07-04 05:49:19','2024-07-04 06:01:48'),(624,287,'2024-07-01 21:00:00','2024-07-01 22:30:00',1,'2024-07-04 06:01:48','2024-07-04 06:01:48'),(625,287,'2024-07-03 21:00:00','2024-07-03 22:30:00',1,'2024-07-04 06:01:48','2024-07-04 06:01:48'),(626,287,'2024-07-06 20:30:00','2024-07-06 22:30:00',1,'2024-07-04 06:01:48','2024-07-04 06:01:48'),(627,287,'2024-07-04 20:30:00','2024-07-04 22:30:00',1,'2024-07-04 06:01:48','2024-07-04 06:01:48'),(628,287,'2024-07-05 20:30:00','2024-07-05 22:30:00',1,'2024-07-04 06:01:48','2024-07-04 06:01:48'),(629,2,'2024-08-08 21:30:00','2024-08-09 00:00:00',1,'2024-07-04 06:45:56','2024-07-04 19:20:31'),(630,2,'2024-08-09 21:30:00','2024-08-10 00:00:00',1,'2024-07-04 06:45:56','2024-07-04 19:20:31'),(631,2,'2024-08-10 21:30:00','2024-08-11 00:00:00',1,'2024-07-04 06:45:56','2024-07-04 19:20:31'),(632,2,'2024-08-15 21:30:00','2024-08-16 00:00:00',1,'2024-07-04 06:45:56','2024-07-04 19:20:31'),(633,2,'2024-08-12 21:30:00','2024-08-13 00:00:00',1,'2024-07-04 06:45:56','2024-07-04 19:20:31'),(634,2,'2024-08-11 21:30:00','2024-08-12 00:00:00',1,'2024-07-04 06:45:56','2024-07-04 19:20:31'),(635,2,'2024-08-13 21:30:00','2024-08-14 00:00:00',1,'2024-07-04 06:45:56','2024-07-04 19:20:31'),(636,2,'2024-08-14 21:30:00','2024-08-15 00:00:00',1,'2024-07-04 06:45:56','2024-07-04 19:20:31'),(637,2,'2024-07-25 15:30:00','2024-07-25 21:00:00',1,'2024-07-04 07:15:36','2024-07-04 19:20:31'),(638,2,'2024-07-25 22:00:00','2024-07-26 01:30:00',1,'2024-07-04 07:15:36','2024-07-04 19:20:31'),(639,2,'2024-07-04 12:00:00','2024-07-04 16:30:00',0,'2024-07-04 16:39:41','2024-07-04 19:14:00'),(640,2,'2024-07-05 15:00:00','2024-07-05 16:30:00',1,'2024-07-04 16:43:40','2024-07-04 19:20:31'),(641,2,'2024-07-04 22:00:00','2024-07-05 01:00:00',1,'2024-07-04 16:43:40','2024-07-04 19:20:31'),(642,2,'2024-07-05 23:30:00','2024-07-06 01:00:00',0,'2024-07-04 16:43:40','2024-07-04 19:26:02'),(643,2,'2024-06-28 00:00:00','2024-06-28 00:30:00',1,'2024-07-04 16:48:33','2024-07-04 19:20:31'),(644,2,'2024-07-06 12:00:00','2024-07-06 15:00:00',0,'2024-07-04 16:50:47','2024-07-04 16:51:23'),(645,2,'2024-07-06 16:00:00','2024-07-06 20:00:00',0,'2024-07-04 16:50:47','2024-07-04 19:25:03'),(646,2,'2024-07-06 12:00:00','2024-07-06 14:00:00',0,'2024-07-04 16:51:24','2024-07-04 16:55:07'),(647,2,'2024-07-03 19:30:00','2024-07-03 22:00:00',0,'2024-07-04 16:51:32','2024-07-04 19:15:29'),(648,2,'2024-07-06 13:00:00','2024-07-06 14:00:00',1,'2024-07-04 16:52:13','2024-07-04 19:20:31'),(649,2,'2024-07-17 12:30:00','2024-07-17 20:00:00',0,'2024-07-04 16:54:32','2024-07-04 18:55:15'),(650,2,'2024-07-19 12:30:00','2024-07-19 19:00:00',1,'2024-07-04 16:54:32','2024-07-04 19:20:32'),(651,2,'2024-07-20 12:30:00','2024-07-20 19:00:00',1,'2024-07-04 16:54:32','2024-07-04 19:20:32'),(652,2,'2024-07-08 16:00:00','2024-07-08 23:30:00',1,'2024-07-04 16:58:13','2024-07-04 19:20:32'),(653,2,'2024-07-12 16:00:00','2024-07-12 23:30:00',1,'2024-07-04 16:58:13','2024-07-04 19:20:32'),(654,2,'2024-07-13 16:00:00','2024-07-13 23:30:00',1,'2024-07-04 16:58:13','2024-07-04 19:20:32'),(681,139,'2024-07-11 16:30:00','2024-07-12 01:00:00',1,'2024-07-04 17:23:48','2024-07-04 18:52:14'),(684,139,'2024-07-09 12:30:00','2024-07-09 14:30:00',1,'2024-07-04 17:23:48','2024-07-04 18:52:14'),(687,139,'2024-08-11 13:30:00','2024-08-11 16:30:00',1,'2024-07-04 17:25:11','2024-07-04 18:52:14'),(688,139,'2024-08-17 22:00:00','2024-08-18 18:30:00',1,'2024-07-04 17:25:11','2024-07-04 18:52:14'),(694,139,'2024-08-15 22:30:00','2024-08-16 00:00:00',1,'2024-07-04 17:28:39','2024-07-04 18:52:14'),(704,139,'2024-08-15 22:00:00','2024-08-15 23:30:00',1,'2024-07-04 17:38:38','2024-07-04 18:52:14'),(708,139,'2024-08-13 22:00:00','2024-08-14 00:30:00',1,'2024-07-04 17:39:50','2024-07-04 18:52:14'),(711,139,'2024-08-15 07:30:00','2024-08-16 05:30:00',1,'2024-07-04 17:39:50','2024-07-04 18:52:14'),(713,139,'2024-08-12 14:30:00','2024-08-12 19:30:00',1,'2024-07-04 17:41:28','2024-07-04 18:52:14'),(714,139,'2024-08-19 13:00:00','2024-08-19 21:00:00',1,'2024-07-04 17:41:28','2024-07-04 18:52:14'),(717,139,'2024-08-26 15:00:00','2024-08-26 21:00:00',1,'2024-07-04 17:41:43','2024-07-04 18:52:14'),(743,139,'2024-07-09 19:00:00','2024-07-09 19:30:00',1,'2024-07-04 17:54:05','2024-07-04 18:52:14'),(751,139,'2024-07-02 01:00:00','2024-07-02 02:00:00',1,'2024-07-04 17:57:01','2024-07-04 18:52:14'),(764,139,'2024-07-09 15:00:00','2024-07-09 16:30:00',1,'2024-07-04 18:01:32','2024-07-04 18:52:14'),(765,139,'2024-07-09 21:30:00','2024-07-10 01:30:00',1,'2024-07-04 18:01:32','2024-07-04 18:52:14'),(767,139,'2024-07-09 20:00:00','2024-07-09 21:00:00',1,'2024-07-04 18:01:52','2024-07-04 18:52:14'),(768,139,'2024-07-12 12:00:00','2024-07-12 14:00:00',1,'2024-07-04 18:05:12','2024-07-04 18:52:14'),(769,139,'2024-07-12 18:00:00','2024-07-12 19:30:00',1,'2024-07-04 18:05:12','2024-07-04 18:52:14'),(770,139,'2024-07-12 16:30:00','2024-07-12 17:30:00',1,'2024-07-04 18:05:12','2024-07-04 18:52:14'),(771,139,'2024-07-12 22:30:00','2024-07-13 00:00:00',1,'2024-07-04 18:05:12','2024-07-04 18:52:14'),(772,139,'2024-07-07 17:30:00','2024-07-07 22:00:00',0,'2024-07-04 18:06:10','2024-07-04 18:41:40'),(784,139,'2024-07-01 12:00:00','2024-07-01 17:00:00',0,'2024-07-04 18:08:43','2024-07-04 18:40:17'),(785,139,'2024-07-07 13:30:00','2024-07-07 15:30:00',1,'2024-07-04 18:09:28','2024-07-04 18:52:14'),(786,139,'2024-07-07 12:00:00','2024-07-07 13:00:00',1,'2024-07-04 18:09:28','2024-07-04 18:52:14'),(787,139,'2024-07-07 16:00:00','2024-07-07 21:00:00',0,'2024-07-04 18:09:28','2024-07-04 18:45:54'),(813,139,'2024-07-04 20:00:00','2024-07-04 22:00:00',1,'2024-07-04 18:18:56','2024-07-04 18:52:14'),(817,139,'2024-07-12 20:30:00','2024-07-12 21:00:00',1,'2024-07-04 18:20:15','2024-07-04 18:52:14'),(818,139,'2024-07-14 20:30:00','2024-07-14 21:00:00',1,'2024-07-04 18:20:15','2024-07-04 18:52:14'),(820,139,'2024-07-12 21:30:00','2024-07-12 22:00:00',1,'2024-07-04 18:20:15','2024-07-04 18:52:14'),(821,139,'2024-07-13 21:30:00','2024-07-13 22:00:00',1,'2024-07-04 18:20:15','2024-07-04 18:52:14'),(822,139,'2024-07-14 21:30:00','2024-07-14 22:00:00',1,'2024-07-04 18:20:15','2024-07-04 18:52:14'),(823,139,'2024-07-12 15:00:00','2024-07-12 15:30:00',1,'2024-07-04 18:20:15','2024-07-04 18:52:14'),(824,139,'2024-07-13 15:00:00','2024-07-13 15:30:00',1,'2024-07-04 18:20:15','2024-07-04 18:52:14'),(826,139,'2024-07-13 08:30:00','2024-07-13 15:30:00',1,'2024-07-04 18:20:31','2024-07-04 18:52:14'),(827,139,'2024-07-17 12:30:00','2024-07-17 21:00:00',1,'2024-07-04 18:22:04','2024-07-04 18:52:14'),(828,139,'2024-07-20 16:00:00','2024-07-20 19:00:00',1,'2024-07-04 18:24:58','2024-07-04 18:52:14'),(829,139,'2024-07-20 12:30:00','2024-07-20 14:30:00',1,'2024-07-04 18:24:58','2024-07-04 18:52:14'),(830,139,'2024-07-20 18:00:00','2024-07-20 20:00:00',1,'2024-07-04 18:24:58','2024-07-04 18:52:15'),(831,139,'2024-07-18 12:30:00','2024-07-18 21:00:00',1,'2024-07-04 18:25:15','2024-07-04 18:52:15'),(833,139,'2024-07-15 15:00:00','2024-07-15 15:30:00',1,'2024-07-04 18:25:35','2024-07-04 18:52:15'),(834,139,'2024-07-16 15:00:00','2024-07-16 15:30:00',1,'2024-07-04 18:25:35','2024-07-04 18:51:18'),(835,139,'2024-07-20 15:00:00','2024-07-20 15:30:00',1,'2024-07-04 18:25:35','2024-07-04 18:52:15'),(836,139,'2024-07-21 15:00:00','2024-07-21 15:30:00',1,'2024-07-04 18:25:35','2024-07-04 18:52:15'),(837,139,'2024-07-18 00:00:00','2024-07-18 02:30:00',1,'2024-07-04 18:25:45','2024-07-04 18:52:15'),(838,139,'2024-07-15 22:00:00','2024-07-15 22:30:00',1,'2024-07-04 18:26:38','2024-07-04 18:52:15'),(839,139,'2024-07-16 22:00:00','2024-07-16 22:30:00',1,'2024-07-04 18:26:39','2024-07-04 18:52:15'),(840,139,'2024-07-17 22:00:00','2024-07-17 22:30:00',1,'2024-07-04 18:26:39','2024-07-04 18:52:15'),(841,139,'2024-07-18 22:00:00','2024-07-18 22:30:00',1,'2024-07-04 18:26:39','2024-07-04 18:52:15'),(842,139,'2024-07-20 22:00:00','2024-07-20 22:30:00',1,'2024-07-04 18:26:39','2024-07-04 18:52:15'),(843,139,'2024-07-21 22:00:00','2024-07-21 22:30:00',1,'2024-07-04 18:26:39','2024-07-04 18:52:15'),(844,139,'2024-07-19 21:30:00','2024-07-19 23:30:00',1,'2024-07-04 18:26:39','2024-07-04 18:52:15'),(845,139,'2024-07-02 13:00:00','2024-07-02 14:30:00',1,'2024-07-04 18:36:10','2024-07-04 18:52:15'),(846,139,'2024-07-02 15:00:00','2024-07-02 17:00:00',1,'2024-07-04 18:36:10','2024-07-04 18:52:15'),(847,139,'2024-07-01 18:00:00','2024-07-01 20:30:00',0,'2024-07-04 18:36:33','2024-07-04 18:40:49'),(848,139,'2024-07-06 14:00:00','2024-07-06 22:30:00',0,'2024-07-04 18:38:02','2024-07-04 18:48:54'),(849,139,'2024-07-04 13:30:00','2024-07-04 18:30:00',1,'2024-07-04 18:38:02','2024-07-04 18:52:15'),(850,139,'2024-07-03 14:00:00','2024-07-03 18:00:00',0,'2024-07-04 18:38:02','2024-07-04 18:40:57'),(853,139,'2024-07-08 12:00:00','2024-07-08 17:00:00',1,'2024-07-04 18:40:06','2024-07-04 18:52:15'),(854,139,'2024-07-08 17:30:00','2024-07-08 21:00:00',1,'2024-07-04 18:40:06','2024-07-04 18:52:15'),(855,139,'2024-07-01 12:00:00','2024-07-01 12:30:00',0,'2024-07-04 18:40:17','2024-07-04 18:40:44'),(856,139,'2024-07-01 13:00:00','2024-07-01 17:00:00',0,'2024-07-04 18:40:17','2024-07-04 18:40:22'),(857,139,'2024-07-01 13:00:00','2024-07-01 14:00:00',0,'2024-07-04 18:40:23','2024-07-04 18:40:38'),(858,139,'2024-07-01 14:30:00','2024-07-01 17:00:00',0,'2024-07-04 18:40:23','2024-07-04 18:40:27'),(859,139,'2024-07-01 14:30:00','2024-07-01 16:00:00',0,'2024-07-04 18:40:27','2024-07-04 18:41:08'),(860,139,'2024-07-01 16:30:00','2024-07-01 17:00:00',0,'2024-07-04 18:40:27','2024-07-04 18:40:33'),(861,139,'2024-07-01 13:00:00','2024-07-01 13:30:00',1,'2024-07-04 18:40:38','2024-07-04 18:52:15'),(862,139,'2024-07-01 18:00:00','2024-07-01 20:00:00',1,'2024-07-04 18:40:49','2024-07-04 18:52:15'),(863,139,'2024-07-03 14:00:00','2024-07-03 15:30:00',1,'2024-07-04 18:40:57','2024-07-04 18:52:15'),(864,139,'2024-07-03 16:00:00','2024-07-03 18:00:00',1,'2024-07-04 18:40:57','2024-07-04 18:52:15'),(865,139,'2024-07-01 14:30:00','2024-07-01 15:00:00',1,'2024-07-04 18:41:08','2024-07-04 18:52:15'),(866,139,'2024-07-01 15:30:00','2024-07-01 16:00:00',1,'2024-07-04 18:41:08','2024-07-04 18:52:15'),(867,139,'2024-07-07 18:30:00','2024-07-07 22:00:00',0,'2024-07-04 18:41:41','2024-07-04 18:41:46'),(868,139,'2024-07-07 19:30:00','2024-07-07 22:00:00',0,'2024-07-04 18:41:46','2024-07-04 18:41:51'),(870,139,'2024-07-07 16:00:00','2024-07-07 17:30:00',1,'2024-07-04 18:45:54','2024-07-04 18:52:15'),(871,139,'2024-07-07 18:30:00','2024-07-07 21:00:00',0,'2024-07-04 18:45:54','2024-07-04 18:45:59'),(872,139,'2024-07-07 19:30:00','2024-07-07 21:00:00',0,'2024-07-04 18:45:59','2024-07-04 18:46:05'),(873,139,'2024-07-07 16:00:00','2024-07-07 21:00:00',0,'2024-07-04 18:46:05','2024-07-04 18:47:02'),(874,139,'2024-07-07 16:00:00','2024-07-07 20:00:00',0,'2024-07-04 18:47:03','2024-07-04 18:47:09'),(875,139,'2024-07-07 16:00:00','2024-07-07 19:00:00',0,'2024-07-04 18:47:09','2024-07-04 18:47:29'),(876,139,'2024-07-07 16:00:00','2024-07-07 18:00:00',1,'2024-07-04 18:47:29','2024-07-04 18:52:15'),(877,139,'2024-07-06 14:00:00','2024-07-06 21:30:00',0,'2024-07-04 18:48:54','2024-07-04 18:49:00'),(878,139,'2024-07-06 14:00:00','2024-07-06 20:30:00',0,'2024-07-04 18:49:00','2024-07-04 18:49:07'),(879,139,'2024-07-06 14:00:00','2024-07-06 19:30:00',0,'2024-07-04 18:49:07','2024-07-04 22:17:17'),(880,139,'2024-07-15 17:30:00','2024-07-15 19:00:00',1,'2024-07-04 18:50:49','2024-07-04 18:52:15'),(881,139,'2024-07-21 16:30:00','2024-07-21 20:00:00',1,'2024-07-04 18:50:49','2024-07-04 18:52:15'),(882,139,'2024-07-16 12:00:00','2024-07-16 20:30:00',1,'2024-07-04 18:50:49','2024-07-04 18:52:15'),(883,139,'2024-07-26 15:00:00','2024-07-26 19:30:00',1,'2024-07-04 18:52:15','2024-07-04 18:52:15'),(884,139,'2024-07-22 15:00:00','2024-07-22 16:30:00',1,'2024-07-04 18:52:15','2024-07-04 18:52:15'),(885,139,'2024-07-23 15:00:00','2024-07-23 16:30:00',1,'2024-07-04 18:52:15','2024-07-04 18:52:15'),(886,139,'2024-07-24 15:00:00','2024-07-24 16:30:00',1,'2024-07-04 18:52:15','2024-07-04 18:52:15'),(887,139,'2024-07-25 15:00:00','2024-07-25 16:30:00',1,'2024-07-04 18:52:15','2024-07-04 18:52:15'),(888,139,'2024-07-27 15:00:00','2024-07-27 16:30:00',1,'2024-07-04 18:52:15','2024-07-04 18:52:15'),(889,139,'2024-07-28 15:00:00','2024-07-28 16:30:00',1,'2024-07-04 18:52:15','2024-07-04 18:52:15'),(890,139,'2024-07-22 18:30:00','2024-07-22 19:30:00',1,'2024-07-04 18:52:15','2024-07-04 18:52:15'),(891,139,'2024-07-23 18:30:00','2024-07-23 19:30:00',1,'2024-07-04 18:52:15','2024-07-04 18:52:15'),(892,139,'2024-07-24 18:30:00','2024-07-24 19:30:00',1,'2024-07-04 18:52:15','2024-07-04 18:52:15'),(893,139,'2024-07-25 18:30:00','2024-07-25 19:30:00',1,'2024-07-04 18:52:15','2024-07-04 18:52:15'),(894,139,'2024-07-27 18:30:00','2024-07-27 19:30:00',1,'2024-07-04 18:52:15','2024-07-04 18:52:15'),(895,139,'2024-07-28 18:30:00','2024-07-28 19:30:00',1,'2024-07-04 18:52:15','2024-07-04 18:52:15'),(896,139,'2024-07-22 17:00:00','2024-07-22 18:00:00',1,'2024-07-04 18:52:15','2024-07-04 18:52:15'),(897,139,'2024-07-23 17:00:00','2024-07-23 18:00:00',1,'2024-07-04 18:52:15','2024-07-04 18:52:15'),(898,139,'2024-07-24 17:00:00','2024-07-24 18:00:00',1,'2024-07-04 18:52:15','2024-07-04 18:52:15'),(899,139,'2024-07-25 17:00:00','2024-07-25 18:00:00',1,'2024-07-04 18:52:15','2024-07-04 18:52:15'),(900,139,'2024-07-27 17:00:00','2024-07-27 18:00:00',1,'2024-07-04 18:52:15','2024-07-04 18:52:15'),(901,139,'2024-07-28 17:00:00','2024-07-28 18:00:00',1,'2024-07-04 18:52:15','2024-07-04 18:52:15'),(902,139,'2024-07-19 17:00:00','2024-07-19 18:00:00',1,'2024-07-04 18:52:16','2024-07-04 18:52:16'),(903,2,'2024-07-16 16:30:00','2024-07-16 17:30:00',0,'2024-07-04 18:54:46','2024-07-04 18:55:05'),(904,2,'2024-07-21 16:30:00','2024-07-21 17:30:00',1,'2024-07-04 18:54:46','2024-07-04 19:20:32'),(905,2,'2024-07-16 17:00:00','2024-07-16 17:30:00',0,'2024-07-04 18:55:05','2024-07-04 18:55:10'),(906,2,'2024-07-17 12:00:00','2024-07-17 17:00:00',1,'2024-07-04 18:55:15','2024-07-04 19:20:32'),(907,2,'2024-07-17 17:30:00','2024-07-17 20:00:00',1,'2024-07-04 18:55:15','2024-07-04 19:20:32'),(908,2,'2024-07-16 20:30:00','2024-07-16 22:00:00',1,'2024-07-04 18:55:20','2024-07-04 19:20:32'),(909,2,'2024-07-16 22:30:00','2024-07-17 03:00:00',1,'2024-07-04 18:55:41','2024-07-04 19:20:32'),(910,2,'2024-07-02 23:30:00','2024-07-03 02:30:00',0,'2024-07-04 18:56:58','2024-07-04 18:57:02'),(911,2,'2024-07-02 23:30:00','2024-07-03 02:00:00',1,'2024-07-04 18:57:02','2024-07-04 19:20:32'),(912,2,'2024-07-03 05:00:00','2024-07-03 12:00:00',1,'2024-07-04 18:57:07','2024-07-04 19:20:32'),(913,2,'2024-07-03 12:30:00','2024-07-03 13:00:00',1,'2024-07-04 18:57:07','2024-07-04 19:20:32'),(914,2,'2024-07-07 14:00:00','2024-07-07 14:30:00',1,'2024-07-04 19:08:55','2024-07-04 19:20:32'),(915,2,'2024-07-07 15:00:00','2024-07-07 17:30:00',0,'2024-07-04 19:08:55','2024-07-04 19:09:00'),(916,2,'2024-07-07 15:30:00','2024-07-07 17:30:00',0,'2024-07-04 19:09:00','2024-07-04 19:09:09'),(917,2,'2024-07-07 16:00:00','2024-07-07 17:30:00',1,'2024-07-04 19:09:09','2024-07-04 19:20:32'),(926,2,'2024-07-04 12:00:00','2024-07-04 12:30:00',1,'2024-07-04 19:14:00','2024-07-04 19:20:32'),(927,2,'2024-07-04 16:00:00','2024-07-04 16:30:00',1,'2024-07-04 19:14:00','2024-07-04 19:20:32'),(928,2,'2024-07-04 17:00:00','2024-07-04 19:30:00',1,'2024-07-04 19:14:49','2024-07-04 19:20:32'),(929,2,'2024-07-04 20:00:00','2024-07-04 21:30:00',1,'2024-07-04 19:14:49','2024-07-04 19:20:32'),(930,2,'2024-07-03 19:30:00','2024-07-03 20:30:00',0,'2024-07-04 19:15:29','2024-07-04 19:19:46'),(931,2,'2024-07-03 21:00:00','2024-07-03 22:00:00',1,'2024-07-04 19:15:29','2024-07-04 19:20:32'),(932,2,'2024-07-03 19:30:00','2024-07-03 20:00:00',1,'2024-07-04 19:19:47','2024-07-04 19:20:32'),(933,2,'2024-06-24 13:30:00','2024-06-24 21:30:00',0,'2024-07-04 19:20:32','2024-07-04 19:22:40'),(934,2,'2024-06-24 13:30:00','2024-06-24 16:30:00',0,'2024-07-04 19:22:40','2024-07-04 19:24:40'),(935,2,'2024-06-24 17:30:00','2024-06-24 21:30:00',1,'2024-07-04 19:22:40','2024-07-04 19:22:40'),(936,2,'2024-07-06 16:00:00','2024-07-06 17:00:00',1,'2024-07-04 19:25:03','2024-07-04 19:25:03'),(937,2,'2024-07-06 18:00:00','2024-07-06 20:00:00',1,'2024-07-04 19:25:03','2024-07-04 19:25:03'),(938,2,'2024-07-06 00:00:00','2024-07-06 01:00:00',1,'2024-07-04 19:26:03','2024-07-04 19:26:03'),(939,2,'2024-07-02 19:00:00','2024-07-02 21:00:00',1,'2024-07-04 19:26:39','2024-07-04 19:26:39'),(940,2,'2024-07-02 21:30:00','2024-07-02 22:00:00',1,'2024-07-04 19:26:39','2024-07-04 19:26:39'),(941,2,'2024-07-07 18:00:00','2024-07-07 19:30:00',1,'2024-07-04 19:27:44','2024-07-04 19:27:44'),(942,2,'2024-07-07 20:00:00','2024-07-07 21:00:00',1,'2024-07-04 19:27:44','2024-07-04 19:27:44'),(943,4,'2024-07-03 13:00:00','2024-07-03 17:30:00',1,'2024-07-04 21:41:01','2024-07-04 21:41:01'),(944,139,'2024-07-06 14:30:00','2024-07-06 19:30:00',1,'2024-07-04 22:17:17','2024-07-04 22:17:17'),(945,68,'2024-07-01 12:30:00','2024-07-01 21:00:00',1,'2024-07-05 00:52:35','2024-07-05 02:22:57'),(946,68,'2024-07-02 12:30:00','2024-07-02 21:00:00',0,'2024-07-05 00:52:35','2024-07-05 01:14:03'),(947,68,'2024-07-03 17:30:00','2024-07-03 22:30:00',1,'2024-07-05 00:53:02','2024-07-05 02:22:57'),(948,68,'2024-07-03 12:30:00','2024-07-03 17:00:00',1,'2024-07-05 00:53:02','2024-07-05 02:22:57'),(949,68,'2024-07-04 02:00:00','2024-07-04 03:00:00',1,'2024-07-05 00:55:23','2024-07-05 02:22:57'),(950,68,'2024-07-02 15:00:00','2024-07-02 21:00:00',1,'2024-07-05 01:14:03','2024-07-05 02:22:57'),(951,68,'2024-07-04 12:00:00','2024-07-04 21:30:00',1,'2024-07-05 02:22:57','2024-07-05 02:22:57');
/*!40000 ALTER TABLE `Disponibilidad` ENABLE KEYS */;
UNLOCK TABLES;

--
-- Table structure for table `Encuesta`
--

DROP TABLE IF EXISTS `Encuesta`;
/*!40101 SET @saved_cs_client     = @@character_set_client */;
/*!50503 SET character_set_client = utf8mb4 */;
CREATE TABLE `Encuesta` (
  `id_encuesta` int NOT NULL AUTO_INCREMENT,
  `fid_alumno` int NOT NULL,
  `fid_estado_Encuesta` int NOT NULL,
  `fid_encuesta_Maestra` int NOT NULL,
  `fechaActualizacion` datetime DEFAULT CURRENT_TIMESTAMP ON UPDATE CURRENT_TIMESTAMP COMMENT 'Respuesta del Alumno',
  `esActivo` tinyint(1) NOT NULL DEFAULT '1',
  `fechaCreacion` datetime DEFAULT NULL,
  PRIMARY KEY (`id_encuesta`),
  KEY `fid_alumno` (`fid_alumno`),
  KEY `fid_encuesta_Maestra` (`fid_encuesta_Maestra`),
  KEY `Encuesta_fid_estado_encuesta_foreign_idx` (`fid_estado_Encuesta`),
  CONSTRAINT `Encuesta_fid_estado_encuesta_foreign_idx` FOREIGN KEY (`fid_estado_Encuesta`) REFERENCES `EstadoEncuesta` (`id_estado_encuesta`),
  CONSTRAINT `Encuesta_ibfk_1` FOREIGN KEY (`fid_alumno`) REFERENCES `Usuario` (`id_usuario`) ON DELETE CASCADE ON UPDATE CASCADE,
  CONSTRAINT `Encuesta_ibfk_2` FOREIGN KEY (`fid_estado_Encuesta`) REFERENCES `EstadoEncuesta` (`id_estado_encuesta`) ON DELETE CASCADE ON UPDATE CASCADE,
  CONSTRAINT `Encuesta_ibfk_3` FOREIGN KEY (`fid_encuesta_Maestra`) REFERENCES `EncuestaMaestra` (`id_encuesta_maestra`) ON DELETE CASCADE ON UPDATE CASCADE
) ENGINE=InnoDB AUTO_INCREMENT=73 DEFAULT CHARSET=utf8mb4 COLLATE=utf8mb4_0900_ai_ci;
/*!40101 SET character_set_client = @saved_cs_client */;

--
-- Dumping data for table `Encuesta`
--

LOCK TABLES `Encuesta` WRITE;
/*!40000 ALTER TABLE `Encuesta` DISABLE KEYS */;
INSERT INTO `Encuesta` VALUES (10,4,1,7,'2024-06-30 03:57:52',1,'2024-06-30 03:55:11'),(11,35,1,7,'2024-06-30 03:57:52',1,'2024-06-30 03:55:16'),(12,64,1,7,'2024-06-30 03:57:52',1,'2024-06-30 03:55:21'),(13,4,1,8,'2024-06-30 03:57:52',1,'2024-06-30 03:55:35'),(14,4,2,9,'2024-06-30 03:57:52',1,'2024-06-30 03:55:42'),(15,35,1,10,'2024-06-30 03:57:52',1,'2024-06-30 03:55:47'),(16,4,1,10,'2024-06-30 03:57:52',1,'2024-06-30 03:55:51'),(17,4,1,11,'2024-06-30 03:57:52',1,'2024-06-30 03:55:55'),(18,4,1,12,'2024-06-30 03:57:52',1,'2024-06-30 03:55:59'),(19,4,1,13,'2024-06-30 03:57:52',1,'2024-06-30 03:56:05'),(20,4,1,14,'2024-06-30 03:57:52',1,'2024-06-30 03:56:12'),(28,4,1,22,'2024-06-30 03:57:52',1,'2024-06-30 03:57:01'),(29,4,1,23,'2024-06-30 03:57:52',1,'2024-06-30 03:57:06'),(48,4,1,42,'2024-06-30 03:57:52',1,'2024-06-30 03:57:40'),(49,4,1,43,'2024-06-30 03:57:52',1,'2024-06-29 16:57:56'),(50,4,1,44,'2024-06-30 03:57:52',1,'2024-06-29 17:06:07'),(51,4,1,45,'2024-06-30 03:57:52',1,'2024-06-29 17:19:16'),(52,4,2,46,'2024-06-30 03:57:52',1,'2024-06-29 19:23:05'),(53,4,2,47,'2024-06-30 03:57:52',1,'2024-06-29 19:45:09'),(54,4,2,48,'2024-06-30 03:57:52',1,'2024-06-29 21:45:38'),(55,4,2,49,'2024-06-30 03:57:52',1,'2024-06-29 21:57:39'),(56,4,2,50,'2024-06-30 03:57:52',1,'2024-06-29 22:03:37'),(57,4,2,51,'2024-06-30 03:57:52',1,'2024-06-29 22:40:52'),(58,4,2,52,'2024-06-30 03:57:52',1,'2024-06-29 22:52:43'),(59,4,2,53,'2024-06-30 03:57:52',1,'2024-06-29 23:03:08'),(60,4,2,54,'2024-06-30 06:35:04',1,'2024-06-30 04:14:05'),(61,4,1,55,'2024-06-30 07:15:58',1,'2024-06-30 07:15:58'),(62,4,2,56,'2024-06-30 08:03:45',1,'2024-06-30 07:18:00'),(63,4,2,57,'2024-06-30 23:07:37',1,'2024-06-30 08:36:24'),(64,4,2,58,'2024-06-30 23:20:05',1,'2024-06-30 23:19:01'),(65,207,2,58,'2024-06-30 23:19:30',1,'2024-06-30 23:19:01'),(66,4,1,59,'2024-06-30 23:46:25',1,'2024-06-30 23:46:25'),(67,207,2,59,'2024-06-30 23:46:48',1,'2024-06-30 23:46:25'),(68,4,2,60,'2024-07-03 23:12:41',1,'2024-06-30 23:49:04'),(69,207,2,60,'2024-06-30 23:49:41',1,'2024-06-30 23:49:04'),(70,4,2,61,'2024-07-04 23:39:04',1,'2024-07-04 21:36:46'),(71,117,1,61,'2024-07-04 21:36:46',1,'2024-07-04 21:36:46'),(72,207,2,62,'2024-07-05 01:20:02',1,'2024-07-05 01:19:03');
/*!40000 ALTER TABLE `Encuesta` ENABLE KEYS */;
UNLOCK TABLES;

--
-- Table structure for table `EncuestaMaestra`
--

DROP TABLE IF EXISTS `EncuestaMaestra`;
/*!40101 SET @saved_cs_client     = @@character_set_client */;
/*!50503 SET character_set_client = utf8mb4 */;
CREATE TABLE `EncuestaMaestra` (
  `id_encuesta_maestra` int NOT NULL AUTO_INCREMENT,
  `titulo` varchar(255) NOT NULL,
  `fechaCreacion` datetime NOT NULL DEFAULT CURRENT_TIMESTAMP,
  `fechaActualizacion` datetime NOT NULL DEFAULT CURRENT_TIMESTAMP ON UPDATE CURRENT_TIMESTAMP,
  `esActivo` tinyint(1) NOT NULL DEFAULT '1',
  `fid_estado_encuesta_maestra` int NOT NULL,
  `fid_facultad` int NOT NULL,
  PRIMARY KEY (`id_encuesta_maestra`),
  KEY `fid_estado_encuesta_maestra` (`fid_estado_encuesta_maestra`),
  KEY `EncuestaMaestra_fid_facultad_foreign_idx` (`fid_facultad`),
  CONSTRAINT `EncuestaMaestra_fid_facultad_foreign_idx` FOREIGN KEY (`fid_facultad`) REFERENCES `Facultad` (`id_facultad`),
  CONSTRAINT `EncuestaMaestra_ibfk_2` FOREIGN KEY (`fid_estado_encuesta_maestra`) REFERENCES `EstadoEncuestaMaestra` (`id_estado_encuesta_maestra`)
) ENGINE=InnoDB AUTO_INCREMENT=63 DEFAULT CHARSET=utf8mb4 COLLATE=utf8mb4_0900_ai_ci;
/*!40101 SET character_set_client = @saved_cs_client */;

--
-- Dumping data for table `EncuestaMaestra`
--

LOCK TABLES `EncuestaMaestra` WRITE;
/*!40000 ALTER TABLE `EncuestaMaestra` DISABLE KEYS */;
INSERT INTO `EncuestaMaestra` VALUES (7,'Encuesta: 27/6/2024','2024-06-28 01:40:55','2024-06-28 01:43:39',1,2,1),(8,'Encuesta: 27/6/2024','2024-06-28 01:43:40','2024-06-28 17:25:10',1,2,1),(9,'Encuesta: 28/6/2024','2024-06-28 17:25:10','2024-06-28 21:16:33',1,2,1),(10,'Encuesta: 28/6/2024','2024-06-28 21:16:33','2024-06-28 22:22:34',1,2,1),(11,'Encuesta: 28/6/2024','2024-06-28 22:22:34','2024-06-28 23:29:30',1,2,1),(12,'Encuesta: 28/6/2024','2024-06-28 23:29:30','2024-06-28 23:37:27',1,2,1),(13,'Encuesta: 28/6/2024','2024-06-28 23:37:27','2024-06-29 00:06:36',1,2,1),(14,'Encuesta: 28/6/2024','2024-06-29 00:06:36','2024-06-29 00:39:23',1,2,1),(22,'Encuesta: 28/6/2024','2024-06-29 00:39:23','2024-06-29 00:46:47',1,2,1),(23,'Encuesta: 28/6/2024','2024-06-29 00:46:47','2024-06-29 03:47:20',1,2,1),(42,'Encuesta: 29/6/2024','2024-06-29 03:47:20','2024-06-29 16:57:56',1,2,1),(43,'Encuesta: 29/6/2024','2024-06-29 16:57:56','2024-06-29 17:06:07',1,2,1),(44,'Encuesta: 29/6/2024','2024-06-29 17:06:07','2024-06-29 17:19:16',1,2,1),(45,'Encuesta: 29/6/2024','2024-06-29 17:19:16','2024-06-29 18:04:12',1,2,1),(46,'Encuesta: 29/6/2024','2024-06-29 18:04:12','2024-06-29 19:39:46',1,2,1),(47,'Encuesta: 29/6/2024','2024-06-29 19:39:46','2024-06-29 21:30:58',1,2,1),(48,'Encuesta: 29/6/2024','2024-06-29 21:30:58','2024-06-29 21:56:32',1,2,1),(49,'Encuesta: 29/6/2024','2024-06-29 21:56:33','2024-06-29 22:03:07',1,2,1),(50,'Encuesta: 29/6/2024','2024-06-29 22:03:08','2024-06-29 22:24:32',1,2,1),(51,'Encuesta: 29/6/2024','2024-06-29 22:24:32','2024-06-29 22:52:19',1,2,1),(52,'Encuesta: 29/6/2024','2024-06-29 22:52:19','2024-06-29 23:02:50',1,2,1),(53,'Encuesta: 29/6/2024','2024-06-29 23:02:50','2024-06-30 03:16:28',1,2,1),(54,'Encuesta: 29/6/2024','2024-06-30 03:16:29','2024-06-30 07:15:58',1,2,1),(55,'Encuesta: 30/6/2024','2024-06-30 07:15:58','2024-06-30 07:17:59',1,2,1),(56,'Encuesta: 30/6/2024','2024-06-30 07:18:00','2024-06-30 08:36:23',1,2,1),(57,'Encuesta: 30/6/2024','2024-06-30 08:36:23','2024-06-30 23:19:00',1,2,1),(58,'Encuesta: 30/6/2024','2024-06-30 23:19:00','2024-06-30 23:46:25',1,2,1),(59,'Encuesta: 30/6/2024','2024-06-30 23:46:25','2024-06-30 23:49:04',1,2,1),(60,'Encuesta: 30/6/2024','2024-06-30 23:49:04','2024-07-04 21:36:46',1,2,1),(61,'Encuesta: 4/7/2024','2024-07-04 21:36:46','2024-07-05 01:19:03',1,2,1),(62,'Encuesta: 4/7/2024','2024-07-05 01:19:03','2024-07-05 01:19:03',1,1,1);
/*!40000 ALTER TABLE `EncuestaMaestra` ENABLE KEYS */;
UNLOCK TABLES;

--
-- Table structure for table `EstadoCita`
--

DROP TABLE IF EXISTS `EstadoCita`;
/*!40101 SET @saved_cs_client     = @@character_set_client */;
/*!50503 SET character_set_client = utf8mb4 */;
CREATE TABLE `EstadoCita` (
  `id_estado_cita` int NOT NULL AUTO_INCREMENT,
  `nombre` varchar(255) DEFAULT NULL,
  `descripcion` varchar(255) DEFAULT NULL,
  `es_activo` tinyint(1) DEFAULT NULL,
  `fechaCreacion` datetime NOT NULL DEFAULT CURRENT_TIMESTAMP,
  `fechaActualizacion` datetime NOT NULL DEFAULT CURRENT_TIMESTAMP ON UPDATE CURRENT_TIMESTAMP,
  PRIMARY KEY (`id_estado_cita`)
) ENGINE=InnoDB AUTO_INCREMENT=4 DEFAULT CHARSET=utf8mb4 COLLATE=utf8mb4_0900_ai_ci;
/*!40101 SET character_set_client = @saved_cs_client */;

--
-- Dumping data for table `EstadoCita`
--

LOCK TABLES `EstadoCita` WRITE;
/*!40000 ALTER TABLE `EstadoCita` DISABLE KEYS */;
INSERT INTO `EstadoCita` VALUES (1,'Programado','La cita ha sido programada y est pendiente de realizacin',1,'2024-05-22 02:12:01','2024-05-22 02:12:02'),(2,'Completado','La cita se ha completado satisfactoriamente',1,'2024-05-22 02:12:01','2024-05-22 02:12:02'),(3,'Cancelado','La cita ha sido cancelada antes de su fecha de realizacin',1,'2024-05-22 02:12:01','2024-05-22 02:12:02');
/*!40000 ALTER TABLE `EstadoCita` ENABLE KEYS */;
UNLOCK TABLES;

--
-- Table structure for table `EstadoCompromisoCita`
--

DROP TABLE IF EXISTS `EstadoCompromisoCita`;
/*!40101 SET @saved_cs_client     = @@character_set_client */;
/*!50503 SET character_set_client = utf8mb4 */;
CREATE TABLE `EstadoCompromisoCita` (
  `id_estado_compromiso` int NOT NULL AUTO_INCREMENT,
  `nombre` varchar(255) NOT NULL,
  `descripcion` varchar(255) DEFAULT NULL,
  `es_activo` tinyint(1) NOT NULL DEFAULT '1',
  `fechaCreacion` datetime NOT NULL DEFAULT CURRENT_TIMESTAMP,
  `fechaActualizacion` datetime NOT NULL DEFAULT CURRENT_TIMESTAMP ON UPDATE CURRENT_TIMESTAMP,
  PRIMARY KEY (`id_estado_compromiso`)
) ENGINE=InnoDB AUTO_INCREMENT=4 DEFAULT CHARSET=utf8mb4 COLLATE=utf8mb4_0900_ai_ci;
/*!40101 SET character_set_client = @saved_cs_client */;

--
-- Dumping data for table `EstadoCompromisoCita`
--

LOCK TABLES `EstadoCompromisoCita` WRITE;
/*!40000 ALTER TABLE `EstadoCompromisoCita` DISABLE KEYS */;
INSERT INTO `EstadoCompromisoCita` VALUES (1,'Comprometido','Estado inicial donde el compromiso est formalizado pero an no ha comenzado su ejecucin. ',1,'2024-05-31 16:07:22','2024-05-31 16:07:22'),(2,'Ejecucion','El compromiso est activo y las actividades para cumplirlo estn en curso.',1,'2024-05-31 16:09:03','2024-05-31 16:09:03'),(3,'Finalizado','Todas las actividades del compromiso se han completado y los objetivos alcanzados',1,'2024-05-31 16:09:24','2024-05-31 16:09:24');
/*!40000 ALTER TABLE `EstadoCompromisoCita` ENABLE KEYS */;
UNLOCK TABLES;

--
-- Table structure for table `EstadoEncuesta`
--

DROP TABLE IF EXISTS `EstadoEncuesta`;
/*!40101 SET @saved_cs_client     = @@character_set_client */;
/*!50503 SET character_set_client = utf8mb4 */;
CREATE TABLE `EstadoEncuesta` (
  `id_estado_encuesta` int NOT NULL AUTO_INCREMENT,
  `nombre` varchar(255) NOT NULL,
  `descripcion` varchar(255) DEFAULT NULL,
  `esActivo` tinyint(1) NOT NULL DEFAULT '1',
  `fechaCreacion` datetime DEFAULT NULL,
  `fechaActualizacion` datetime DEFAULT NULL,
  PRIMARY KEY (`id_estado_encuesta`)
) ENGINE=InnoDB AUTO_INCREMENT=3 DEFAULT CHARSET=utf8mb4 COLLATE=utf8mb4_0900_ai_ci;
/*!40101 SET character_set_client = @saved_cs_client */;

--
-- Dumping data for table `EstadoEncuesta`
--

LOCK TABLES `EstadoEncuesta` WRITE;
/*!40000 ALTER TABLE `EstadoEncuesta` DISABLE KEYS */;
INSERT INTO `EstadoEncuesta` VALUES (1,'Pendiente','Encuesta pendiente de respuesta',1,'2024-06-13 21:05:02','2024-06-13 21:05:02'),(2,'Respondido','Encuesta respondida',1,'2024-06-13 21:05:02','2024-06-13 21:05:02');
/*!40000 ALTER TABLE `EstadoEncuesta` ENABLE KEYS */;
UNLOCK TABLES;

--
-- Table structure for table `EstadoEncuestaMaestra`
--

DROP TABLE IF EXISTS `EstadoEncuestaMaestra`;
/*!40101 SET @saved_cs_client     = @@character_set_client */;
/*!50503 SET character_set_client = utf8mb4 */;
CREATE TABLE `EstadoEncuestaMaestra` (
  `id_estado_encuesta_maestra` int NOT NULL AUTO_INCREMENT,
  `nombre` varchar(255) NOT NULL,
  `descripcion` varchar(255) DEFAULT NULL,
  `esActivo` tinyint(1) NOT NULL DEFAULT '1',
  `fechaCreacion` datetime NOT NULL DEFAULT CURRENT_TIMESTAMP,
  `fechaActualizacion` datetime NOT NULL DEFAULT CURRENT_TIMESTAMP ON UPDATE CURRENT_TIMESTAMP,
  PRIMARY KEY (`id_estado_encuesta_maestra`)
) ENGINE=InnoDB AUTO_INCREMENT=3 DEFAULT CHARSET=utf8mb4 COLLATE=utf8mb4_0900_ai_ci;
/*!40101 SET character_set_client = @saved_cs_client */;

--
-- Dumping data for table `EstadoEncuestaMaestra`
--

LOCK TABLES `EstadoEncuestaMaestra` WRITE;
/*!40000 ALTER TABLE `EstadoEncuestaMaestra` DISABLE KEYS */;
INSERT INTO `EstadoEncuestaMaestra` VALUES (1,'Vigente','Encuesta vigente',1,'2024-06-20 01:07:46','2024-06-20 01:07:46'),(2,'Finalizado','Encuesta finalizada',1,'2024-06-20 01:07:46','2024-06-20 01:07:46');
/*!40000 ALTER TABLE `EstadoEncuestaMaestra` ENABLE KEYS */;
UNLOCK TABLES;

--
-- Table structure for table `EstadoSolicitudTutorFijo`
--

DROP TABLE IF EXISTS `EstadoSolicitudTutorFijo`;
/*!40101 SET @saved_cs_client     = @@character_set_client */;
/*!50503 SET character_set_client = utf8mb4 */;
CREATE TABLE `EstadoSolicitudTutorFijo` (
  `id_estadoSolicitud` int NOT NULL AUTO_INCREMENT,
  `nombre` varchar(255) NOT NULL,
  `descripcion` varchar(255) DEFAULT NULL,
  `esActivo` tinyint(1) NOT NULL DEFAULT '1',
  `fechaCreacion` datetime NOT NULL DEFAULT CURRENT_TIMESTAMP,
  `fechaActualizacion` datetime NOT NULL DEFAULT CURRENT_TIMESTAMP ON UPDATE CURRENT_TIMESTAMP,
  PRIMARY KEY (`id_estadoSolicitud`)
) ENGINE=InnoDB AUTO_INCREMENT=4 DEFAULT CHARSET=utf8mb4 COLLATE=utf8mb4_0900_ai_ci;
/*!40101 SET character_set_client = @saved_cs_client */;

--
-- Dumping data for table `EstadoSolicitudTutorFijo`
--

LOCK TABLES `EstadoSolicitudTutorFijo` WRITE;
/*!40000 ALTER TABLE `EstadoSolicitudTutorFijo` DISABLE KEYS */;
INSERT INTO `EstadoSolicitudTutorFijo` VALUES (1,'En Espera',NULL,1,'2024-05-22 19:06:45','2024-05-22 19:25:02'),(2,'Aceptado',NULL,1,'2024-05-22 19:08:56','2024-05-22 19:08:56'),(3,'Rechazado',NULL,1,'2024-05-22 19:08:58','2024-05-22 19:08:58');
/*!40000 ALTER TABLE `EstadoSolicitudTutorFijo` ENABLE KEYS */;
UNLOCK TABLES;

--
-- Table structure for table `Facultad`
--

DROP TABLE IF EXISTS `Facultad`;
/*!40101 SET @saved_cs_client     = @@character_set_client */;
/*!50503 SET character_set_client = utf8mb4 */;
CREATE TABLE `Facultad` (
  `id_facultad` int NOT NULL AUTO_INCREMENT,
  `nombre` varchar(100) DEFAULT NULL,
  `fid_usuario` int DEFAULT NULL,
  `esActivo` tinyint NOT NULL DEFAULT '1',
  `fechaCreacion` datetime DEFAULT CURRENT_TIMESTAMP,
  `fechaActualizacion` datetime DEFAULT CURRENT_TIMESTAMP ON UPDATE CURRENT_TIMESTAMP,
  `siglas` varchar(10) DEFAULT NULL,
  PRIMARY KEY (`id_facultad`),
  KEY `fid_usuario` (`fid_usuario`),
  CONSTRAINT `Facultad_ibfk_1` FOREIGN KEY (`fid_usuario`) REFERENCES `Usuario` (`id_usuario`)
) ENGINE=InnoDB AUTO_INCREMENT=57 DEFAULT CHARSET=utf8mb4 COLLATE=utf8mb4_0900_ai_ci;
/*!40101 SET character_set_client = @saved_cs_client */;

--
-- Dumping data for table `Facultad`
--

LOCK TABLES `Facultad` WRITE;
/*!40000 ALTER TABLE `Facultad` DISABLE KEYS */;
INSERT INTO `Facultad` VALUES (1,'Derecho',2,1,'2024-06-16 05:07:42','2024-06-27 03:42:32',NULL),(3,'Estudios Generales Ciencias',139,1,'2024-06-16 06:01:42','2024-06-25 01:04:22',NULL),(5,'Marketing',66,0,'2024-06-17 02:20:48','2024-06-27 03:35:38',NULL),(6,'Artes',144,1,'2024-06-21 20:58:41','2024-06-28 04:51:50',NULL),(7,'Estudios Generales Letras',89,1,'2024-06-22 04:59:22','2024-07-05 02:53:58',NULL),(8,'Gastronomia',122,1,'2024-06-23 02:16:58','2024-06-30 19:11:19',NULL),(11,'Ciencias Sociales',69,1,'2024-06-23 02:24:42','2024-07-04 22:10:43',NULL),(12,'Educacion',136,1,'2024-06-23 02:36:57','2024-06-23 08:19:01',NULL),(13,'Arquitectura',3,1,'2024-06-23 19:23:45','2024-06-28 20:28:45',NULL),(15,'Ciencias Polticas',153,1,'2024-06-28 15:33:54','2024-06-28 15:33:55',NULL),(17,'Psicologa',74,0,'2024-06-28 15:38:24','2024-06-28 20:19:31',NULL),(19,'Economa',81,0,'2024-06-28 15:40:25','2024-06-28 15:41:09',NULL),(20,'Administracin',10,1,'2024-06-28 16:01:45','2024-07-04 22:03:53',NULL),(21,'Humanidades',160,1,'2024-06-28 16:02:52','2024-06-28 16:02:52',NULL),(22,'Astronoma',80,0,'2024-06-30 05:25:47','2024-07-03 02:10:10',NULL),(23,'Comunicacin',40,1,'2024-06-30 07:54:25','2024-07-02 04:05:00',NULL),(24,'Gasronoma',198,0,'2024-06-30 14:33:55','2024-06-30 14:34:11',NULL),(25,'Gastronoma experimental',199,1,'2024-06-30 14:41:19','2024-06-30 14:41:23',NULL),(26,'Economa Especializada',200,0,'2024-06-30 14:44:47','2024-06-30 14:46:18',NULL),(27,'Educacin Naval',201,1,'2024-06-30 14:48:15','2024-06-30 14:48:20',NULL),(28,'Turismo y Hotelera',74,0,'2024-06-30 18:20:02','2024-06-30 19:14:15',NULL),(29,'Filosofa',206,0,'2024-06-30 18:55:09','2024-06-30 19:06:24',NULL),(35,'AAAAAAAA',210,0,'2024-07-01 22:27:56','2024-07-01 22:31:06',NULL),(38,'BB',210,1,'2024-07-01 22:37:05','2024-07-01 22:37:05',NULL),(39,'Manufactura',73,1,'2024-07-02 01:49:33','2024-07-02 01:49:33',NULL),(41,'cocina nuclear',221,1,'2024-07-02 02:42:30','2024-07-02 02:42:30',NULL),(42,'Facutlad Prueba',71,1,'2024-07-02 02:49:12','2024-07-02 03:04:33',NULL),(43,'Facultad Testeo',70,1,'2024-07-02 02:50:39','2024-07-02 04:05:49',NULL),(44,'Facultad Dos',190,1,'2024-07-03 01:30:29','2024-07-03 01:30:29',NULL),(45,'Computacion',226,1,'2024-07-03 01:57:56','2024-07-03 02:12:56',NULL),(46,'Facultad TEST',232,1,'2024-07-03 16:52:06','2024-07-03 16:52:10',NULL),(48,'Ciencias Ambientales',76,1,'2024-07-04 04:25:31','2024-07-04 04:36:22',NULL),(49,'Artes II',293,0,'2024-07-04 20:51:51','2024-07-04 20:55:05',NULL),(50,'Artes III',294,0,'2024-07-04 20:59:39','2024-07-04 21:00:42',NULL),(51,'Artes IV',294,0,'2024-07-04 21:01:10','2024-07-04 21:02:42',NULL),(52,'Artes V',294,0,'2024-07-04 21:10:10','2024-07-04 21:10:31',NULL),(53,'Humanidades II',295,0,'2024-07-04 21:12:33','2024-07-04 21:13:13',NULL),(54,'Humanidades III',295,1,'2024-07-04 21:13:29','2024-07-04 21:13:29',NULL),(55,'Administracion II',297,1,'2024-07-04 22:29:08','2024-07-04 22:29:12',NULL),(56,'Nueva facu',72,1,'2024-07-05 00:50:15','2024-07-05 00:53:36',NULL);
/*!40000 ALTER TABLE `Facultad` ENABLE KEYS */;
UNLOCK TABLES;

--
-- Table structure for table `HistorialCitas`
--

DROP TABLE IF EXISTS `HistorialCitas`;
/*!40101 SET @saved_cs_client     = @@character_set_client */;
/*!50503 SET character_set_client = utf8mb4 */;
CREATE TABLE `HistorialCitas` (
  `id` int NOT NULL AUTO_INCREMENT,
  `citaId` int NOT NULL,
  `fechaHoraInicio` datetime DEFAULT NULL,
  `fechaHoraFin` datetime DEFAULT NULL,
  `tipoModalidad` varchar(255) DEFAULT NULL,
  `lugar` varchar(255) DEFAULT NULL,
  `estado` varchar(255) DEFAULT NULL,
  `usuarioModifico` int NOT NULL,
  `fechaModificacion` datetime NOT NULL DEFAULT CURRENT_TIMESTAMP,
  PRIMARY KEY (`id`),
  KEY `citaId` (`citaId`),
  KEY `usuarioModifico` (`usuarioModifico`),
  CONSTRAINT `HistorialCitas_ibfk_1` FOREIGN KEY (`citaId`) REFERENCES `SesionCita` (`id_cita`),
  CONSTRAINT `HistorialCitas_ibfk_2` FOREIGN KEY (`usuarioModifico`) REFERENCES `Usuario` (`id_usuario`)
) ENGINE=InnoDB DEFAULT CHARSET=utf8mb4 COLLATE=utf8mb4_0900_ai_ci;
/*!40101 SET character_set_client = @saved_cs_client */;

--
-- Dumping data for table `HistorialCitas`
--

LOCK TABLES `HistorialCitas` WRITE;
/*!40000 ALTER TABLE `HistorialCitas` DISABLE KEYS */;
/*!40000 ALTER TABLE `HistorialCitas` ENABLE KEYS */;
UNLOCK TABLES;

--
-- Table structure for table `HistoricoEstudiante`
--

DROP TABLE IF EXISTS `HistoricoEstudiante`;
/*!40101 SET @saved_cs_client     = @@character_set_client */;
/*!50503 SET character_set_client = utf8mb4 */;
CREATE TABLE `HistoricoEstudiante` (
  `id_registro` int NOT NULL AUTO_INCREMENT,
  `fid_alumno` int NOT NULL,
  `nota` longblob,
  `fechaCreacion` datetime NOT NULL DEFAULT CURRENT_TIMESTAMP,
  `fechaActualizacion` datetime NOT NULL DEFAULT CURRENT_TIMESTAMP ON UPDATE CURRENT_TIMESTAMP,
  `creadoPor` int DEFAULT NULL,
  `actualizadoPor` int DEFAULT NULL,
  `esActivo` tinyint(1) NOT NULL DEFAULT '1',
  PRIMARY KEY (`id_registro`),
  KEY `fid_alumno` (`fid_alumno`),
  CONSTRAINT `HistoricoEstudiante_ibfk_1` FOREIGN KEY (`fid_alumno`) REFERENCES `Usuario` (`id_usuario`)
) ENGINE=InnoDB AUTO_INCREMENT=14 DEFAULT CHARSET=utf8mb4 COLLATE=utf8mb4_0900_ai_ci;
/*!40101 SET character_set_client = @saved_cs_client */;

--
-- Dumping data for table `HistoricoEstudiante`
--

LOCK TABLES `HistoricoEstudiante` WRITE;
/*!40000 ALTER TABLE `HistoricoEstudiante` DISABLE KEYS */;
INSERT INTO `HistoricoEstudiante` VALUES (5,117,_binary '%PDF-1.4\r\n% ReportLab Generated PDF document http://www.reportlab.com\r\n1 0 obj\r\n<<\r\n/F1 2 0 R /F2 3 0 R\r\n>>\r\nendobj\r\n2 0 obj\r\n<<\r\n/BaseFont /Helvetica /Encoding /WinAnsiEncoding /Name /F1 /Subtype /Type1 /Type /Font\r\n>>\r\nendobj\r\n3 0 obj\r\n<<\r\n/BaseFont /Helvetica-Bold /Encoding /WinAnsiEncoding /Name /F2 /Subtype /Type1 /Type /Font\r\n>>\r\nendobj\r\n4 0 obj\r\n<<\r\n/Contents 8 0 R /MediaBox [ 0 0 612 792 ] /Parent 7 0 R /Resources <<\r\n/Font 1 0 R /ProcSet [ /PDF /Text /ImageB /ImageC /ImageI ]\r\n>> /Rotate 0 /Trans <<\r\n\r\n>> \r\n  /Type /Page\r\n>>\r\nendobj\r\n5 0 obj\r\n<<\r\n/PageMode /UseNone /Pages 7 0 R /Type /Catalog\r\n>>\r\nendobj\r\n6 0 obj\r\n<<\r\n/Author (\\(anonymous\\)) /CreationDate (D:20240611000907+05\'00\') /Creator (\\(unspecified\\)) /Keywords () /ModDate (D:20240611000907+05\'00\') /Producer (ReportLab PDF Library - www.reportlab.com) \r\n  /Subject (\\(unspecified\\)) /Title (\\(anonymous\\)) /Trapped /False\r\n>>\r\nendobj\r\n7 0 obj\r\n<<\r\n/Count 1 /Kids [ 4 0 R ] /Type /Pages\r\n>>\r\nendobj\r\n8 0 obj\r\n<<\r\n/Filter [ /ASCII85Decode /FlateDecode ] /Length 590\r\n>>\r\nstream\r\nGasJPgMYb\"%#46B\'YNc>6mHDKLWagB1CW#gCjlC<FUK\"*NB&WbqP.TsOJ2AU,a*Y*jA/WM#Z)S\"hkp\\:Y(69@\"N4,!!bnL)p^3XNh<u@1dQ0(R\"VqQBeiiCGN2B8]dmt5YEZkg3a?eN/m;c>^*oQ1%IHfLh5.0lV_=tAk0CPQYL>j!B=.hMpjdFqm]L!.>nO!I08+MDmhbe-7#m\"RfCo/2iSh5%!4PoLj2e\\b:Blo*3cGpc_;i\"+K6IIi04mj%pa#Na-d?#nXf#rAUbK\\)Zma@,b]`ndGBfhHN/M!J`L\"W!%5+S#hQ_tH,F1!h,f#AE]b._W5^-7g$=\'fE>X3`<V0o4TlPo1n2P:/o?4fsf8+m+m`8D_t7)%P1ieWo=B$;q#gRh[2`Wri\";K;Q^1?gHj(>>H[#:#eW1@t\'ok-uPT^8:EN_<PQ+^l\\%$2>#3YZ2/D<dF?P52WbncMX1,bIQLo@47q]EuG.>1ljR\\mjQp2)Onn5P*c$8![b8GcK\"e9/:&oiIs^mceN6MGO6bHibk;9nhcbC#O11WqNqAbfi*4^F5a$+Dk\'%^STt)2A./JqiO\"G)QsurW7T(/^s~>endstream\r\nendobj\r\nxref\r\n0 9\r\n0000000000 65535 f \r\n0000000073 00000 n \r\n0000000114 00000 n \r\n0000000221 00000 n \r\n0000000333 00000 n \r\n0000000526 00000 n \r\n0000000594 00000 n \r\n0000000877 00000 n \r\n0000000936 00000 n \r\ntrailer\r\n<<\r\n/ID \r\n[<898abb22c768b2f9734084f5f909eaf2><898abb22c768b2f9734084f5f909eaf2>]\r\n% ReportLab generated PDF document -- digest (http://www.reportlab.com)\r\n\r\n/Info 6 0 R\r\n/Root 5 0 R\r\n/Size 9\r\n>>\r\nstartxref\r\n1616\r\n%%EOF\r\n','2024-06-26 06:49:39','2024-06-27 04:18:25',2,2,1),(6,64,_binary '%PDF-1.4\r\n% ReportLab Generated PDF document http://www.reportlab.com\r\n1 0 obj\r\n<<\r\n/F1 2 0 R /F2 3 0 R\r\n>>\r\nendobj\r\n2 0 obj\r\n<<\r\n/BaseFont /Helvetica /Encoding /WinAnsiEncoding /Name /F1 /Subtype /Type1 /Type /Font\r\n>>\r\nendobj\r\n3 0 obj\r\n<<\r\n/BaseFont /Helvetica-Bold /Encoding /WinAnsiEncoding /Name /F2 /Subtype /Type1 /Type /Font\r\n>>\r\nendobj\r\n4 0 obj\r\n<<\r\n/Contents 8 0 R /MediaBox [ 0 0 612 792 ] /Parent 7 0 R /Resources <<\r\n/Font 1 0 R /ProcSet [ /PDF /Text /ImageB /ImageC /ImageI ]\r\n>> /Rotate 0 /Trans <<\r\n\r\n>> \r\n  /Type /Page\r\n>>\r\nendobj\r\n5 0 obj\r\n<<\r\n/PageMode /UseNone /Pages 7 0 R /Type /Catalog\r\n>>\r\nendobj\r\n6 0 obj\r\n<<\r\n/Author (\\(anonymous\\)) /CreationDate (D:20240611000907+05\'00\') /Creator (\\(unspecified\\)) /Keywords () /ModDate (D:20240611000907+05\'00\') /Producer (ReportLab PDF Library - www.reportlab.com) \r\n  /Subject (\\(unspecified\\)) /Title (\\(anonymous\\)) /Trapped /False\r\n>>\r\nendobj\r\n7 0 obj\r\n<<\r\n/Count 1 /Kids [ 4 0 R ] /Type /Pages\r\n>>\r\nendobj\r\n8 0 obj\r\n<<\r\n/Filter [ /ASCII85Decode /FlateDecode ] /Length 590\r\n>>\r\nstream\r\nGasJPgMYb\"%#46B\'YNc>6mHDKLWagB1CW#gCjlC<FUK\"*NB&WbqP.TsOJ2AU,a*Y*jA/WM#Z)S\"hkp\\:Y(69@\"N4,!!bnL)p^3XNh<u@1dQ0(R\"VqQBeiiCGN2B8]dmt5YEZkg3a?eN/m;c>^*oQ1%IHfLh5.0lV_=tAk0CPQYL>j!B=.hMpjdFqm]L!.>nO!I08+MDmhbe-7#m\"RfCo/2iSh5%!4PoLj2e\\b:Blo*3cGpc_;i\"+K6IIi04mj%pa#Na-d?#nXf#rAUbK\\)Zma@,b]`ndGBfhHN/M!J`L\"W!%5+S#hQ_tH,F1!h,f#AE]b._W5^-7g$=\'fE>X3`<V0o4TlPo1n2P:/o?4fsf8+m+m`8D_t7)%P1ieWo=B$;q#gRh[2`Wri\";K;Q^1?gHj(>>H[#:#eW1@t\'ok-uPT^8:EN_<PQ+^l\\%$2>#3YZ2/D<dF?P52WbncMX1,bIQLo@47q]EuG.>1ljR\\mjQp2)Onn5P*c$8![b8GcK\"e9/:&oiIs^mceN6MGO6bHibk;9nhcbC#O11WqNqAbfi*4^F5a$+Dk\'%^STt)2A./JqiO\"G)QsurW7T(/^s~>endstream\r\nendobj\r\nxref\r\n0 9\r\n0000000000 65535 f \r\n0000000073 00000 n \r\n0000000114 00000 n \r\n0000000221 00000 n \r\n0000000333 00000 n \r\n0000000526 00000 n \r\n0000000594 00000 n \r\n0000000877 00000 n \r\n0000000936 00000 n \r\ntrailer\r\n<<\r\n/ID \r\n[<898abb22c768b2f9734084f5f909eaf2><898abb22c768b2f9734084f5f909eaf2>]\r\n% ReportLab generated PDF document -- digest (http://www.reportlab.com)\r\n\r\n/Info 6 0 R\r\n/Root 5 0 R\r\n/Size 9\r\n>>\r\nstartxref\r\n1616\r\n%%EOF\r\n','2024-06-26 06:49:39','2024-06-30 08:11:04',2,2,1),(7,39,_binary '%PDF-1.4\r\n% ReportLab Generated PDF document http://www.reportlab.com\r\n1 0 obj\r\n<<\r\n/F1 2 0 R /F2 3 0 R\r\n>>\r\nendobj\r\n2 0 obj\r\n<<\r\n/BaseFont /Helvetica /Encoding /WinAnsiEncoding /Name /F1 /Subtype /Type1 /Type /Font\r\n>>\r\nendobj\r\n3 0 obj\r\n<<\r\n/BaseFont /Helvetica-Bold /Encoding /WinAnsiEncoding /Name /F2 /Subtype /Type1 /Type /Font\r\n>>\r\nendobj\r\n4 0 obj\r\n<<\r\n/Contents 8 0 R /MediaBox [ 0 0 612 792 ] /Parent 7 0 R /Resources <<\r\n/Font 1 0 R /ProcSet [ /PDF /Text /ImageB /ImageC /ImageI ]\r\n>> /Rotate 0 /Trans <<\r\n\r\n>> \r\n  /Type /Page\r\n>>\r\nendobj\r\n5 0 obj\r\n<<\r\n/PageMode /UseNone /Pages 7 0 R /Type /Catalog\r\n>>\r\nendobj\r\n6 0 obj\r\n<<\r\n/Author (\\(anonymous\\)) /CreationDate (D:20240611000907+05\'00\') /Creator (\\(unspecified\\)) /Keywords () /ModDate (D:20240611000907+05\'00\') /Producer (ReportLab PDF Library - www.reportlab.com) \r\n  /Subject (\\(unspecified\\)) /Title (\\(anonymous\\)) /Trapped /False\r\n>>\r\nendobj\r\n7 0 obj\r\n<<\r\n/Count 1 /Kids [ 4 0 R ] /Type /Pages\r\n>>\r\nendobj\r\n8 0 obj\r\n<<\r\n/Filter [ /ASCII85Decode /FlateDecode ] /Length 590\r\n>>\r\nstream\r\nGasJPgMYb\"%#46B\'YNc>6mHDKLWagB1CW#gCjlC<FUK\"*NB&WbqP.TsOJ2AU,a*Y*jA/WM#Z)S\"hkp\\:Y(69@\"N4,!!bnL)p^3XNh<u@1dQ0(R\"VqQBeiiCGN2B8]dmt5YEZkg3a?eN/m;c>^*oQ1%IHfLh5.0lV_=tAk0CPQYL>j!B=.hMpjdFqm]L!.>nO!I08+MDmhbe-7#m\"RfCo/2iSh5%!4PoLj2e\\b:Blo*3cGpc_;i\"+K6IIi04mj%pa#Na-d?#nXf#rAUbK\\)Zma@,b]`ndGBfhHN/M!J`L\"W!%5+S#hQ_tH,F1!h,f#AE]b._W5^-7g$=\'fE>X3`<V0o4TlPo1n2P:/o?4fsf8+m+m`8D_t7)%P1ieWo=B$;q#gRh[2`Wri\";K;Q^1?gHj(>>H[#:#eW1@t\'ok-uPT^8:EN_<PQ+^l\\%$2>#3YZ2/D<dF?P52WbncMX1,bIQLo@47q]EuG.>1ljR\\mjQp2)Onn5P*c$8![b8GcK\"e9/:&oiIs^mceN6MGO6bHibk;9nhcbC#O11WqNqAbfi*4^F5a$+Dk\'%^STt)2A./JqiO\"G)QsurW7T(/^s~>endstream\r\nendobj\r\nxref\r\n0 9\r\n0000000000 65535 f \r\n0000000073 00000 n \r\n0000000114 00000 n \r\n0000000221 00000 n \r\n0000000333 00000 n \r\n0000000526 00000 n \r\n0000000594 00000 n \r\n0000000877 00000 n \r\n0000000936 00000 n \r\ntrailer\r\n<<\r\n/ID \r\n[<898abb22c768b2f9734084f5f909eaf2><898abb22c768b2f9734084f5f909eaf2>]\r\n% ReportLab generated PDF document -- digest (http://www.reportlab.com)\r\n\r\n/Info 6 0 R\r\n/Root 5 0 R\r\n/Size 9\r\n>>\r\nstartxref\r\n1616\r\n%%EOF\r\n','2024-06-27 04:18:25','2024-06-30 08:11:03',2,2,1),(8,68,_binary '%PDF-1.4\r\n% ReportLab Generated PDF document http://www.reportlab.com\r\n1 0 obj\r\n<<\r\n/F1 2 0 R /F2 3 0 R\r\n>>\r\nendobj\r\n2 0 obj\r\n<<\r\n/BaseFont /Helvetica /Encoding /WinAnsiEncoding /Name /F1 /Subtype /Type1 /Type /Font\r\n>>\r\nendobj\r\n3 0 obj\r\n<<\r\n/BaseFont /Helvetica-Bold /Encoding /WinAnsiEncoding /Name /F2 /Subtype /Type1 /Type /Font\r\n>>\r\nendobj\r\n4 0 obj\r\n<<\r\n/Contents 8 0 R /MediaBox [ 0 0 612 792 ] /Parent 7 0 R /Resources <<\r\n/Font 1 0 R /ProcSet [ /PDF /Text /ImageB /ImageC /ImageI ]\r\n>> /Rotate 0 /Trans <<\r\n\r\n>> \r\n  /Type /Page\r\n>>\r\nendobj\r\n5 0 obj\r\n<<\r\n/PageMode /UseNone /Pages 7 0 R /Type /Catalog\r\n>>\r\nendobj\r\n6 0 obj\r\n<<\r\n/Author (\\(anonymous\\)) /CreationDate (D:20240611000907+05\'00\') /Creator (\\(unspecified\\)) /Keywords () /ModDate (D:20240611000907+05\'00\') /Producer (ReportLab PDF Library - www.reportlab.com) \r\n  /Subject (\\(unspecified\\)) /Title (\\(anonymous\\)) /Trapped /False\r\n>>\r\nendobj\r\n7 0 obj\r\n<<\r\n/Count 1 /Kids [ 4 0 R ] /Type /Pages\r\n>>\r\nendobj\r\n8 0 obj\r\n<<\r\n/Filter [ /ASCII85Decode /FlateDecode ] /Length 590\r\n>>\r\nstream\r\nGasJPgMYb\"%#46B\'YNc>6mHDKLWagB1CW#gCjlC<FUK\"*NB&WbqP.TsOJ2AU,a*Y*jA/WM#Z)S\"hkp\\:Y(69@\"N4,!!bnL)p^3XNh<u@1dQ0(R\"VqQBeiiCGN2B8]dmt5YEZkg3a?eN/m;c>^*oQ1%IHfLh5.0lV_=tAk0CPQYL>j!B=.hMpjdFqm]L!.>nO!I08+MDmhbe-7#m\"RfCo/2iSh5%!4PoLj2e\\b:Blo*3cGpc_;i\"+K6IIi04mj%pa#Na-d?#nXf#rAUbK\\)Zma@,b]`ndGBfhHN/M!J`L\"W!%5+S#hQ_tH,F1!h,f#AE]b._W5^-7g$=\'fE>X3`<V0o4TlPo1n2P:/o?4fsf8+m+m`8D_t7)%P1ieWo=B$;q#gRh[2`Wri\";K;Q^1?gHj(>>H[#:#eW1@t\'ok-uPT^8:EN_<PQ+^l\\%$2>#3YZ2/D<dF?P52WbncMX1,bIQLo@47q]EuG.>1ljR\\mjQp2)Onn5P*c$8![b8GcK\"e9/:&oiIs^mceN6MGO6bHibk;9nhcbC#O11WqNqAbfi*4^F5a$+Dk\'%^STt)2A./JqiO\"G)QsurW7T(/^s~>endstream\r\nendobj\r\nxref\r\n0 9\r\n0000000000 65535 f \r\n0000000073 00000 n \r\n0000000114 00000 n \r\n0000000221 00000 n \r\n0000000333 00000 n \r\n0000000526 00000 n \r\n0000000594 00000 n \r\n0000000877 00000 n \r\n0000000936 00000 n \r\ntrailer\r\n<<\r\n/ID \r\n[<898abb22c768b2f9734084f5f909eaf2><898abb22c768b2f9734084f5f909eaf2>]\r\n% ReportLab generated PDF document -- digest (http://www.reportlab.com)\r\n\r\n/Info 6 0 R\r\n/Root 5 0 R\r\n/Size 9\r\n>>\r\nstartxref\r\n1616\r\n%%EOF\r\n','2024-06-27 04:18:25','2024-06-30 08:11:04',2,2,1),(9,4,_binary '%PDF-1.4\r\n% ReportLab Generated PDF document http://www.reportlab.com\r\n1 0 obj\r\n<<\r\n/F1 2 0 R /F2 3 0 R\r\n>>\r\nendobj\r\n2 0 obj\r\n<<\r\n/BaseFont /Helvetica /Encoding /WinAnsiEncoding /Name /F1 /Subtype /Type1 /Type /Font\r\n>>\r\nendobj\r\n3 0 obj\r\n<<\r\n/BaseFont /Helvetica-Bold /Encoding /WinAnsiEncoding /Name /F2 /Subtype /Type1 /Type /Font\r\n>>\r\nendobj\r\n4 0 obj\r\n<<\r\n/Contents 8 0 R /MediaBox [ 0 0 612 792 ] /Parent 7 0 R /Resources <<\r\n/Font 1 0 R /ProcSet [ /PDF /Text /ImageB /ImageC /ImageI ]\r\n>> /Rotate 0 /Trans <<\r\n\r\n>> \r\n  /Type /Page\r\n>>\r\nendobj\r\n5 0 obj\r\n<<\r\n/PageMode /UseNone /Pages 7 0 R /Type /Catalog\r\n>>\r\nendobj\r\n6 0 obj\r\n<<\r\n/Author (\\(anonymous\\)) /CreationDate (D:20240611000907+05\'00\') /Creator (\\(unspecified\\)) /Keywords () /ModDate (D:20240611000907+05\'00\') /Producer (ReportLab PDF Library - www.reportlab.com) \r\n  /Subject (\\(unspecified\\)) /Title (\\(anonymous\\)) /Trapped /False\r\n>>\r\nendobj\r\n7 0 obj\r\n<<\r\n/Count 1 /Kids [ 4 0 R ] /Type /Pages\r\n>>\r\nendobj\r\n8 0 obj\r\n<<\r\n/Filter [ /ASCII85Decode /FlateDecode ] /Length 590\r\n>>\r\nstream\r\nGasJPgMYb\"%#46B\'YNc>6mHDKLWagB1CW#gCjlC<FUK\"*NB&WbqP.TsOJ2AU,a*Y*jA/WM#Z)S\"hkp\\:Y(69@\"N4,!!bnL)p^3XNh<u@1dQ0(R\"VqQBeiiCGN2B8]dmt5YEZkg3a?eN/m;c>^*oQ1%IHfLh5.0lV_=tAk0CPQYL>j!B=.hMpjdFqm]L!.>nO!I08+MDmhbe-7#m\"RfCo/2iSh5%!4PoLj2e\\b:Blo*3cGpc_;i\"+K6IIi04mj%pa#Na-d?#nXf#rAUbK\\)Zma@,b]`ndGBfhHN/M!J`L\"W!%5+S#hQ_tH,F1!h,f#AE]b._W5^-7g$=\'fE>X3`<V0o4TlPo1n2P:/o?4fsf8+m+m`8D_t7)%P1ieWo=B$;q#gRh[2`Wri\";K;Q^1?gHj(>>H[#:#eW1@t\'ok-uPT^8:EN_<PQ+^l\\%$2>#3YZ2/D<dF?P52WbncMX1,bIQLo@47q]EuG.>1ljR\\mjQp2)Onn5P*c$8![b8GcK\"e9/:&oiIs^mceN6MGO6bHibk;9nhcbC#O11WqNqAbfi*4^F5a$+Dk\'%^STt)2A./JqiO\"G)QsurW7T(/^s~>endstream\r\nendobj\r\nxref\r\n0 9\r\n0000000000 65535 f \r\n0000000073 00000 n \r\n0000000114 00000 n \r\n0000000221 00000 n \r\n0000000333 00000 n \r\n0000000526 00000 n \r\n0000000594 00000 n \r\n0000000877 00000 n \r\n0000000936 00000 n \r\ntrailer\r\n<<\r\n/ID \r\n[<898abb22c768b2f9734084f5f909eaf2><898abb22c768b2f9734084f5f909eaf2>]\r\n% ReportLab generated PDF document -- digest (http://www.reportlab.com)\r\n\r\n/Info 6 0 R\r\n/Root 5 0 R\r\n/Size 9\r\n>>\r\nstartxref\r\n1616\r\n%%EOF\r\n','2024-06-29 02:01:02','2024-06-30 08:11:04',2,2,1),(10,194,_binary '%PDF-1.4\r\n% ReportLab Generated PDF document http://www.reportlab.com\r\n1 0 obj\r\n<<\r\n/F1 2 0 R /F2 3 0 R\r\n>>\r\nendobj\r\n2 0 obj\r\n<<\r\n/BaseFont /Helvetica /Encoding /WinAnsiEncoding /Name /F1 /Subtype /Type1 /Type /Font\r\n>>\r\nendobj\r\n3 0 obj\r\n<<\r\n/BaseFont /Helvetica-Bold /Encoding /WinAnsiEncoding /Name /F2 /Subtype /Type1 /Type /Font\r\n>>\r\nendobj\r\n4 0 obj\r\n<<\r\n/Contents 8 0 R /MediaBox [ 0 0 612 792 ] /Parent 7 0 R /Resources <<\r\n/Font 1 0 R /ProcSet [ /PDF /Text /ImageB /ImageC /ImageI ]\r\n>> /Rotate 0 /Trans <<\r\n\r\n>> \r\n  /Type /Page\r\n>>\r\nendobj\r\n5 0 obj\r\n<<\r\n/PageMode /UseNone /Pages 7 0 R /Type /Catalog\r\n>>\r\nendobj\r\n6 0 obj\r\n<<\r\n/Author (\\(anonymous\\)) /CreationDate (D:20240611000907+05\'00\') /Creator (\\(unspecified\\)) /Keywords () /ModDate (D:20240611000907+05\'00\') /Producer (ReportLab PDF Library - www.reportlab.com) \r\n  /Subject (\\(unspecified\\)) /Title (\\(anonymous\\)) /Trapped /False\r\n>>\r\nendobj\r\n7 0 obj\r\n<<\r\n/Count 1 /Kids [ 4 0 R ] /Type /Pages\r\n>>\r\nendobj\r\n8 0 obj\r\n<<\r\n/Filter [ /ASCII85Decode /FlateDecode ] /Length 590\r\n>>\r\nstream\r\nGasJPgMYb\"%#46B\'YNc>6mHDKLWagB1CW#gCjlC<FUK\"*NB&WbqP.TsOJ2AU,a*Y*jA/WM#Z)S\"hkp\\:Y(69@\"N4,!!bnL)p^3XNh<u@1dQ0(R\"VqQBeiiCGN2B8]dmt5YEZkg3a?eN/m;c>^*oQ1%IHfLh5.0lV_=tAk0CPQYL>j!B=.hMpjdFqm]L!.>nO!I08+MDmhbe-7#m\"RfCo/2iSh5%!4PoLj2e\\b:Blo*3cGpc_;i\"+K6IIi04mj%pa#Na-d?#nXf#rAUbK\\)Zma@,b]`ndGBfhHN/M!J`L\"W!%5+S#hQ_tH,F1!h,f#AE]b._W5^-7g$=\'fE>X3`<V0o4TlPo1n2P:/o?4fsf8+m+m`8D_t7)%P1ieWo=B$;q#gRh[2`Wri\";K;Q^1?gHj(>>H[#:#eW1@t\'ok-uPT^8:EN_<PQ+^l\\%$2>#3YZ2/D<dF?P52WbncMX1,bIQLo@47q]EuG.>1ljR\\mjQp2)Onn5P*c$8![b8GcK\"e9/:&oiIs^mceN6MGO6bHibk;9nhcbC#O11WqNqAbfi*4^F5a$+Dk\'%^STt)2A./JqiO\"G)QsurW7T(/^s~>endstream\r\nendobj\r\nxref\r\n0 9\r\n0000000000 65535 f \r\n0000000073 00000 n \r\n0000000114 00000 n \r\n0000000221 00000 n \r\n0000000333 00000 n \r\n0000000526 00000 n \r\n0000000594 00000 n \r\n0000000877 00000 n \r\n0000000936 00000 n \r\ntrailer\r\n<<\r\n/ID \r\n[<898abb22c768b2f9734084f5f909eaf2><898abb22c768b2f9734084f5f909eaf2>]\r\n% ReportLab generated PDF document -- digest (http://www.reportlab.com)\r\n\r\n/Info 6 0 R\r\n/Root 5 0 R\r\n/Size 9\r\n>>\r\nstartxref\r\n1616\r\n%%EOF\r\n','2024-06-30 06:55:57','2024-06-30 06:56:40',2,2,1),(11,191,_binary '%PDF-1.4\r\n% ReportLab Generated PDF document http://www.reportlab.com\r\n1 0 obj\r\n<<\r\n/F1 2 0 R /F2 3 0 R\r\n>>\r\nendobj\r\n2 0 obj\r\n<<\r\n/BaseFont /Helvetica /Encoding /WinAnsiEncoding /Name /F1 /Subtype /Type1 /Type /Font\r\n>>\r\nendobj\r\n3 0 obj\r\n<<\r\n/BaseFont /Helvetica-Bold /Encoding /WinAnsiEncoding /Name /F2 /Subtype /Type1 /Type /Font\r\n>>\r\nendobj\r\n4 0 obj\r\n<<\r\n/Contents 8 0 R /MediaBox [ 0 0 612 792 ] /Parent 7 0 R /Resources <<\r\n/Font 1 0 R /ProcSet [ /PDF /Text /ImageB /ImageC /ImageI ]\r\n>> /Rotate 0 /Trans <<\r\n\r\n>> \r\n  /Type /Page\r\n>>\r\nendobj\r\n5 0 obj\r\n<<\r\n/PageMode /UseNone /Pages 7 0 R /Type /Catalog\r\n>>\r\nendobj\r\n6 0 obj\r\n<<\r\n/Author (\\(anonymous\\)) /CreationDate (D:20240611000907+05\'00\') /Creator (\\(unspecified\\)) /Keywords () /ModDate (D:20240611000907+05\'00\') /Producer (ReportLab PDF Library - www.reportlab.com) \r\n  /Subject (\\(unspecified\\)) /Title (\\(anonymous\\)) /Trapped /False\r\n>>\r\nendobj\r\n7 0 obj\r\n<<\r\n/Count 1 /Kids [ 4 0 R ] /Type /Pages\r\n>>\r\nendobj\r\n8 0 obj\r\n<<\r\n/Filter [ /ASCII85Decode /FlateDecode ] /Length 590\r\n>>\r\nstream\r\nGasJPgMYb\"%#46B\'YNc>6mHDKLWagB1CW#gCjlC<FUK\"*NB&WbqP.TsOJ2AU,a*Y*jA/WM#Z)S\"hkp\\:Y(69@\"N4,!!bnL)p^3XNh<u@1dQ0(R\"VqQBeiiCGN2B8]dmt5YEZkg3a?eN/m;c>^*oQ1%IHfLh5.0lV_=tAk0CPQYL>j!B=.hMpjdFqm]L!.>nO!I08+MDmhbe-7#m\"RfCo/2iSh5%!4PoLj2e\\b:Blo*3cGpc_;i\"+K6IIi04mj%pa#Na-d?#nXf#rAUbK\\)Zma@,b]`ndGBfhHN/M!J`L\"W!%5+S#hQ_tH,F1!h,f#AE]b._W5^-7g$=\'fE>X3`<V0o4TlPo1n2P:/o?4fsf8+m+m`8D_t7)%P1ieWo=B$;q#gRh[2`Wri\";K;Q^1?gHj(>>H[#:#eW1@t\'ok-uPT^8:EN_<PQ+^l\\%$2>#3YZ2/D<dF?P52WbncMX1,bIQLo@47q]EuG.>1ljR\\mjQp2)Onn5P*c$8![b8GcK\"e9/:&oiIs^mceN6MGO6bHibk;9nhcbC#O11WqNqAbfi*4^F5a$+Dk\'%^STt)2A./JqiO\"G)QsurW7T(/^s~>endstream\r\nendobj\r\nxref\r\n0 9\r\n0000000000 65535 f \r\n0000000073 00000 n \r\n0000000114 00000 n \r\n0000000221 00000 n \r\n0000000333 00000 n \r\n0000000526 00000 n \r\n0000000594 00000 n \r\n0000000877 00000 n \r\n0000000936 00000 n \r\ntrailer\r\n<<\r\n/ID \r\n[<898abb22c768b2f9734084f5f909eaf2><898abb22c768b2f9734084f5f909eaf2>]\r\n% ReportLab generated PDF document -- digest (http://www.reportlab.com)\r\n\r\n/Info 6 0 R\r\n/Root 5 0 R\r\n/Size 9\r\n>>\r\nstartxref\r\n1616\r\n%%EOF\r\n','2024-06-30 06:55:57','2024-06-30 06:56:40',2,2,1),(12,148,_binary '%PDF-1.4\r\n% ReportLab Generated PDF document http://www.reportlab.com\r\n1 0 obj\r\n<<\r\n/F1 2 0 R /F2 3 0 R\r\n>>\r\nendobj\r\n2 0 obj\r\n<<\r\n/BaseFont /Helvetica /Encoding /WinAnsiEncoding /Name /F1 /Subtype /Type1 /Type /Font\r\n>>\r\nendobj\r\n3 0 obj\r\n<<\r\n/BaseFont /Helvetica-Bold /Encoding /WinAnsiEncoding /Name /F2 /Subtype /Type1 /Type /Font\r\n>>\r\nendobj\r\n4 0 obj\r\n<<\r\n/Contents 8 0 R /MediaBox [ 0 0 612 792 ] /Parent 7 0 R /Resources <<\r\n/Font 1 0 R /ProcSet [ /PDF /Text /ImageB /ImageC /ImageI ]\r\n>> /Rotate 0 /Trans <<\r\n\r\n>> \r\n  /Type /Page\r\n>>\r\nendobj\r\n5 0 obj\r\n<<\r\n/PageMode /UseNone /Pages 7 0 R /Type /Catalog\r\n>>\r\nendobj\r\n6 0 obj\r\n<<\r\n/Author (\\(anonymous\\)) /CreationDate (D:20240611000907+05\'00\') /Creator (\\(unspecified\\)) /Keywords () /ModDate (D:20240611000907+05\'00\') /Producer (ReportLab PDF Library - www.reportlab.com) \r\n  /Subject (\\(unspecified\\)) /Title (\\(anonymous\\)) /Trapped /False\r\n>>\r\nendobj\r\n7 0 obj\r\n<<\r\n/Count 1 /Kids [ 4 0 R ] /Type /Pages\r\n>>\r\nendobj\r\n8 0 obj\r\n<<\r\n/Filter [ /ASCII85Decode /FlateDecode ] /Length 590\r\n>>\r\nstream\r\nGasJPgMYb\"%#46B\'YNc>6mHDKLWagB1CW#gCjlC<FUK\"*NB&WbqP.TsOJ2AU,a*Y*jA/WM#Z)S\"hkp\\:Y(69@\"N4,!!bnL)p^3XNh<u@1dQ0(R\"VqQBeiiCGN2B8]dmt5YEZkg3a?eN/m;c>^*oQ1%IHfLh5.0lV_=tAk0CPQYL>j!B=.hMpjdFqm]L!.>nO!I08+MDmhbe-7#m\"RfCo/2iSh5%!4PoLj2e\\b:Blo*3cGpc_;i\"+K6IIi04mj%pa#Na-d?#nXf#rAUbK\\)Zma@,b]`ndGBfhHN/M!J`L\"W!%5+S#hQ_tH,F1!h,f#AE]b._W5^-7g$=\'fE>X3`<V0o4TlPo1n2P:/o?4fsf8+m+m`8D_t7)%P1ieWo=B$;q#gRh[2`Wri\";K;Q^1?gHj(>>H[#:#eW1@t\'ok-uPT^8:EN_<PQ+^l\\%$2>#3YZ2/D<dF?P52WbncMX1,bIQLo@47q]EuG.>1ljR\\mjQp2)Onn5P*c$8![b8GcK\"e9/:&oiIs^mceN6MGO6bHibk;9nhcbC#O11WqNqAbfi*4^F5a$+Dk\'%^STt)2A./JqiO\"G)QsurW7T(/^s~>endstream\r\nendobj\r\nxref\r\n0 9\r\n0000000000 65535 f \r\n0000000073 00000 n \r\n0000000114 00000 n \r\n0000000221 00000 n \r\n0000000333 00000 n \r\n0000000526 00000 n \r\n0000000594 00000 n \r\n0000000877 00000 n \r\n0000000936 00000 n \r\ntrailer\r\n<<\r\n/ID \r\n[<898abb22c768b2f9734084f5f909eaf2><898abb22c768b2f9734084f5f909eaf2>]\r\n% ReportLab generated PDF document -- digest (http://www.reportlab.com)\r\n\r\n/Info 6 0 R\r\n/Root 5 0 R\r\n/Size 9\r\n>>\r\nstartxref\r\n1616\r\n%%EOF\r\n','2024-06-30 06:55:57','2024-06-30 06:56:40',2,2,1),(13,169,_binary '%PDF-1.4\r\n% ReportLab Generated PDF document http://www.reportlab.com\r\n1 0 obj\r\n<<\r\n/F1 2 0 R /F2 3 0 R\r\n>>\r\nendobj\r\n2 0 obj\r\n<<\r\n/BaseFont /Helvetica /Encoding /WinAnsiEncoding /Name /F1 /Subtype /Type1 /Type /Font\r\n>>\r\nendobj\r\n3 0 obj\r\n<<\r\n/BaseFont /Helvetica-Bold /Encoding /WinAnsiEncoding /Name /F2 /Subtype /Type1 /Type /Font\r\n>>\r\nendobj\r\n4 0 obj\r\n<<\r\n/Contents 8 0 R /MediaBox [ 0 0 612 792 ] /Parent 7 0 R /Resources <<\r\n/Font 1 0 R /ProcSet [ /PDF /Text /ImageB /ImageC /ImageI ]\r\n>> /Rotate 0 /Trans <<\r\n\r\n>> \r\n  /Type /Page\r\n>>\r\nendobj\r\n5 0 obj\r\n<<\r\n/PageMode /UseNone /Pages 7 0 R /Type /Catalog\r\n>>\r\nendobj\r\n6 0 obj\r\n<<\r\n/Author (\\(anonymous\\)) /CreationDate (D:20240611000907+05\'00\') /Creator (\\(unspecified\\)) /Keywords () /ModDate (D:20240611000907+05\'00\') /Producer (ReportLab PDF Library - www.reportlab.com) \r\n  /Subject (\\(unspecified\\)) /Title (\\(anonymous\\)) /Trapped /False\r\n>>\r\nendobj\r\n7 0 obj\r\n<<\r\n/Count 1 /Kids [ 4 0 R ] /Type /Pages\r\n>>\r\nendobj\r\n8 0 obj\r\n<<\r\n/Filter [ /ASCII85Decode /FlateDecode ] /Length 590\r\n>>\r\nstream\r\nGasJPgMYb\"%#46B\'YNc>6mHDKLWagB1CW#gCjlC<FUK\"*NB&WbqP.TsOJ2AU,a*Y*jA/WM#Z)S\"hkp\\:Y(69@\"N4,!!bnL)p^3XNh<u@1dQ0(R\"VqQBeiiCGN2B8]dmt5YEZkg3a?eN/m;c>^*oQ1%IHfLh5.0lV_=tAk0CPQYL>j!B=.hMpjdFqm]L!.>nO!I08+MDmhbe-7#m\"RfCo/2iSh5%!4PoLj2e\\b:Blo*3cGpc_;i\"+K6IIi04mj%pa#Na-d?#nXf#rAUbK\\)Zma@,b]`ndGBfhHN/M!J`L\"W!%5+S#hQ_tH,F1!h,f#AE]b._W5^-7g$=\'fE>X3`<V0o4TlPo1n2P:/o?4fsf8+m+m`8D_t7)%P1ieWo=B$;q#gRh[2`Wri\";K;Q^1?gHj(>>H[#:#eW1@t\'ok-uPT^8:EN_<PQ+^l\\%$2>#3YZ2/D<dF?P52WbncMX1,bIQLo@47q]EuG.>1ljR\\mjQp2)Onn5P*c$8![b8GcK\"e9/:&oiIs^mceN6MGO6bHibk;9nhcbC#O11WqNqAbfi*4^F5a$+Dk\'%^STt)2A./JqiO\"G)QsurW7T(/^s~>endstream\r\nendobj\r\nxref\r\n0 9\r\n0000000000 65535 f \r\n0000000073 00000 n \r\n0000000114 00000 n \r\n0000000221 00000 n \r\n0000000333 00000 n \r\n0000000526 00000 n \r\n0000000594 00000 n \r\n0000000877 00000 n \r\n0000000936 00000 n \r\ntrailer\r\n<<\r\n/ID \r\n[<898abb22c768b2f9734084f5f909eaf2><898abb22c768b2f9734084f5f909eaf2>]\r\n% ReportLab generated PDF document -- digest (http://www.reportlab.com)\r\n\r\n/Info 6 0 R\r\n/Root 5 0 R\r\n/Size 9\r\n>>\r\nstartxref\r\n1616\r\n%%EOF\r\n','2024-06-30 08:11:04','2024-06-30 08:11:04',2,2,1);
/*!40000 ALTER TABLE `HistoricoEstudiante` ENABLE KEYS */;
UNLOCK TABLES;

--
-- Table structure for table `Notificaciones`
--

DROP TABLE IF EXISTS `Notificaciones`;
/*!40101 SET @saved_cs_client     = @@character_set_client */;
/*!50503 SET character_set_client = utf8mb4 */;
CREATE TABLE `Notificaciones` (
  `id_notificacion` int NOT NULL AUTO_INCREMENT,
  `fid_usuario` int NOT NULL,
  `fid_sesionCita` int NOT NULL,
  `tipo` enum('recordatorio','cambio','cancelacin','confirmacin') NOT NULL,
  `leido` tinyint(1) NOT NULL DEFAULT '0',
  `fechaCreacion` datetime NOT NULL DEFAULT CURRENT_TIMESTAMP,
  `fechaActualizacion` datetime NOT NULL DEFAULT CURRENT_TIMESTAMP ON UPDATE CURRENT_TIMESTAMP,
  `fechaHoraInicio` datetime DEFAULT NULL,
  `fechaHoraFin` datetime DEFAULT NULL,
  `modalidad` varchar(255) DEFAULT NULL,
  `lugar` varchar(255) DEFAULT NULL,
  PRIMARY KEY (`id_notificacion`),
  KEY `fid_usuario` (`fid_usuario`),
  KEY `fid_sesionCita` (`fid_sesionCita`),
  CONSTRAINT `Notificaciones_ibfk_1` FOREIGN KEY (`fid_usuario`) REFERENCES `Usuario` (`id_usuario`),
  CONSTRAINT `Notificaciones_ibfk_2` FOREIGN KEY (`fid_sesionCita`) REFERENCES `SesionCita` (`id_cita`)
) ENGINE=InnoDB AUTO_INCREMENT=238 DEFAULT CHARSET=utf8mb4 COLLATE=utf8mb4_0900_ai_ci;
/*!40101 SET character_set_client = @saved_cs_client */;

--
-- Dumping data for table `Notificaciones`
--

LOCK TABLES `Notificaciones` WRITE;
/*!40000 ALTER TABLE `Notificaciones` DISABLE KEYS */;
INSERT INTO `Notificaciones` VALUES (1,4,68,'cancelacin',1,'2024-06-22 04:53:22','2024-06-24 18:24:58','2024-06-21 01:00:00','2024-06-21 02:00:00','Presencial','A104'),(2,36,77,'cancelacin',0,'2024-06-22 04:55:45','2024-06-22 04:55:45','2024-06-22 13:30:00','2024-06-22 14:00:00','Presencial','N302'),(3,36,88,'confirmacin',0,'2024-06-22 04:58:27','2024-06-22 04:58:27','2024-06-22 14:00:00','2024-06-22 15:00:00','Presencial','a232'),(4,36,89,'confirmacin',0,'2024-06-22 04:59:25','2024-06-22 04:59:25','2024-06-23 15:00:00','2024-06-23 16:00:00','Presencial','a121'),(5,36,89,'cancelacin',0,'2024-06-22 05:00:11','2024-06-22 05:00:11','2024-06-23 15:00:00','2024-06-23 16:00:00','Presencial','a121'),(6,36,88,'cancelacin',0,'2024-06-22 05:01:19','2024-06-22 05:01:19','2024-06-22 14:00:00','2024-06-22 15:00:00','Presencial','a232'),(7,35,69,'cancelacin',0,'2024-06-22 05:02:16','2024-06-22 05:02:16','2024-06-19 13:30:00','2024-06-19 14:00:00','Presencial','V202'),(8,36,79,'cancelacin',0,'2024-06-22 05:06:45','2024-06-22 05:06:45','2024-06-22 16:30:00','2024-06-22 17:00:00','Presencial','A101'),(9,35,44,'cancelacin',0,'2024-06-22 05:22:42','2024-06-22 05:22:42','2024-06-12 13:00:00','2024-06-12 14:30:00','Presencial','Z504'),(10,36,88,'cancelacin',0,'2024-06-22 05:29:07','2024-06-22 05:29:07','2024-06-22 14:00:00','2024-06-22 15:00:00','Presencial','a232'),(11,4,90,'confirmacin',1,'2024-06-22 05:55:09','2024-06-24 18:24:58','2024-06-22 18:00:00','2024-06-22 18:30:00','Presencial','A202'),(12,4,90,'cancelacin',1,'2024-06-22 05:55:21','2024-06-24 18:24:58','2024-06-22 18:00:00','2024-06-22 18:30:00','Presencial','A202'),(13,36,91,'confirmacin',0,'2024-06-22 05:56:26','2024-06-22 05:56:26','2024-06-23 16:30:00','2024-06-23 17:30:00','Presencial','a202'),(14,36,91,'cancelacin',0,'2024-06-22 05:56:34','2024-06-22 05:56:34','2024-06-23 16:30:00','2024-06-23 17:30:00','Presencial','a202'),(15,64,92,'confirmacin',0,'2024-06-22 06:03:04','2024-06-22 06:03:04','2024-06-22 18:30:00','2024-06-22 21:00:00','Presencial','A202'),(16,36,93,'confirmacin',0,'2024-06-22 06:05:41','2024-06-22 06:05:41','2024-06-23 18:00:00','2024-06-23 19:00:00','Presencial','a202'),(17,36,93,'cancelacin',0,'2024-06-22 06:06:17','2024-06-22 06:06:17','2024-06-23 18:00:00','2024-06-23 19:00:00','Presencial','a202'),(18,36,94,'confirmacin',0,'2024-06-22 06:06:40','2024-06-22 06:06:40','2024-06-23 16:00:00','2024-06-23 16:30:00','Presencial','s23'),(19,36,94,'cancelacin',0,'2024-06-22 06:07:19','2024-06-22 06:07:19','2024-06-23 16:00:00','2024-06-23 16:30:00','Presencial','s23'),(20,36,95,'confirmacin',0,'2024-06-22 06:08:32','2024-06-22 06:08:32','2024-06-22 17:30:00','2024-06-22 19:30:00','Presencial','A200'),(21,36,96,'confirmacin',0,'2024-06-22 06:14:21','2024-06-22 06:14:21','2024-06-22 19:30:00','2024-06-22 21:00:00','Presencial','N200'),(22,4,97,'confirmacin',1,'2024-06-22 06:20:16','2024-06-24 18:24:58','2024-06-22 17:30:00','2024-06-22 19:30:00','Presencial','A202'),(23,36,98,'confirmacin',0,'2024-06-22 06:44:17','2024-06-22 06:44:17','2024-06-22 15:00:00','2024-06-22 17:30:00','Presencial','A202'),(24,4,99,'confirmacin',1,'2024-06-22 06:45:09','2024-06-24 18:24:58','2024-06-22 18:30:00','2024-06-22 21:00:00','Presencial','N200'),(25,36,100,'confirmacin',0,'2024-06-22 06:46:14','2024-06-22 06:46:14','2024-06-23 17:00:00','2024-06-23 18:30:00','Presencial','N200'),(26,14,101,'confirmacin',0,'2024-06-22 07:08:32','2024-06-22 07:08:32','2024-06-23 15:00:00','2024-06-23 16:30:00','Presencial','A200'),(27,4,101,'confirmacin',1,'2024-06-22 07:08:33','2024-06-24 18:24:58','2024-06-23 15:00:00','2024-06-23 16:30:00','Presencial','A200'),(28,4,102,'confirmacin',1,'2024-06-22 07:11:12','2024-06-24 18:24:58','2024-06-23 19:00:00','2024-06-23 20:30:00','Presencial','A200'),(29,4,102,'cancelacin',1,'2024-06-22 07:11:57','2024-06-24 18:24:58','2024-06-23 19:00:00','2024-06-23 20:30:00','Presencial','A200'),(30,35,103,'confirmacin',0,'2024-06-22 07:12:30','2024-06-22 07:12:30','2024-06-23 18:30:00','2024-06-23 20:30:00','Presencial','A200'),(31,4,103,'confirmacin',1,'2024-06-22 07:12:30','2024-06-24 18:24:58','2024-06-23 18:30:00','2024-06-23 20:30:00','Presencial','A200'),(32,35,104,'confirmacin',0,'2024-06-22 07:25:34','2024-06-22 07:25:34','2024-06-23 21:00:00','2024-06-23 22:30:00','Presencial','A200'),(33,4,105,'confirmacin',1,'2024-06-22 21:27:17','2024-06-24 18:24:58','2024-06-23 22:30:00','2024-06-24 00:00:00','Presencial','A400'),(34,4,106,'confirmacin',1,'2024-06-22 21:34:47','2024-06-24 18:24:58','2024-06-23 18:30:00','2024-06-23 19:00:00','Presencial','A200'),(35,36,107,'confirmacin',0,'2024-06-22 21:49:59','2024-06-22 21:49:59','2024-06-23 13:30:00','2024-06-23 15:00:00','Presencial','A200'),(36,36,108,'confirmacin',0,'2024-06-22 21:50:06','2024-06-22 21:50:06','2024-06-23 16:30:00','2024-06-23 17:00:00','Presencial','A300'),(37,4,109,'confirmacin',1,'2024-06-22 21:50:18','2024-06-24 18:24:58','2024-06-23 18:00:00','2024-06-23 18:30:00','Presencial','A200'),(38,4,110,'confirmacin',1,'2024-06-22 21:50:25','2024-06-24 18:24:58','2024-06-23 20:30:00','2024-06-23 21:00:00','Presencial','N300'),(39,36,111,'confirmacin',0,'2024-06-22 21:51:43','2024-06-22 21:51:43','2024-06-23 14:30:00','2024-06-23 15:00:00','Presencial','A200'),(40,4,112,'confirmacin',1,'2024-06-22 21:51:53','2024-06-24 18:24:58','2024-06-23 19:30:00','2024-06-23 21:30:00','Presencial','A300'),(41,4,113,'confirmacin',1,'2024-06-24 06:25:13','2024-06-24 18:24:58','2024-06-25 14:00:00','2024-06-25 16:00:00','Presencial','A200'),(42,4,114,'confirmacin',1,'2024-06-24 17:20:59','2024-06-24 18:24:58','2024-06-26 16:00:00','2024-06-26 18:00:00','Presencial','123'),(43,4,115,'confirmacin',1,'2024-06-24 18:41:48','2024-06-24 19:04:13','2024-06-26 19:00:00','2024-06-26 21:00:00','Presencial','123'),(44,4,116,'confirmacin',1,'2024-06-25 01:16:29','2024-06-26 17:49:36','2024-06-26 17:00:00','2024-06-26 19:00:00','Presencial','A301'),(45,4,116,'cancelacin',1,'2024-06-25 01:16:36','2024-06-26 17:49:36','2024-06-26 17:00:00','2024-06-26 19:00:00','Presencial','A301'),(46,117,117,'confirmacin',0,'2024-06-26 05:50:15','2024-06-26 05:50:15','2024-06-27 15:00:00','2024-06-27 17:30:00','Presencial','A200'),(47,117,118,'confirmacin',0,'2024-06-26 05:50:31','2024-06-26 05:50:31','2024-06-25 16:00:00','2024-06-25 17:30:00','Presencial','A200'),(48,4,119,'confirmacin',1,'2024-06-26 05:53:31','2024-06-26 17:49:36','2024-06-25 17:30:00','2024-06-25 18:00:00','Presencial','A300'),(49,35,119,'confirmacin',0,'2024-06-26 05:53:31','2024-06-26 05:53:31','2024-06-25 17:30:00','2024-06-25 18:00:00','Presencial','A300'),(50,64,120,'confirmacin',0,'2024-06-26 06:50:46','2024-06-26 06:50:46','2024-06-25 13:00:00','2024-06-25 15:00:00','Presencial','A320'),(51,4,121,'confirmacin',1,'2024-06-26 06:53:11','2024-06-26 17:49:36','2024-06-25 18:30:00','2024-06-25 20:00:00','Presencial','A200'),(52,4,122,'confirmacin',1,'2024-06-27 04:50:23','2024-06-27 05:02:58','2024-06-28 14:00:00','2024-06-28 15:00:00','Presencial','V2302'),(53,4,123,'confirmacin',1,'2024-06-27 04:55:11','2024-06-27 05:02:58','2024-06-26 13:00:00','2024-06-26 14:00:00','Presencial','V304'),(54,4,124,'confirmacin',1,'2024-06-27 06:08:26','2024-06-27 06:09:59','2024-06-26 15:00:00','2024-06-26 15:30:00','Presencial','V2031'),(55,4,126,'confirmacin',1,'2024-06-28 01:42:57','2024-06-28 01:46:12','2024-06-26 16:00:00','2024-06-26 17:00:00','Presencial','A405'),(56,4,127,'confirmacin',1,'2024-06-28 03:14:20','2024-06-28 03:37:33','2024-06-29 16:00:00','2024-06-29 17:00:00','Presencial','A101'),(57,4,127,'cancelacin',1,'2024-06-28 03:17:16','2024-06-28 03:37:33','2024-06-29 16:00:00','2024-06-29 17:00:00','Presencial','A101'),(58,4,128,'confirmacin',1,'2024-06-28 16:53:07','2024-06-28 16:55:17','2024-06-27 20:30:00','2024-06-27 21:30:00','Presencial','A502'),(59,4,129,'confirmacin',1,'2024-06-28 17:17:13','2024-06-28 17:20:46','2024-06-28 16:00:00','2024-06-28 17:00:00','Presencial','A501'),(60,4,130,'cambio',1,'2024-06-28 17:23:29','2024-06-28 17:24:19','2024-06-28 22:00:00','2024-06-28 23:00:00','Presencial','V302'),(61,4,130,'cambio',1,'2024-06-28 17:23:56','2024-06-28 17:24:19','2024-06-28 22:00:00','2024-06-28 23:00:00','Presencial','V302'),(62,4,131,'confirmacin',1,'2024-06-28 18:32:03','2024-06-28 18:38:27','2024-06-28 22:00:00','2024-06-28 23:00:00','Presencial','A205'),(63,4,126,'cancelacin',1,'2024-06-28 18:43:20','2024-06-28 18:49:08','2024-06-26 16:00:00','2024-06-26 17:00:00','Presencial','A405'),(64,4,132,'confirmacin',1,'2024-06-28 19:22:49','2024-06-28 19:41:31','2024-06-29 14:30:00','2024-06-29 15:30:00','Presencial','A101'),(65,4,132,'cancelacin',1,'2024-06-28 19:23:03','2024-06-28 19:41:31','2024-06-29 14:30:00','2024-06-29 15:30:00','Presencial','A101'),(66,4,133,'confirmacin',1,'2024-06-28 19:23:44','2024-06-28 19:41:31','2024-06-27 16:00:00','2024-06-27 17:30:00','Presencial','A101'),(67,4,134,'confirmacin',1,'2024-06-28 19:29:31','2024-06-28 19:41:31','2024-06-27 21:30:00','2024-06-27 22:30:00','Presencial','A101'),(68,4,136,'confirmacin',1,'2024-06-28 19:36:23','2024-06-28 19:41:31','2024-06-26 22:30:00','2024-06-26 23:30:00','Presencial','A302'),(69,4,137,'confirmacin',1,'2024-06-28 19:39:57','2024-06-28 19:41:31','2024-06-27 14:00:00','2024-06-27 15:00:00','Presencial','A101'),(70,35,138,'confirmacin',0,'2024-06-28 19:47:37','2024-06-28 19:47:37','2024-06-27 19:00:00','2024-06-27 20:00:00','Presencial','N302'),(71,4,140,'confirmacin',1,'2024-06-28 21:15:17','2024-06-28 21:21:49','2024-06-27 23:00:00','2024-06-28 00:00:00','Presencial','A750'),(72,4,141,'confirmacin',1,'2024-06-28 21:16:15','2024-06-28 21:21:49','2024-06-28 20:30:00','2024-06-28 21:00:00','Presencial','A201'),(73,4,142,'confirmacin',1,'2024-06-28 22:21:57','2024-06-28 23:41:49','2024-06-28 21:00:00','2024-06-28 21:30:00','Presencial','Z480'),(74,4,143,'confirmacin',1,'2024-06-28 22:56:51','2024-06-28 23:41:49','2024-06-30 15:00:00','2024-06-30 15:30:00','Presencial','A406'),(75,4,143,'cancelacin',1,'2024-06-28 22:57:29','2024-06-28 23:41:49','2024-06-30 15:00:00','2024-06-30 15:30:00','Presencial','A406'),(76,4,144,'confirmacin',1,'2024-06-28 23:28:47','2024-06-28 23:41:49','2024-06-28 20:00:00','2024-06-28 20:30:00','Presencial','A460'),(77,4,145,'confirmacin',1,'2024-06-28 23:35:39','2024-06-28 23:41:49','2024-06-28 18:30:00','2024-06-28 19:00:00','Presencial','Z204'),(78,4,146,'confirmacin',1,'2024-06-29 00:06:04','2024-06-29 01:39:11','2024-06-28 17:30:00','2024-06-28 18:00:00','Presencial','A201'),(79,4,147,'confirmacin',1,'2024-06-29 00:27:58','2024-06-29 01:39:11','2024-06-28 19:00:00','2024-06-28 19:30:00','Presencial','A201'),(80,4,148,'confirmacin',1,'2024-06-29 00:28:54','2024-06-29 01:39:11','2024-06-28 23:00:00','2024-06-28 23:30:00','Presencial','Z105'),(81,4,149,'confirmacin',1,'2024-06-29 00:30:42','2024-06-29 01:39:11','2024-06-29 20:30:00','2024-06-29 21:00:00','Presencial','A204'),(82,4,150,'confirmacin',1,'2024-06-29 00:31:28','2024-06-29 01:39:11','2024-06-29 00:00:00','2024-06-29 00:30:00','Presencial','A302'),(83,4,151,'confirmacin',1,'2024-06-29 00:46:19','2024-06-29 01:39:11','2024-06-28 23:30:00','2024-06-29 00:00:00','Presencial','N504'),(84,4,152,'confirmacin',1,'2024-06-29 00:47:49','2024-06-29 01:39:11','2024-06-28 21:30:00','2024-06-28 22:00:00','Presencial','A405'),(85,4,153,'confirmacin',1,'2024-06-29 01:43:52','2024-06-29 01:44:18','2024-06-28 15:00:00','2024-06-28 15:30:00','Presencial','V2092'),(86,4,154,'confirmacin',1,'2024-06-29 01:44:05','2024-06-29 01:44:18','2024-06-28 15:30:00','2024-06-28 16:00:00','Presencial','V234'),(87,4,155,'confirmacin',1,'2024-06-29 01:44:14','2024-06-29 01:48:37','2024-06-28 13:00:00','2024-06-28 14:00:00','Presencial','V3501'),(88,4,156,'confirmacin',1,'2024-06-29 01:44:22','2024-06-29 01:48:37','2024-06-28 17:00:00','2024-06-28 17:30:00','Presencial','V231'),(89,4,157,'confirmacin',1,'2024-06-29 01:44:27','2024-06-29 01:48:37','2024-06-28 18:00:00','2024-06-28 18:30:00','Presencial','401'),(90,4,158,'cancelacin',1,'2024-06-29 01:46:20','2024-06-29 01:48:37','2024-06-30 21:00:00','2024-06-30 22:00:00','Presencial','-'),(91,4,159,'confirmacin',1,'2024-06-29 01:47:45','2024-06-29 01:48:37','2024-06-29 16:00:00','2024-06-29 18:30:00','Presencial','A303'),(92,4,160,'confirmacin',1,'2024-06-29 01:48:11','2024-06-29 01:48:37','2024-06-29 01:00:00','2024-06-29 01:30:00','Presencial','N302'),(93,4,161,'confirmacin',1,'2024-06-29 01:49:37','2024-06-29 01:50:45','2024-06-30 22:00:00','2024-06-30 23:00:00','Presencial','A101'),(94,4,162,'confirmacin',1,'2024-06-29 01:50:19','2024-06-29 02:10:27','2024-06-30 17:00:00','2024-06-30 18:00:00','Presencial','A320'),(95,64,163,'confirmacin',0,'2024-06-29 01:53:08','2024-06-29 01:53:08','2024-06-28 19:30:00','2024-06-28 20:00:00','Presencial','303'),(96,4,164,'confirmacin',1,'2024-06-29 01:57:52','2024-06-29 02:10:27','2024-06-30 23:30:00','2024-07-01 01:00:00','Presencial','A200'),(97,4,165,'confirmacin',1,'2024-06-29 02:09:59','2024-06-29 02:10:27','2024-06-30 19:00:00','2024-06-30 20:00:00','Presencial','A101'),(98,4,166,'confirmacin',1,'2024-06-29 02:13:01','2024-06-29 02:14:52','2024-06-29 18:00:00','2024-06-29 19:00:00','Presencial','N302'),(99,4,166,'cancelacin',1,'2024-06-29 02:15:28','2024-06-29 04:01:04','2024-06-29 18:00:00','2024-06-29 19:00:00','Presencial','N302'),(100,4,167,'confirmacin',1,'2024-06-29 03:34:22','2024-06-29 04:01:04','2024-06-29 02:30:00','2024-06-29 03:00:00','Presencial','A405'),(101,4,168,'confirmacin',1,'2024-06-29 09:04:05','2024-06-29 15:50:16','2024-06-29 14:30:00','2024-06-29 15:30:00','Presencial','A200'),(102,4,169,'confirmacin',1,'2024-06-29 09:04:22','2024-06-29 15:50:16','2024-06-25 20:00:00','2024-06-25 21:00:00','Presencial','A200'),(103,4,170,'confirmacin',1,'2024-06-29 16:57:37','2024-06-29 17:26:43','2024-06-29 15:30:00','2024-06-29 16:00:00','Presencial','A302'),(104,4,171,'confirmacin',1,'2024-06-29 17:05:44','2024-06-29 17:26:43','2024-06-29 14:00:00','2024-06-29 14:30:00','Presencial','A405'),(105,4,172,'confirmacin',1,'2024-06-29 17:18:54','2024-06-29 17:26:43','2024-06-29 13:30:00','2024-06-29 14:00:00','Presencial','A606'),(106,4,173,'confirmacin',1,'2024-06-29 17:56:08','2024-06-29 18:52:44','2024-06-29 19:00:00','2024-06-29 19:30:00','Presencial','dfgd'),(107,4,174,'confirmacin',1,'2024-06-29 18:02:25','2024-06-29 18:52:44','2024-06-29 12:30:00','2024-06-29 13:00:00','Presencial','A106'),(108,4,175,'confirmacin',1,'2024-06-29 19:39:10','2024-06-30 07:01:04','2024-06-29 13:00:00','2024-06-29 13:30:00','Presencial','A205'),(109,4,176,'confirmacin',1,'2024-06-29 21:30:42','2024-06-30 07:01:04','2024-06-29 20:00:00','2024-06-29 20:30:00','Presencial','A504'),(110,4,183,'confirmacin',1,'2024-06-29 21:54:12','2024-06-30 07:01:04','2024-06-29 19:30:00','2024-06-29 20:00:00','Presencial','n320'),(111,4,184,'confirmacin',1,'2024-06-29 21:54:59','2024-06-30 07:01:04','2024-06-29 18:30:00','2024-06-29 19:00:00','Presencial','n302'),(112,4,185,'confirmacin',1,'2024-06-29 21:58:20','2024-06-30 07:01:04','2024-06-29 21:00:00','2024-06-29 21:30:00','Presencial','a301'),(113,4,186,'confirmacin',1,'2024-06-29 22:23:56','2024-06-30 07:01:04','2024-06-29 21:30:00','2024-06-29 22:00:00','Presencial','a201'),(114,4,187,'confirmacin',1,'2024-06-29 22:51:58','2024-06-30 07:01:04','2024-06-29 22:00:00','2024-06-29 22:30:00','Presencial','A401'),(115,4,188,'confirmacin',1,'2024-06-29 23:02:33','2024-06-30 07:01:04','2024-06-29 22:30:00','2024-06-29 23:00:00','Presencial','A401'),(116,4,189,'confirmacin',1,'2024-06-30 03:16:14','2024-06-30 07:01:04','2024-06-29 23:00:00','2024-06-29 23:30:00','Presencial','A401'),(117,4,190,'confirmacin',1,'2024-06-30 06:51:11','2024-06-30 07:01:04','2024-06-30 15:00:00','2024-06-30 16:00:00','Presencial','A200'),(118,4,191,'confirmacin',1,'2024-06-30 07:15:15','2024-06-30 14:57:36','2024-06-25 18:00:00','2024-06-25 18:30:00','Presencial','Z605'),(119,4,192,'confirmacin',1,'2024-06-30 07:17:41','2024-06-30 14:57:36','2024-06-25 15:00:00','2024-06-25 15:30:00','Presencial','A709'),(120,4,193,'confirmacin',1,'2024-06-30 08:36:03','2024-06-30 14:57:36','2024-06-27 18:30:00','2024-06-27 19:00:00','Presencial','A200'),(121,207,194,'confirmacin',1,'2024-06-30 23:18:26','2024-07-05 00:49:20','2024-06-30 19:30:00','2024-06-30 20:00:00','Presencial','A405'),(122,4,194,'confirmacin',1,'2024-06-30 23:18:27','2024-07-03 05:36:14','2024-06-30 19:30:00','2024-06-30 20:00:00','Presencial','A405'),(123,4,195,'confirmacin',1,'2024-06-30 23:45:57','2024-07-03 05:36:14','2024-06-30 00:30:00','2024-06-30 01:00:00','Presencial','Z801'),(124,207,195,'confirmacin',1,'2024-06-30 23:45:57','2024-07-05 00:49:20','2024-06-30 00:30:00','2024-06-30 01:00:00','Presencial','Z801'),(125,4,196,'confirmacin',1,'2024-06-30 23:48:28','2024-07-03 05:36:14','2024-06-30 01:30:00','2024-06-30 02:00:00','Presencial','z507'),(126,207,196,'confirmacin',1,'2024-06-30 23:48:28','2024-07-05 00:49:20','2024-06-30 01:30:00','2024-06-30 02:00:00','Presencial','z507'),(127,117,199,'confirmacin',0,'2024-07-03 04:17:36','2024-07-03 04:17:36','2024-07-04 23:00:00','2024-07-05 00:00:00','Presencial','N302'),(128,4,201,'confirmacin',1,'2024-07-03 06:12:37','2024-07-03 23:13:00','2024-07-02 16:00:00','2024-07-02 17:00:00','Presencial','asd'),(129,4,202,'confirmacin',1,'2024-07-03 06:13:18','2024-07-03 23:13:00','2024-07-03 16:00:00','2024-07-03 17:00:00','Presencial','asd'),(130,4,203,'confirmacin',1,'2024-07-03 06:14:53','2024-07-03 23:13:00','2024-07-03 18:30:00','2024-07-03 19:30:00','Presencial','sdf'),(131,4,204,'confirmacin',1,'2024-07-03 06:14:57','2024-07-03 23:13:00','2024-07-02 19:30:00','2024-07-02 20:30:00','Presencial','asd'),(132,4,205,'confirmacin',1,'2024-07-03 06:15:01','2024-07-03 23:13:00','2024-07-04 20:00:00','2024-07-04 21:00:00','Presencial','asd'),(133,4,206,'confirmacin',1,'2024-07-03 06:15:11','2024-07-03 23:13:00','2024-07-05 18:30:00','2024-07-05 19:00:00','Presencial','asd'),(134,117,207,'confirmacin',0,'2024-07-03 17:09:12','2024-07-03 17:09:12','2024-07-05 18:30:00','2024-07-05 20:00:00','Presencial','A101'),(135,117,209,'confirmacin',0,'2024-07-03 18:01:07','2024-07-03 18:01:07','2024-07-06 17:00:00','2024-07-06 18:00:00','Virtual','zoom.com'),(136,4,210,'confirmacin',1,'2024-07-04 00:26:29','2024-07-04 01:45:56','2024-07-01 14:00:00','2024-07-01 14:30:00','Presencial','V502'),(137,117,211,'confirmacin',0,'2024-07-04 02:10:14','2024-07-04 02:10:14','2024-07-06 15:00:00','2024-07-06 16:00:00','Virtual','www.zoom.com'),(138,117,212,'confirmacin',0,'2024-07-04 02:10:44','2024-07-04 02:10:44','2024-07-07 12:00:00','2024-07-07 14:00:00','Virtual','N403'),(139,117,213,'confirmacin',0,'2024-07-04 02:10:53','2024-07-04 02:10:53','2024-07-04 20:00:00','2024-07-04 22:00:00','Presencial','A202'),(140,4,214,'confirmacin',1,'2024-07-04 02:16:18','2024-07-04 03:06:15','2024-07-04 01:00:00','2024-07-04 02:00:00','Presencial','N205'),(141,4,215,'confirmacin',1,'2024-07-04 02:20:13','2024-07-04 02:37:20','2024-07-04 00:00:00','2024-07-04 01:00:00','Presencial','A205'),(142,4,216,'confirmacin',1,'2024-07-04 02:24:01','2024-07-04 02:37:20','2024-07-02 12:00:00','2024-07-02 16:30:00','Virtual','N202'),(143,4,217,'confirmacin',1,'2024-07-04 02:25:49','2024-07-04 02:37:20','2024-07-01 19:30:00','2024-07-01 23:30:00','Presencial','A303'),(144,4,218,'confirmacin',1,'2024-07-04 02:26:46','2024-07-04 02:37:20','2024-07-07 21:00:00','2024-07-07 22:00:00','Presencial','A505'),(145,4,218,'cancelacin',1,'2024-07-04 02:27:29','2024-07-04 02:37:20','2024-07-07 21:00:00','2024-07-07 22:00:00','Presencial','A505'),(146,4,220,'confirmacin',1,'2024-07-04 02:35:16','2024-07-04 02:41:39','2024-07-02 18:00:00','2024-07-02 18:30:00','Presencial','A202'),(147,4,221,'confirmacin',1,'2024-07-04 02:36:15','2024-07-04 02:41:39','2024-07-02 18:30:00','2024-07-02 19:00:00','Presencial','A505'),(148,4,222,'confirmacin',1,'2024-07-04 02:36:22','2024-07-04 02:41:39','2024-07-04 18:00:00','2024-07-04 18:30:00','Presencial','A301'),(149,4,223,'confirmacin',1,'2024-07-04 02:36:38','2024-07-04 02:41:39','2024-07-04 18:30:00','2024-07-04 19:00:00','Presencial','Z909'),(150,4,224,'confirmacin',1,'2024-07-04 02:39:24','2024-07-04 02:41:39','2024-07-05 23:00:00','2024-07-05 23:30:00','Presencial','A302'),(151,4,225,'confirmacin',1,'2024-07-04 02:39:38','2024-07-04 02:41:39','2024-07-06 23:00:00','2024-07-06 23:30:00','Presencial','A101'),(152,4,226,'confirmacin',1,'2024-07-04 02:39:47','2024-07-04 02:41:39','2024-07-02 23:00:00','2024-07-02 23:30:00','Presencial','B305'),(153,4,227,'confirmacin',1,'2024-07-04 02:39:59','2024-07-04 02:41:39','2024-07-02 00:30:00','2024-07-02 01:00:00','Presencial','A305'),(154,4,228,'confirmacin',1,'2024-07-04 02:42:17','2024-07-04 03:26:08','2024-07-03 15:30:00','2024-07-03 16:00:00','Presencial','A205'),(155,4,229,'confirmacin',1,'2024-07-04 02:43:03','2024-07-04 03:26:08','2024-07-07 17:30:00','2024-07-07 18:00:00','Presencial','A105'),(156,4,230,'confirmacin',1,'2024-07-04 03:03:25','2024-07-04 03:26:08','2024-07-08 18:30:00','2024-07-08 19:00:00','Presencial','A302'),(157,4,231,'confirmacin',1,'2024-07-04 03:03:43','2024-07-04 03:26:08','2024-07-08 19:00:00','2024-07-08 19:30:00','Presencial','A515'),(158,4,232,'confirmacin',1,'2024-07-04 03:03:57','2024-07-04 03:26:08','2024-07-08 16:30:00','2024-07-08 17:00:00','Presencial','A201'),(159,4,233,'confirmacin',1,'2024-07-04 03:05:03','2024-07-04 03:26:08','2024-07-08 22:00:00','2024-07-08 22:30:00','Presencial','A201'),(160,4,234,'confirmacin',1,'2024-07-04 03:06:07','2024-07-04 03:26:08','2024-07-10 18:00:00','2024-07-10 18:30:00','Presencial','A101'),(161,4,235,'confirmacin',1,'2024-07-04 03:07:13','2024-07-04 03:26:08','2024-07-11 17:30:00','2024-07-11 18:00:00','Presencial','A301'),(162,4,236,'confirmacin',1,'2024-07-04 03:07:32','2024-07-04 03:26:08','2024-07-12 18:00:00','2024-07-12 18:30:00','Presencial','A401'),(163,4,237,'confirmacin',1,'2024-07-04 03:29:28','2024-07-04 21:39:44','2024-07-15 14:00:00','2024-07-15 15:00:00','Presencial','A301'),(164,4,238,'confirmacin',1,'2024-07-04 03:31:49','2024-07-04 21:39:44','2024-07-16 15:00:00','2024-07-16 15:30:00','Presencial','A101'),(165,4,240,'confirmacin',1,'2024-07-04 03:56:38','2024-07-04 21:39:44','2024-07-09 18:00:00','2024-07-09 19:00:00','Presencial','A101'),(166,4,241,'confirmacin',1,'2024-07-04 03:56:45','2024-07-04 21:39:44','2024-07-10 16:30:00','2024-07-10 17:00:00','Presencial','A302'),(167,4,245,'confirmacin',1,'2024-07-04 07:15:37','2024-07-04 21:39:44','2024-07-25 21:00:00','2024-07-25 22:00:00','Presencial','N302'),(168,4,245,'cambio',1,'2024-07-04 07:44:22','2024-07-04 21:39:44','2024-07-25 21:00:00','2024-07-25 22:00:00','Presencial','N301'),(169,117,246,'confirmacin',0,'2024-07-04 16:39:42','2024-07-04 16:39:42','2024-07-04 13:30:00','2024-07-04 14:30:00','Presencial','V209'),(170,170,247,'confirmacin',0,'2024-07-04 16:50:47','2024-07-04 16:50:47','2024-07-06 15:00:00','2024-07-06 16:00:00','Virtual','www.google.com'),(171,170,247,'cancelacin',0,'2024-07-04 16:51:00','2024-07-04 16:51:00','2024-07-06 15:00:00','2024-07-06 16:00:00','Virtual','www.google.com'),(172,170,248,'confirmacin',0,'2024-07-04 16:51:24','2024-07-04 16:51:24','2024-07-06 14:00:00','2024-07-06 15:00:00','Presencial','V405'),(173,170,248,'cancelacin',0,'2024-07-04 16:51:35','2024-07-04 16:51:35','2024-07-06 14:00:00','2024-07-06 15:00:00','Presencial','V405'),(174,170,249,'confirmacin',0,'2024-07-04 16:52:13','2024-07-04 16:52:13','2024-07-06 12:00:00','2024-07-06 13:00:00','Presencial','B589'),(175,170,249,'cambio',0,'2024-07-04 16:52:35','2024-07-04 16:52:35','2024-07-06 12:00:00','2024-07-06 13:00:00','Virtual','P098'),(176,11,250,'confirmacin',0,'2024-07-04 18:40:17','2024-07-04 18:40:17','2024-07-01 12:30:00','2024-07-01 13:00:00','Presencial','A405'),(177,11,251,'confirmacin',0,'2024-07-04 18:40:23','2024-07-04 18:40:23','2024-07-01 14:00:00','2024-07-01 14:30:00','Presencial','A505'),(178,11,252,'confirmacin',0,'2024-07-04 18:40:28','2024-07-04 18:40:28','2024-07-01 16:00:00','2024-07-01 16:30:00','Presencial','A505'),(179,11,253,'confirmacin',0,'2024-07-04 18:40:34','2024-07-04 18:40:34','2024-07-01 16:30:00','2024-07-01 17:00:00','Presencial','A201'),(180,11,254,'confirmacin',0,'2024-07-04 18:40:38','2024-07-04 18:40:38','2024-07-01 13:30:00','2024-07-01 14:00:00','Presencial','A301'),(181,11,255,'confirmacin',0,'2024-07-04 18:40:44','2024-07-04 18:40:44','2024-07-01 12:00:00','2024-07-01 12:30:00','Presencial','A101'),(182,11,256,'confirmacin',0,'2024-07-04 18:40:50','2024-07-04 18:40:50','2024-07-01 20:00:00','2024-07-01 20:30:00','Presencial','A909'),(183,11,257,'confirmacin',0,'2024-07-04 18:40:58','2024-07-04 18:40:58','2024-07-03 15:30:00','2024-07-03 16:00:00','Presencial','A808'),(184,11,258,'confirmacin',0,'2024-07-04 18:41:09','2024-07-04 18:41:09','2024-07-01 15:00:00','2024-07-01 15:30:00','Presencial','A707'),(185,11,259,'confirmacin',0,'2024-07-04 18:41:41','2024-07-04 18:41:41','2024-07-07 17:30:00','2024-07-07 18:30:00','Presencial','A101'),(186,11,260,'confirmacin',0,'2024-07-04 18:41:47','2024-07-04 18:41:47','2024-07-07 18:30:00','2024-07-07 19:30:00','Presencial','A205'),(187,11,261,'confirmacin',0,'2024-07-04 18:41:52','2024-07-04 18:41:52','2024-07-07 19:30:00','2024-07-07 20:30:00','Presencial','A703'),(188,11,259,'cancelacin',0,'2024-07-04 18:45:04','2024-07-04 18:45:04','2024-07-07 17:30:00','2024-07-07 18:30:00','Presencial','A101'),(189,11,260,'cancelacin',0,'2024-07-04 18:45:11','2024-07-04 18:45:11','2024-07-07 18:30:00','2024-07-07 19:30:00','Presencial','A205'),(190,11,261,'cancelacin',0,'2024-07-04 18:45:21','2024-07-04 18:45:21','2024-07-07 19:30:00','2024-07-07 20:30:00','Presencial','A703'),(191,11,262,'confirmacin',0,'2024-07-04 18:45:54','2024-07-04 18:45:54','2024-07-07 17:30:00','2024-07-07 18:30:00','Presencial','A101'),(192,11,263,'confirmacin',0,'2024-07-04 18:46:00','2024-07-04 18:46:00','2024-07-07 18:30:00','2024-07-07 19:30:00','Presencial','A405'),(193,11,264,'confirmacin',0,'2024-07-04 18:46:05','2024-07-04 18:46:05','2024-07-07 19:30:00','2024-07-07 20:30:00','Presencial','A302'),(194,11,262,'cancelacin',0,'2024-07-04 18:46:13','2024-07-04 18:46:13','2024-07-07 17:30:00','2024-07-07 18:30:00','Presencial','A101'),(195,11,263,'cancelacin',0,'2024-07-04 18:46:33','2024-07-04 18:46:33','2024-07-07 18:30:00','2024-07-07 19:30:00','Presencial','A405'),(196,11,264,'cancelacin',0,'2024-07-04 18:46:43','2024-07-04 18:46:43','2024-07-07 19:30:00','2024-07-07 20:30:00','Presencial','A302'),(197,11,265,'confirmacin',0,'2024-07-04 18:47:03','2024-07-04 18:47:03','2024-07-07 20:00:00','2024-07-07 21:00:00','Presencial','A101'),(198,11,266,'confirmacin',0,'2024-07-04 18:47:09','2024-07-04 18:47:09','2024-07-07 19:00:00','2024-07-07 20:00:00','Presencial','A202'),(199,11,267,'confirmacin',0,'2024-07-04 18:47:30','2024-07-04 18:47:30','2024-07-07 18:00:00','2024-07-07 19:00:00','Presencial','A303'),(200,11,267,'cancelacin',0,'2024-07-04 18:48:44','2024-07-04 18:48:44','2024-07-07 18:00:00','2024-07-07 19:00:00','Presencial','A303'),(201,11,268,'confirmacin',0,'2024-07-04 18:48:55','2024-07-04 18:48:55','2024-07-06 21:30:00','2024-07-06 22:30:00','Presencial','A101'),(202,11,269,'confirmacin',0,'2024-07-04 18:49:00','2024-07-04 18:49:00','2024-07-06 20:30:00','2024-07-06 21:30:00','Presencial','A202'),(203,11,270,'confirmacin',0,'2024-07-04 18:49:07','2024-07-04 18:49:07','2024-07-06 19:30:00','2024-07-06 20:30:00','Presencial','A303'),(204,11,268,'cancelacin',0,'2024-07-04 18:49:13','2024-07-04 18:49:13','2024-07-06 21:30:00','2024-07-06 22:30:00','Presencial','A101'),(205,11,269,'cancelacin',0,'2024-07-04 18:49:18','2024-07-04 18:49:18','2024-07-06 20:30:00','2024-07-06 21:30:00','Presencial','A202'),(206,11,270,'cancelacin',0,'2024-07-04 18:49:23','2024-07-04 18:49:23','2024-07-06 19:30:00','2024-07-06 20:30:00','Presencial','A303'),(207,4,271,'confirmacin',1,'2024-07-04 18:55:06','2024-07-04 21:39:44','2024-07-16 16:30:00','2024-07-16 17:00:00','Presencial','A505'),(208,4,272,'confirmacin',1,'2024-07-04 18:55:11','2024-07-04 21:39:44','2024-07-16 17:00:00','2024-07-16 17:30:00','Presencial','A320'),(209,4,273,'confirmacin',1,'2024-07-04 18:55:15','2024-07-04 21:39:44','2024-07-17 17:00:00','2024-07-17 17:30:00','Presencial','A808'),(210,4,274,'confirmacin',1,'2024-07-04 18:55:20','2024-07-04 21:39:44','2024-07-16 22:00:00','2024-07-16 22:30:00','Presencial','A707'),(211,4,275,'confirmacin',1,'2024-07-04 18:56:58','2024-07-04 21:39:44','2024-07-03 02:30:00','2024-07-03 03:00:00','Presencial','A105'),(212,4,276,'confirmacin',1,'2024-07-04 18:57:03','2024-07-04 21:39:44','2024-07-03 02:00:00','2024-07-03 02:30:00','Presencial','A404'),(213,4,277,'confirmacin',1,'2024-07-04 18:57:08','2024-07-04 21:39:44','2024-07-03 12:00:00','2024-07-03 12:30:00','Presencial','A808'),(214,4,281,'cancelacin',1,'2024-07-04 19:00:09','2024-07-04 21:39:44','2024-07-07 14:00:00','2024-07-07 16:00:00','Presencial','-'),(215,4,283,'cancelacin',1,'2024-07-04 19:03:50','2024-07-04 21:39:44','2024-07-07 16:00:00','2024-07-07 17:00:00','Presencial','-'),(216,4,282,'cancelacin',1,'2024-07-04 19:04:25','2024-07-04 21:39:44','2024-07-07 14:00:00','2024-07-07 16:00:00','Presencial','-'),(217,170,249,'cancelacin',0,'2024-07-04 19:04:41','2024-07-04 19:04:41','2024-07-06 12:00:00','2024-07-06 13:00:00','Virtual','P098'),(218,4,284,'confirmacin',1,'2024-07-04 19:08:56','2024-07-04 21:39:44','2024-07-07 14:30:00','2024-07-07 15:00:00','Presencial','A101'),(219,4,285,'confirmacin',1,'2024-07-04 19:09:01','2024-07-04 21:39:44','2024-07-07 15:00:00','2024-07-07 15:30:00','Presencial','A202'),(220,4,286,'confirmacin',1,'2024-07-04 19:09:10','2024-07-04 21:39:44','2024-07-07 15:30:00','2024-07-07 16:00:00','Presencial','A303'),(221,4,287,'confirmacin',1,'2024-07-04 19:09:44','2024-07-04 21:39:44','2024-07-02 22:30:00','2024-07-02 23:00:00','Presencial','A502'),(222,4,292,'confirmacin',1,'2024-07-04 19:14:01','2024-07-04 21:39:44','2024-07-04 12:30:00','2024-07-04 16:00:00','Virtual','www.zoom.com'),(223,4,293,'confirmacin',1,'2024-07-04 19:14:50','2024-07-04 21:39:44','2024-07-04 19:30:00','2024-07-04 20:00:00','Presencial','A130'),(224,4,294,'confirmacin',1,'2024-07-04 19:15:30','2024-07-04 21:39:44','2024-07-03 20:30:00','2024-07-03 21:00:00','Presencial','A303'),(225,4,295,'confirmacin',1,'2024-07-04 19:19:47','2024-07-04 21:39:44','2024-07-03 20:00:00','2024-07-03 20:30:00','Presencial','A401'),(226,4,296,'confirmacin',1,'2024-07-04 19:22:40','2024-07-04 21:39:44','2024-06-24 16:30:00','2024-06-24 17:30:00','Presencial','A208'),(227,4,297,'confirmacin',1,'2024-07-04 19:24:40','2024-07-04 21:39:44','2024-06-24 13:30:00','2024-06-24 16:30:00','Presencial','A105'),(228,4,298,'confirmacin',1,'2024-07-04 19:25:03','2024-07-04 21:39:44','2024-07-06 17:00:00','2024-07-06 18:00:00','Presencial','A507'),(229,4,298,'cambio',1,'2024-07-04 19:25:21','2024-07-04 21:39:44','2024-07-06 17:00:00','2024-07-06 18:00:00','Presencial','A101'),(230,4,298,'cambio',1,'2024-07-04 19:25:37','2024-07-04 21:39:44','2024-07-06 17:00:00','2024-07-06 18:00:00','Presencial','A109'),(231,4,299,'confirmacin',1,'2024-07-04 19:26:03','2024-07-04 21:39:44','2024-07-05 23:30:00','2024-07-06 00:00:00','Presencial','A705'),(232,4,299,'cambio',1,'2024-07-04 19:26:11','2024-07-04 21:39:44','2024-07-05 23:30:00','2024-07-06 00:00:00','Presencial','A709'),(233,4,300,'confirmacin',1,'2024-07-04 19:26:39','2024-07-04 21:39:44','2024-07-02 21:00:00','2024-07-02 21:30:00','Presencial','Z401'),(234,4,301,'confirmacin',1,'2024-07-04 19:27:44','2024-07-04 21:39:44','2024-07-07 19:30:00','2024-07-07 20:00:00','Presencial','A401'),(235,11,303,'confirmacin',0,'2024-07-04 22:17:18','2024-07-04 22:17:18','2024-07-06 14:00:00','2024-07-06 14:30:00','Presencial','A405'),(236,11,303,'cambio',0,'2024-07-04 22:17:51','2024-07-04 22:17:51','2024-07-06 14:00:00','2024-07-06 14:30:00','Presencial','A405'),(237,113,318,'confirmacin',0,'2024-07-05 01:14:04','2024-07-05 01:14:04','2024-07-02 12:30:00','2024-07-02 15:00:00','Presencial','A508');
/*!40000 ALTER TABLE `Notificaciones` ENABLE KEYS */;
UNLOCK TABLES;

--
-- Table structure for table `Opcion`
--

DROP TABLE IF EXISTS `Opcion`;
/*!40101 SET @saved_cs_client     = @@character_set_client */;
/*!50503 SET character_set_client = utf8mb4 */;
CREATE TABLE `Opcion` (
  `id_opcion` int NOT NULL AUTO_INCREMENT,
  `fid_pregunta` int DEFAULT NULL,
  `enunciado` varchar(255) NOT NULL,
  `esActivo` tinyint(1) NOT NULL DEFAULT '1',
  `fechaCreacion` datetime DEFAULT NULL,
  `fechaActualizacion` datetime DEFAULT NULL,
  PRIMARY KEY (`id_opcion`),
  KEY `fid_pregunta` (`fid_pregunta`),
  CONSTRAINT `Opcion_ibfk_1` FOREIGN KEY (`fid_pregunta`) REFERENCES `Pregunta` (`id_pregunta`) ON DELETE CASCADE ON UPDATE CASCADE
) ENGINE=InnoDB AUTO_INCREMENT=49 DEFAULT CHARSET=utf8mb4 COLLATE=utf8mb4_0900_ai_ci;
/*!40101 SET character_set_client = @saved_cs_client */;

--
-- Dumping data for table `Opcion`
--

LOCK TABLES `Opcion` WRITE;
/*!40000 ALTER TABLE `Opcion` DISABLE KEYS */;
INSERT INTO `Opcion` VALUES (1,1,'Nada til',1,'2024-06-29 07:13:35','2024-06-29 07:13:35'),(2,1,'Poco til',1,'2024-06-29 07:13:35','2024-06-29 07:13:35'),(3,1,'til',1,'2024-06-29 07:13:35','2024-06-29 07:13:35'),(4,1,'Muy til',1,'2024-06-29 07:13:35','2024-06-29 07:13:35'),(5,1,'Demasiado til',1,'2024-06-29 07:13:35','2024-06-29 07:13:35'),(6,2,'1',1,'2024-06-29 07:13:35','2024-06-29 07:13:35'),(7,2,'2',1,'2024-06-29 07:13:35','2024-06-29 07:13:35'),(8,2,'3',1,'2024-06-29 07:13:35','2024-06-29 07:13:35'),(9,2,'4',1,'2024-06-29 07:13:35','2024-06-29 07:13:35'),(10,2,'5',1,'2024-06-29 07:13:35','2024-06-29 07:13:35'),(11,3,'S',1,'2024-06-29 07:13:35','2024-06-29 07:13:35'),(12,3,'Parcialmente',1,'2024-06-29 07:13:35','2024-06-29 07:13:35'),(13,3,'No',1,'2024-06-29 07:13:35','2024-06-29 07:13:35'),(14,4,'S',1,'2024-06-29 07:13:36','2024-06-29 07:13:36'),(15,4,'Parcialmente',1,'2024-06-29 07:13:36','2024-06-29 07:13:36'),(16,4,'No',1,'2024-06-29 07:13:36','2024-06-29 07:13:36');
/*!40000 ALTER TABLE `Opcion` ENABLE KEYS */;
UNLOCK TABLES;

--
-- Table structure for table `OpcionSidebar`
--

DROP TABLE IF EXISTS `OpcionSidebar`;
/*!40101 SET @saved_cs_client     = @@character_set_client */;
/*!50503 SET character_set_client = utf8mb4 */;
CREATE TABLE `OpcionSidebar` (
  `id` int NOT NULL AUTO_INCREMENT,
  `label` varchar(255) NOT NULL,
  `icon` varchar(255) DEFAULT NULL,
  `componentId` varchar(255) DEFAULT NULL,
  `parentId` int DEFAULT NULL,
  `createdAt` datetime NOT NULL DEFAULT CURRENT_TIMESTAMP,
  `updatedAt` datetime NOT NULL DEFAULT CURRENT_TIMESTAMP ON UPDATE CURRENT_TIMESTAMP,
  PRIMARY KEY (`id`),
  KEY `parentId` (`parentId`),
  CONSTRAINT `OpcionSidebar_ibfk_1` FOREIGN KEY (`parentId`) REFERENCES `OpcionSidebar` (`id`)
) ENGINE=InnoDB AUTO_INCREMENT=29 DEFAULT CHARSET=utf8mb4 COLLATE=utf8mb4_0900_ai_ci;
/*!40101 SET character_set_client = @saved_cs_client */;

--
-- Dumping data for table `OpcionSidebar`
--

LOCK TABLES `OpcionSidebar` WRITE;
/*!40000 ALTER TABLE `OpcionSidebar` DISABLE KEYS */;
INSERT INTO `OpcionSidebar` VALUES (1,'Dashboard','dashboard_icon','dashboardComponent',NULL,'2024-05-01 22:25:29','2024-05-01 22:25:29'),(2,'Facultades y Programas','Building2','facultad',NULL,'2024-05-01 22:41:17','2024-05-08 19:47:09'),(5,'Gestin de Usuarios','Users','',NULL,'2024-05-02 20:06:38','2024-05-28 04:59:52'),(6,'Gestin de Alumnos','','alumnos',5,'2024-05-02 20:06:38','2024-05-28 05:00:10'),(7,'Gestin de Tutores','','tutores',5,'2024-05-02 20:06:38','2024-05-28 05:00:24'),(8,'Unidades Acadmicas','Building','unidadesAcademicas',NULL,'2024-05-03 18:03:46','2024-05-03 18:08:45'),(9,'Citas','Calendar','citasTutor',NULL,'2024-05-03 19:09:55','2024-05-03 19:11:57'),(10,'Alumnos Asignados','UserCheck','alumnosAsignadosTutor',NULL,'2024-05-03 19:10:59','2024-05-03 19:11:57'),(11,'Tipos de Tutoras','BookOpen','tiposTutorias',NULL,'2024-05-03 19:14:40','2024-05-03 19:21:35'),(12,'Solicitudes de Asignacin','Inbox','solicitudesAsignacion',NULL,'2024-05-03 19:17:03','2024-05-03 19:17:03'),(13,'Manejo Acadmico','Book','',NULL,'2024-05-03 19:19:32','2024-05-28 05:00:41'),(14,'Gestin de Programas','','listadoProgramasDeFacultad',13,'2024-05-03 19:19:33','2024-06-10 10:02:04'),(15,'Gestin de Tutores','','tutores',13,'2024-05-03 19:19:33','2024-05-28 05:00:57'),(17,'Reporte Indicadores','BarChart3','reporteIndicadores',NULL,'2024-05-03 19:20:00','2024-05-28 04:40:19'),(18,'Mis Tutores y Solicitudes','UserCheck','misTutores',NULL,'2024-05-03 19:20:24','2024-07-04 02:19:43'),(19,'Encuestas de Satisfaccin','Clipboard','encuestasAlumno',NULL,'2024-05-03 19:20:53','2024-05-28 05:01:32'),(20,'Citas','Calendar','citasAlumno',NULL,'2024-05-03 19:24:01','2024-05-03 19:24:01'),(22,'Asignacin de Tutor','FilePen','asignacionTutor',NULL,'2024-05-22 21:30:51','2024-05-22 21:30:51'),(23,'Gestin de Responsable de Bienestar','','responsable',5,'2024-06-02 21:59:45','2024-07-05 01:39:42'),(24,'Asistente','','asistente',13,'2024-06-02 22:16:48','2024-06-02 22:16:48'),(25,'Gestin de Alumnos','','alumnos',13,'2024-06-10 08:45:29','2024-06-10 08:45:29'),(26,'Encuestas de Satisfaccin','Clipboard','solicitudesEncuestas',NULL,'2024-06-10 10:23:20','2024-06-10 10:23:20'),(27,'Derivaciones de Tutora','FilePen','responsableTutoria',NULL,'2024-06-17 02:00:20','2024-06-17 02:00:20'),(28,'Datos de institucin','Database','datosInstitucion',NULL,'2024-07-04 15:07:59','2024-07-04 15:07:59');
/*!40000 ALTER TABLE `OpcionSidebar` ENABLE KEYS */;
UNLOCK TABLES;

--
-- Table structure for table `PasswordResetToken`
--

DROP TABLE IF EXISTS `PasswordResetToken`;
/*!40101 SET @saved_cs_client     = @@character_set_client */;
/*!50503 SET character_set_client = utf8mb4 */;
CREATE TABLE `PasswordResetToken` (
  `id_token` int NOT NULL AUTO_INCREMENT,
  `fid_usuario` int NOT NULL,
  `token` varchar(255) NOT NULL,
  `expires` datetime NOT NULL,
  PRIMARY KEY (`id_token`),
  KEY `PasswordResetToken_ibfk_1` (`fid_usuario`),
  CONSTRAINT `PasswordResetToken_ibfk_1` FOREIGN KEY (`fid_usuario`) REFERENCES `Usuario` (`id_usuario`)
) ENGINE=InnoDB AUTO_INCREMENT=21 DEFAULT CHARSET=utf8mb4 COLLATE=utf8mb4_0900_ai_ci;
/*!40101 SET character_set_client = @saved_cs_client */;

--
-- Dumping data for table `PasswordResetToken`
--

LOCK TABLES `PasswordResetToken` WRITE;
/*!40000 ALTER TABLE `PasswordResetToken` DISABLE KEYS */;
INSERT INTO `PasswordResetToken` VALUES (3,40,'b81d54d57afef46249b213670d6bf82bacc6e0e3','2024-06-12 21:19:37'),(4,40,'618ddbb52fbd71345d1bca75cc53402380b0da93','2024-06-12 21:23:20'),(5,40,'b063ed976284dbbda1a236d8a4dba89a3f9c1758','2024-06-12 21:29:47'),(6,40,'2c6b0dfe27152e10e0192038927daaaae03c69a2','2024-06-13 06:19:00'),(13,4,'0aec7ccb75548ba4b74a972624ab362d61ee44cc','2024-06-29 16:56:02'),(14,4,'88c0cd872833e740640fa79046a953b3d1dec5aa','2024-06-29 17:34:52'),(15,4,'82ca03a913fc5df220a5ac3a39ab1d254729930c','2024-06-29 17:36:34'),(18,2,'6a7334237bdae5192ca8a8276eb5c84a473d5868','2024-06-30 08:49:27');
/*!40000 ALTER TABLE `PasswordResetToken` ENABLE KEYS */;
UNLOCK TABLES;

--
-- Table structure for table `Pregunta`
--

DROP TABLE IF EXISTS `Pregunta`;
/*!40101 SET @saved_cs_client     = @@character_set_client */;
/*!50503 SET character_set_client = utf8mb4 */;
CREATE TABLE `Pregunta` (
  `id_pregunta` int NOT NULL AUTO_INCREMENT,
  `enunciado` varchar(255) NOT NULL,
  `es_rspta_unica` tinyint(1) NOT NULL,
  `esActivo` tinyint(1) NOT NULL DEFAULT '1',
  `fechaCreacion` datetime DEFAULT NULL,
  `fechaActualizacion` datetime DEFAULT NULL,
  PRIMARY KEY (`id_pregunta`)
) ENGINE=InnoDB AUTO_INCREMENT=13 DEFAULT CHARSET=utf8mb4 COLLATE=utf8mb4_0900_ai_ci;
/*!40101 SET character_set_client = @saved_cs_client */;

--
-- Dumping data for table `Pregunta`
--

LOCK TABLES `Pregunta` WRITE;
/*!40000 ALTER TABLE `Pregunta` DISABLE KEYS */;
INSERT INTO `Pregunta` VALUES (1,'Qu tan til encontraste las sesiones de tutora?',1,1,'2024-06-29 07:13:35','2024-06-29 07:13:35'),(2,'Cmo calificaras la claridad de las explicaciones proporcionadas durante las sesiones de tutora?',1,1,'2024-06-29 07:13:35','2024-06-29 07:13:35'),(3,'La sesiones de tutora cumplieron con tus expectativas?',1,1,'2024-06-29 07:13:35','2024-06-29 07:13:35'),(4,'Los tutores mostraron inters en tus necesidades y preocupaciones durante las sesiones?',1,1,'2024-06-29 07:13:35','2024-06-29 07:13:35');
/*!40000 ALTER TABLE `Pregunta` ENABLE KEYS */;
UNLOCK TABLES;

--
-- Table structure for table `Programa`
--

DROP TABLE IF EXISTS `Programa`;
/*!40101 SET @saved_cs_client     = @@character_set_client */;
/*!50503 SET character_set_client = utf8mb4 */;
CREATE TABLE `Programa` (
  `id_programa` int NOT NULL AUTO_INCREMENT,
  `nombre` varchar(100) DEFAULT NULL,
  `fid_usuario` int DEFAULT NULL,
  `esActivo` tinyint NOT NULL DEFAULT '1',
  `fechaCreacion` datetime DEFAULT NULL,
  `fechaActualizacion` datetime DEFAULT NULL,
  `fid_facultad` int DEFAULT NULL,
  PRIMARY KEY (`id_programa`),
  KEY `fid_usuario` (`fid_usuario`),
  KEY `fid_facultad` (`fid_facultad`),
  CONSTRAINT `Programa_ibfk_1` FOREIGN KEY (`fid_usuario`) REFERENCES `Usuario` (`id_usuario`),
  CONSTRAINT `Programa_ibfk_2` FOREIGN KEY (`fid_facultad`) REFERENCES `Facultad` (`id_facultad`)
) ENGINE=InnoDB AUTO_INCREMENT=64 DEFAULT CHARSET=utf8mb4 COLLATE=utf8mb4_0900_ai_ci;
/*!40101 SET character_set_client = @saved_cs_client */;

--
-- Dumping data for table `Programa`
--

LOCK TABLES `Programa` WRITE;
/*!40000 ALTER TABLE `Programa` DISABLE KEYS */;
INSERT INTO `Programa` VALUES (1,'Derecho Penal',3,0,NULL,'2024-06-23 18:00:02',1),(2,'Derecho Corporativo',194,1,'2024-06-16 05:43:30','2024-07-05 02:45:45',1),(3,'Derecho Civil',39,1,'2024-06-16 05:56:41','2024-06-27 02:47:41',1),(15,'Derecho Empresarial ',91,0,'2024-06-16 19:19:48','2024-07-04 20:02:15',1),(16,'Derecho Legal',42,1,'2024-06-16 19:22:04','2024-06-16 19:22:05',1),(17,'Derecho Ambiental',43,1,'2024-06-16 19:23:06','2024-06-16 19:23:06',1),(18,'Derecho Prueba',66,1,'2024-06-17 03:14:21','2024-06-17 03:14:21',1),(19,'Artes Visuales',132,0,'2024-06-21 20:59:38','2024-06-22 02:58:07',6),(20,'Diseo Industrial',3,0,'2024-06-22 03:45:40','2024-06-22 03:48:13',6),(22,'Pintura',NULL,1,'2024-06-22 03:46:25','2024-06-30 07:03:50',6),(23,'Psicologa Organizacional',154,1,'2024-06-28 15:44:45','2024-06-28 15:44:46',17),(24,'Administracin Ciudadana',7,0,'2024-06-28 20:35:21','2024-07-03 21:53:28',20),(25,'Adm empresas',NULL,1,'2024-06-28 20:35:30','2024-07-04 23:29:48',20),(26,'Administracin de Lugares Tursticos',202,0,'2024-06-30 15:02:43','2024-06-30 15:16:57',20),(27,'Cocina Vegetariana ',210,1,'2024-07-02 02:42:54','2024-07-02 02:42:54',41),(29,'Computer Sciences',231,1,'2024-07-03 02:19:54','2024-07-03 02:31:38',45),(30,'Information Systems',72,1,'2024-07-03 02:30:22','2024-07-03 02:30:22',45),(31,'Programa TEST',233,1,'2024-07-03 17:08:50','2024-07-03 17:08:55',46),(32,'Programa con tlde',234,1,'2024-07-03 17:53:10','2024-07-03 17:53:14',46),(33,'Derecho Tributario',76,0,'2024-07-04 04:03:33','2024-07-04 04:03:39',1),(34,'Derecho de Propiedad Intelectual',77,0,'2024-07-04 04:04:36','2024-07-04 04:04:44',1),(35,'Derecho Internacional Pblico',75,0,'2024-07-04 04:05:35','2024-07-04 04:06:11',1),(36,'Diseo de interiores',262,1,'2024-07-04 04:08:04','2024-07-04 04:18:48',6),(37,'Arte Digital',143,1,'2024-07-04 04:08:23','2024-07-04 04:17:29',6),(38,'Pintura',102,0,'2024-07-04 04:08:40','2024-07-04 04:17:58',6),(39,'Diseo de interiores',123,0,'2024-07-04 04:09:56','2024-07-04 04:18:25',6),(40,'Pintura',277,0,'2024-07-04 04:12:24','2024-07-04 04:17:54',6),(41,'Adm Turisitica',72,1,'2024-07-04 04:17:40','2024-07-04 04:17:41',20),(42,'Diseo de interiores',279,0,'2024-07-04 04:19:20','2024-07-04 04:20:57',6),(43,'Escultura',178,1,'2024-07-04 04:20:15','2024-07-04 04:20:47',6),(44,'Adm Hotelera',72,1,'2024-07-04 04:26:28','2024-07-04 04:26:28',20),(45,'Adm y Marketing',75,1,'2024-07-04 04:39:34','2024-07-04 04:39:35',20),(46,'Gestin Ambiental',287,1,'2024-07-04 04:41:09','2024-07-04 04:41:12',48),(47,'Biologa Ambiental',185,1,'2024-07-04 04:41:31','2024-07-04 04:41:31',48),(48,'Energas Renovables y Sostenibilidad',282,1,'2024-07-04 04:42:26','2024-07-04 04:42:27',48),(49,'Derecho Universitario',123,1,'2024-07-04 16:36:38','2024-07-04 16:36:39',1),(50,'Administracion Derechista',83,1,'2024-07-04 16:37:07','2024-07-04 16:37:09',1),(51,'Derecho Internacional',74,0,'2024-07-04 19:48:48','2024-07-04 19:55:03',1),(52,'Derecho Informtico',91,0,'2024-07-04 19:56:17','2024-07-04 20:00:58',1),(53,'Derecho Administrativo',91,1,'2024-07-04 20:01:12','2024-07-04 20:01:21',1),(54,'Derecho Informtico dos',288,0,'2024-07-04 20:07:06','2024-07-04 20:07:51',1),(55,'Derecho Informtico tres',288,0,'2024-07-04 20:08:06','2024-07-04 20:08:37',1),(56,'Derecho Penal II',288,0,'2024-07-04 20:15:15','2024-07-04 20:18:54',1),(57,'Derecho Penal III',289,0,'2024-07-04 20:18:27','2024-07-04 20:18:58',1),(58,'Derecho Penal IV',289,0,'2024-07-04 20:19:09','2024-07-04 20:19:33',1),(59,'Derecho Prueba II',290,0,'2024-07-04 20:21:47','2024-07-04 20:21:56',1),(60,'Derecho Prueba IV',291,0,'2024-07-04 20:24:13','2024-07-04 20:24:29',1),(61,'Derecho Prueba V',291,0,'2024-07-04 20:24:50','2024-07-04 20:25:29',1),(62,'Derecho Civil II',292,1,'2024-07-04 20:27:07','2024-07-04 20:27:07',1),(63,'Programa hola',77,1,'2024-07-05 00:55:42','2024-07-05 00:55:42',56);
/*!40000 ALTER TABLE `Programa` ENABLE KEYS */;
UNLOCK TABLES;

--
-- Table structure for table `Respuesta`
--

DROP TABLE IF EXISTS `Respuesta`;
/*!40101 SET @saved_cs_client     = @@character_set_client */;
/*!50503 SET character_set_client = utf8mb4 */;
CREATE TABLE `Respuesta` (
  `id_respuesta` int NOT NULL AUTO_INCREMENT,
  `fid_encuesta` int DEFAULT NULL,
  `fid_opcion` int DEFAULT NULL,
  `esActivo` tinyint(1) NOT NULL DEFAULT '1',
  `fechaCreacion` datetime DEFAULT NULL,
  `fechaActualizacion` datetime DEFAULT NULL,
  PRIMARY KEY (`id_respuesta`),
  KEY `fid_encuesta` (`fid_encuesta`),
  KEY `fid_opcion` (`fid_opcion`),
  CONSTRAINT `Respuesta_ibfk_1` FOREIGN KEY (`fid_encuesta`) REFERENCES `Encuesta` (`id_encuesta`) ON DELETE CASCADE ON UPDATE CASCADE,
  CONSTRAINT `Respuesta_ibfk_2` FOREIGN KEY (`fid_opcion`) REFERENCES `Opcion` (`id_opcion`) ON DELETE CASCADE ON UPDATE CASCADE
) ENGINE=InnoDB AUTO_INCREMENT=77 DEFAULT CHARSET=utf8mb4 COLLATE=utf8mb4_0900_ai_ci;
/*!40101 SET character_set_client = @saved_cs_client */;

--
-- Dumping data for table `Respuesta`
--

LOCK TABLES `Respuesta` WRITE;
/*!40000 ALTER TABLE `Respuesta` DISABLE KEYS */;
INSERT INTO `Respuesta` VALUES (1,52,2,1,'2024-06-29 19:22:02','2024-06-29 19:22:02'),(2,52,7,1,'2024-06-29 19:22:02','2024-06-29 19:22:02'),(3,52,12,1,'2024-06-29 19:22:02','2024-06-29 19:22:02'),(4,52,15,1,'2024-06-29 19:22:02','2024-06-29 19:22:02'),(5,52,2,1,'2024-06-29 19:23:05','2024-06-29 19:23:05'),(6,52,7,1,'2024-06-29 19:23:05','2024-06-29 19:23:05'),(7,52,12,1,'2024-06-29 19:23:05','2024-06-29 19:23:05'),(8,52,15,1,'2024-06-29 19:23:05','2024-06-29 19:23:05'),(9,53,4,1,'2024-06-29 19:45:09','2024-06-29 19:45:09'),(10,53,10,1,'2024-06-29 19:45:09','2024-06-29 19:45:09'),(11,53,12,1,'2024-06-29 19:45:09','2024-06-29 19:45:09'),(12,53,16,1,'2024-06-29 19:45:09','2024-06-29 19:45:09'),(13,54,4,1,'2024-06-29 21:45:38','2024-06-29 21:45:38'),(14,54,10,1,'2024-06-29 21:45:38','2024-06-29 21:45:38'),(15,54,12,1,'2024-06-29 21:45:38','2024-06-29 21:45:38'),(16,54,16,1,'2024-06-29 21:45:38','2024-06-29 21:45:38'),(17,55,1,1,'2024-06-29 21:57:39','2024-06-29 21:57:39'),(18,55,6,1,'2024-06-29 21:57:39','2024-06-29 21:57:39'),(19,55,11,1,'2024-06-29 21:57:39','2024-06-29 21:57:39'),(20,55,14,1,'2024-06-29 21:57:39','2024-06-29 21:57:39'),(21,56,1,1,'2024-06-29 22:03:36','2024-06-29 22:03:36'),(22,56,6,1,'2024-06-29 22:03:36','2024-06-29 22:03:36'),(23,56,11,1,'2024-06-29 22:03:36','2024-06-29 22:03:36'),(24,56,14,1,'2024-06-29 22:03:37','2024-06-29 22:03:37'),(25,57,5,1,'2024-06-29 22:40:51','2024-06-29 22:40:51'),(26,57,8,1,'2024-06-29 22:40:51','2024-06-29 22:40:51'),(27,57,13,1,'2024-06-29 22:40:52','2024-06-29 22:40:52'),(28,57,15,1,'2024-06-29 22:40:52','2024-06-29 22:40:52'),(29,58,2,1,'2024-06-29 22:52:42','2024-06-29 22:52:42'),(30,58,10,1,'2024-06-29 22:52:42','2024-06-29 22:52:42'),(31,58,12,1,'2024-06-29 22:52:42','2024-06-29 22:52:42'),(32,58,15,1,'2024-06-29 22:52:43','2024-06-29 22:52:43'),(33,59,3,1,'2024-06-29 23:03:08','2024-06-29 23:03:08'),(34,59,8,1,'2024-06-29 23:03:08','2024-06-29 23:03:08'),(35,59,13,1,'2024-06-29 23:03:08','2024-06-29 23:03:08'),(36,59,15,1,'2024-06-29 23:03:08','2024-06-29 23:03:08'),(37,60,3,1,'2024-06-30 04:14:04','2024-06-30 04:14:04'),(38,60,9,1,'2024-06-30 04:14:04','2024-06-30 04:14:04'),(39,60,12,1,'2024-06-30 04:14:04','2024-06-30 04:14:04'),(40,60,16,1,'2024-06-30 04:14:04','2024-06-30 04:14:04'),(41,62,4,1,'2024-06-30 08:03:45','2024-06-30 08:03:45'),(42,62,9,1,'2024-06-30 08:03:45','2024-06-30 08:03:45'),(43,62,12,1,'2024-06-30 08:03:45','2024-06-30 08:03:45'),(44,62,14,1,'2024-06-30 08:03:45','2024-06-30 08:03:45'),(45,63,2,1,'2024-06-30 23:07:36','2024-06-30 23:07:36'),(46,63,8,1,'2024-06-30 23:07:36','2024-06-30 23:07:36'),(47,63,12,1,'2024-06-30 23:07:36','2024-06-30 23:07:36'),(48,63,16,1,'2024-06-30 23:07:37','2024-06-30 23:07:37'),(49,65,1,1,'2024-06-30 23:19:29','2024-06-30 23:19:29'),(50,65,6,1,'2024-06-30 23:19:30','2024-06-30 23:19:30'),(51,65,13,1,'2024-06-30 23:19:30','2024-06-30 23:19:30'),(52,65,15,1,'2024-06-30 23:19:30','2024-06-30 23:19:30'),(53,64,5,1,'2024-06-30 23:20:05','2024-06-30 23:20:05'),(54,64,10,1,'2024-06-30 23:20:05','2024-06-30 23:20:05'),(55,64,11,1,'2024-06-30 23:20:05','2024-06-30 23:20:05'),(56,64,14,1,'2024-06-30 23:20:05','2024-06-30 23:20:05'),(57,67,2,1,'2024-06-30 23:46:48','2024-06-30 23:46:48'),(58,67,10,1,'2024-06-30 23:46:48','2024-06-30 23:46:48'),(59,67,12,1,'2024-06-30 23:46:48','2024-06-30 23:46:48'),(60,67,15,1,'2024-06-30 23:46:48','2024-06-30 23:46:48'),(61,69,2,1,'2024-06-30 23:49:41','2024-06-30 23:49:41'),(62,69,8,1,'2024-06-30 23:49:41','2024-06-30 23:49:41'),(63,69,12,1,'2024-06-30 23:49:41','2024-06-30 23:49:41'),(64,69,15,1,'2024-06-30 23:49:41','2024-06-30 23:49:41'),(65,68,3,1,'2024-07-03 23:12:40','2024-07-03 23:12:40'),(66,68,7,1,'2024-07-03 23:12:40','2024-07-03 23:12:40'),(67,68,12,1,'2024-07-03 23:12:41','2024-07-03 23:12:41'),(68,68,14,1,'2024-07-03 23:12:41','2024-07-03 23:12:41'),(69,70,1,1,'2024-07-04 23:39:03','2024-07-04 23:39:03'),(70,70,6,1,'2024-07-04 23:39:03','2024-07-04 23:39:03'),(71,70,12,1,'2024-07-04 23:39:04','2024-07-04 23:39:04'),(72,70,15,1,'2024-07-04 23:39:04','2024-07-04 23:39:04'),(73,72,3,1,'2024-07-05 01:20:01','2024-07-05 01:20:01'),(74,72,9,1,'2024-07-05 01:20:01','2024-07-05 01:20:01'),(75,72,11,1,'2024-07-05 01:20:01','2024-07-05 01:20:01'),(76,72,16,1,'2024-07-05 01:20:02','2024-07-05 01:20:02');
/*!40000 ALTER TABLE `Respuesta` ENABLE KEYS */;
UNLOCK TABLES;

--
-- Table structure for table `ResultadoCita`
--

DROP TABLE IF EXISTS `ResultadoCita`;
/*!40101 SET @saved_cs_client     = @@character_set_client */;
/*!50503 SET character_set_client = utf8mb4 */;
CREATE TABLE `ResultadoCita` (
  `id_resultado` int NOT NULL AUTO_INCREMENT,
  `Asistencia` tinyint(1) NOT NULL,
  `es_derivado` tinyint(1) NOT NULL,
  `es_activo` tinyint(1) NOT NULL DEFAULT '1',
  `fechaCreacion` datetime NOT NULL DEFAULT CURRENT_TIMESTAMP,
  `fechaActualizacion` datetime NOT NULL DEFAULT CURRENT_TIMESTAMP ON UPDATE CURRENT_TIMESTAMP,
  `detalleResultado` varchar(255) DEFAULT NULL,
  PRIMARY KEY (`id_resultado`)
) ENGINE=InnoDB AUTO_INCREMENT=121 DEFAULT CHARSET=utf8mb4 COLLATE=utf8mb4_0900_ai_ci;
/*!40101 SET character_set_client = @saved_cs_client */;

--
-- Dumping data for table `ResultadoCita`
--

LOCK TABLES `ResultadoCita` WRITE;
/*!40000 ALTER TABLE `ResultadoCita` DISABLE KEYS */;
INSERT INTO `ResultadoCita` VALUES (1,1,0,1,'2024-06-16 16:18:35','2024-06-16 16:18:35',''),(2,0,0,1,'2024-06-16 16:35:08','2024-06-16 16:35:08',''),(3,1,0,1,'2024-06-16 16:38:25','2024-06-16 16:38:25',''),(4,0,0,1,'2024-06-16 16:39:04','2024-06-16 16:39:04',''),(5,1,0,1,'2024-06-16 20:11:04','2024-06-16 20:11:04',''),(6,1,0,1,'2024-06-16 20:29:38','2024-06-16 20:29:38',''),(7,0,0,1,'2024-06-16 21:09:55','2024-06-16 21:09:55',''),(8,1,0,1,'2024-06-16 21:44:10','2024-06-16 21:44:10',''),(9,1,0,1,'2024-06-16 21:45:04','2024-06-16 21:45:04','Asistio'),(10,1,0,1,'2024-06-16 21:45:48','2024-06-16 21:45:48','Asistio'),(11,0,0,1,'2024-06-16 21:46:38','2024-06-16 21:46:38',''),(12,0,0,1,'2024-06-16 21:46:50','2024-06-16 21:46:50','Asistio solo 1'),(13,0,0,1,'2024-06-16 21:48:44','2024-06-16 21:48:44','Asistio solo 1'),(14,0,0,1,'2024-06-16 21:49:47','2024-06-16 21:49:47','Asistio solo 1'),(15,0,0,1,'2024-06-16 22:00:32','2024-06-16 22:00:32','Asistieron'),(16,0,0,1,'2024-06-16 22:06:35','2024-06-16 22:06:35','ASISTIERON'),(17,0,0,1,'2024-06-16 22:18:42','2024-06-16 22:18:42','Asistieron'),(18,0,0,1,'2024-06-16 22:31:07','2024-06-16 22:31:07','Asistieron TODOS'),(19,0,0,1,'2024-06-16 22:33:11','2024-06-16 22:33:11','ASISTENCIA TOTAL'),(22,0,0,1,'2024-06-16 22:55:23','2024-06-16 22:55:23','Asistieron TODOS'),(23,0,0,1,'2024-06-16 22:56:53','2024-06-16 22:56:53','Asistieron TODOS'),(24,0,0,1,'2024-06-16 23:00:49','2024-06-16 23:00:49','Asistieron TODOS'),(25,1,0,1,'2024-06-16 23:08:42','2024-06-16 23:08:42','Asistieron TODOS'),(26,1,0,1,'2024-06-17 00:19:12','2024-06-17 00:19:12',''),(27,1,0,1,'2024-06-17 00:19:39','2024-06-17 00:19:39',''),(28,1,0,1,'2024-06-17 01:34:26','2024-06-17 01:34:26','Asisti'),(29,1,0,1,'2024-06-17 01:35:07','2024-06-17 01:35:07','Asisti'),(30,1,0,1,'2024-06-17 01:36:05','2024-06-17 01:36:05','El alumno prest mucha atencin.'),(31,1,0,1,'2024-06-17 01:45:17','2024-06-17 01:45:17','Asisti'),(32,1,0,1,'2024-06-17 02:22:43','2024-06-17 02:22:43','Mostr mucho inters por aprender.'),(33,1,0,1,'2024-06-17 02:29:40','2024-06-17 02:29:40','Asisti'),(34,1,0,1,'2024-06-17 03:24:18','2024-06-17 03:24:18','Asisti'),(35,1,0,1,'2024-06-17 03:25:30','2024-06-17 03:25:30','Asisti'),(36,1,0,1,'2024-06-17 03:31:16','2024-06-17 03:31:16','Asisti'),(37,1,0,1,'2024-06-17 03:35:18','2024-06-17 03:35:18','Asisti'),(38,1,0,1,'2024-06-17 03:35:48','2024-06-17 03:35:48',''),(39,1,0,1,'2024-06-17 03:35:55','2024-06-17 03:35:55','Asistieron'),(40,1,0,1,'2024-06-17 03:36:28','2024-06-17 03:36:28','Asisti'),(41,1,0,1,'2024-06-17 03:53:41','2024-06-17 03:53:41',''),(42,0,0,1,'2024-06-17 04:00:25','2024-06-17 04:00:25','Asisti'),(43,1,0,1,'2024-06-17 04:00:31','2024-06-17 04:00:31','Asisti'),(44,1,0,1,'2024-06-17 04:00:36','2024-06-17 04:00:36','Asisti'),(45,1,0,1,'2024-06-17 04:00:42','2024-06-17 04:00:42','Asisti'),(46,1,0,1,'2024-06-17 04:00:48','2024-06-17 04:00:48','Asisti'),(47,1,0,1,'2024-06-17 04:00:53','2024-06-17 04:00:53','Asisti'),(48,1,0,1,'2024-06-17 06:57:41','2024-06-17 06:57:41','Asistio'),(49,1,0,1,'2024-06-19 06:17:52','2024-06-19 06:17:52','El alumno se compromete a mejorar sus hbitos de estudio'),(50,1,0,1,'2024-06-19 06:27:08','2024-06-19 06:27:08','El alumno se compromete a mejorar sus hbitos de estudio'),(51,1,0,1,'2024-06-19 06:38:27','2024-06-19 06:38:27','El alumno se compromete a mejorar sus hbitos de estudio'),(52,1,0,1,'2024-06-19 06:43:15','2024-06-19 06:43:15','El alumno se compromete a asistir a talleres'),(53,1,0,1,'2024-06-19 06:44:16','2024-06-19 06:44:16','El alumno se compromete a mejorar sus hbitos de estudio'),(54,1,0,1,'2024-06-19 19:48:31','2024-06-19 19:48:31','El alumno se compromete a mejorar sus hbitos de estudio'),(55,1,0,1,'2024-06-19 19:48:42','2024-06-19 19:48:42','El alumno se compromete a asistir a talleres'),(56,1,0,1,'2024-06-19 22:17:29','2024-06-19 22:17:29',''),(57,1,0,1,'2024-06-19 22:18:10','2024-06-19 22:18:10',''),(58,1,0,1,'2024-06-19 22:42:36','2024-06-19 22:42:36',''),(59,1,0,1,'2024-06-19 23:25:51','2024-06-19 23:25:51',''),(60,1,0,1,'2024-06-20 20:18:14','2024-06-20 20:18:14',''),(61,1,0,1,'2024-06-20 20:37:56','2024-06-20 20:37:56',''),(62,1,0,1,'2024-06-20 20:38:09','2024-06-20 20:38:09',''),(63,1,0,1,'2024-06-21 20:04:05','2024-06-21 20:04:05','El alumno asisti'),(64,1,0,1,'2024-06-28 01:43:26','2024-06-28 01:43:26','El alumno se mostr optimista'),(65,1,0,1,'2024-06-28 02:59:14','2024-06-28 02:59:14',''),(66,1,0,1,'2024-06-28 17:08:50','2024-06-28 17:08:50','Asisti'),(67,1,0,1,'2024-06-28 19:40:11','2024-06-28 19:40:11',''),(68,1,0,1,'2024-06-28 19:48:07','2024-06-28 19:48:07','Resultados de la cita'),(69,1,0,1,'2024-06-28 21:15:49','2024-06-28 21:15:49','Asisti y mostr inters'),(70,1,0,1,'2024-06-28 21:16:26','2024-06-28 21:16:26','Mostr inters'),(71,1,0,1,'2024-06-28 22:22:29','2024-06-28 22:22:29','El alumno mostr inters'),(72,1,0,1,'2024-06-28 23:29:01','2024-06-28 23:29:01','Asisti'),(73,1,0,1,'2024-06-28 23:35:52','2024-06-28 23:35:52','Asisti'),(74,1,0,1,'2024-06-29 00:06:25','2024-06-29 00:06:25','Asisti'),(75,1,0,1,'2024-06-29 00:28:23','2024-06-29 00:28:23','Asisti'),(76,1,0,1,'2024-06-29 00:29:15','2024-06-29 00:29:15','Cumplio compromisos pasados'),(77,1,0,1,'2024-06-29 00:31:37','2024-06-29 00:31:37','Asistio'),(78,1,0,1,'2024-06-29 00:46:31','2024-06-29 00:46:31','Asisti'),(79,1,0,1,'2024-06-29 00:47:59','2024-06-29 00:47:59','Asisti'),(80,1,0,1,'2024-06-29 01:57:33','2024-06-29 01:57:33','Asistio'),(81,1,0,1,'2024-06-29 03:34:35','2024-06-29 03:34:35','Asistio'),(82,1,0,1,'2024-06-29 09:05:09','2024-06-29 09:05:09','Resultado'),(83,1,0,1,'2024-06-29 16:57:47','2024-06-29 16:57:47','Asistip'),(84,1,0,1,'2024-06-29 17:06:01','2024-06-29 17:06:01','Asistio'),(85,1,0,1,'2024-06-29 17:19:04','2024-06-29 17:19:04','Asistio'),(86,1,0,1,'2024-06-29 18:03:51','2024-06-29 18:03:51','Asistio'),(87,1,0,1,'2024-06-29 19:39:23','2024-06-29 19:39:23','Asistio'),(88,1,0,1,'2024-06-29 21:30:22','2024-06-29 21:30:22','Asistio'),(89,1,0,1,'2024-06-29 21:30:51','2024-06-29 21:30:51','Asistio'),(90,1,0,1,'2024-06-29 21:56:15','2024-06-29 21:56:15','asistio'),(91,1,0,1,'2024-06-29 21:58:30','2024-06-29 21:58:30','asistio'),(92,1,0,1,'2024-06-29 22:24:24','2024-06-29 22:24:24','Asistio'),(93,1,0,1,'2024-06-29 22:52:10','2024-06-29 22:52:10','Asistio'),(94,1,0,1,'2024-06-29 23:02:43','2024-06-29 23:02:43','Asistio'),(95,1,0,1,'2024-06-30 03:16:23','2024-06-30 03:16:23','Asistio'),(96,1,0,1,'2024-06-30 07:15:35','2024-06-30 07:15:35','Asistio'),(97,1,0,1,'2024-06-30 07:17:52','2024-06-30 07:17:52','Asistio'),(98,1,0,1,'2024-06-30 07:37:09','2024-06-30 07:37:09','Asistio'),(99,1,0,1,'2024-06-30 07:38:41','2024-06-30 07:38:41','Asistio'),(100,1,0,1,'2024-06-30 08:35:38','2024-06-30 08:35:38','Asc'),(101,1,0,1,'2024-06-30 08:36:17','2024-06-30 08:36:17','A'),(102,1,0,1,'2024-06-30 23:18:42','2024-06-30 23:18:42','Asistieron'),(103,1,0,1,'2024-06-30 23:46:17','2024-06-30 23:46:17','Asistieron'),(104,1,0,1,'2024-06-30 23:48:58','2024-06-30 23:48:58',''),(105,1,0,1,'2024-07-03 18:17:12','2024-07-03 18:17:12',''),(106,1,0,1,'2024-07-03 18:17:23','2024-07-03 18:17:23',''),(107,1,0,1,'2024-07-04 00:26:47','2024-07-04 00:26:47','Asistio'),(108,1,0,1,'2024-07-04 02:20:26','2024-07-04 02:20:26','Asistio'),(109,1,0,1,'2024-07-04 03:32:16','2024-07-04 03:32:16','Asistio'),(110,1,0,1,'2024-07-04 16:46:03','2024-07-04 16:46:03',''),(111,1,0,1,'2024-07-04 18:57:19','2024-07-04 18:57:19','Asistio'),(112,1,0,1,'2024-07-04 18:57:35','2024-07-04 18:57:35','Asistio'),(113,1,0,1,'2024-07-04 18:57:44','2024-07-04 18:57:44','Asistio'),(114,1,0,1,'2024-07-04 19:15:47','2024-07-04 19:15:47','Asistio'),(115,1,0,1,'2024-07-04 19:20:03','2024-07-04 19:20:03','Asistio'),(116,1,0,1,'2024-07-04 19:22:51','2024-07-04 19:22:51','Asistio'),(117,1,0,1,'2024-07-04 19:26:49','2024-07-04 19:26:49','Asistio'),(118,1,0,1,'2024-07-04 22:18:36','2024-07-04 22:18:36',''),(119,1,0,1,'2024-07-05 01:17:08','2024-07-05 01:17:08','Asistio'),(120,1,0,1,'2024-07-05 02:23:39','2024-07-05 02:23:39','Asistio');
/*!40000 ALTER TABLE `ResultadoCita` ENABLE KEYS */;
UNLOCK TABLES;

--
-- Table structure for table `Rol`
--

DROP TABLE IF EXISTS `Rol`;
/*!40101 SET @saved_cs_client     = @@character_set_client */;
/*!50503 SET character_set_client = utf8mb4 */;
CREATE TABLE `Rol` (
  `id_rol` int NOT NULL AUTO_INCREMENT,
  `nombre` varchar(255) NOT NULL,
  `es_activo` tinyint DEFAULT '1',
  `fechaCreacion` datetime NOT NULL DEFAULT CURRENT_TIMESTAMP,
  `fechaActualizacion` datetime NOT NULL DEFAULT CURRENT_TIMESTAMP,
  PRIMARY KEY (`id_rol`)
) ENGINE=InnoDB AUTO_INCREMENT=8 DEFAULT CHARSET=utf8mb4 COLLATE=utf8mb4_0900_ai_ci;
/*!40101 SET character_set_client = @saved_cs_client */;

--
-- Dumping data for table `Rol`
--

LOCK TABLES `Rol` WRITE;
/*!40000 ALTER TABLE `Rol` DISABLE KEYS */;
INSERT INTO `Rol` VALUES (1,'Coordinador de Facultad',1,'2024-05-01 19:37:14','2024-05-01 19:37:14'),(2,'Coordinador de Programa',1,'2024-05-01 19:37:14','2024-05-01 19:37:14'),(3,'Tutor',1,'2024-05-01 19:37:14','2024-05-01 19:37:14'),(4,'Alumno',1,'2024-05-01 19:37:14','2024-05-01 19:37:14'),(5,'Asistente',1,'2024-05-01 19:37:14','2024-05-01 19:37:14'),(6,'Administrador',1,'2024-05-01 19:37:14','2024-05-01 19:37:14'),(7,'Responsable de Tutora',1,'2024-06-03 19:50:26','2024-06-03 19:50:26');
/*!40000 ALTER TABLE `Rol` ENABLE KEYS */;
UNLOCK TABLES;

--
-- Table structure for table `RolOpciones`
--

DROP TABLE IF EXISTS `RolOpciones`;
/*!40101 SET @saved_cs_client     = @@character_set_client */;
/*!50503 SET character_set_client = utf8mb4 */;
CREATE TABLE `RolOpciones` (
  `id_rol_opcion` int NOT NULL AUTO_INCREMENT,
  `id_opcion` int NOT NULL,
  `id_rol` int NOT NULL,
  `es_activo` tinyint(1) DEFAULT '1',
  `fechaCreacion` datetime DEFAULT NULL,
  `fechaActualizacion` datetime DEFAULT NULL,
  PRIMARY KEY (`id_rol_opcion`),
  KEY `id_opcion` (`id_opcion`),
  KEY `id_rol` (`id_rol`),
  CONSTRAINT `RolOpciones_ibfk_1` FOREIGN KEY (`id_opcion`) REFERENCES `OpcionSidebar` (`id`),
  CONSTRAINT `RolOpciones_ibfk_2` FOREIGN KEY (`id_rol`) REFERENCES `Rol` (`id_rol`)
) ENGINE=InnoDB AUTO_INCREMENT=50 DEFAULT CHARSET=utf8mb4 COLLATE=utf8mb4_0900_ai_ci;
/*!40101 SET character_set_client = @saved_cs_client */;

--
-- Dumping data for table `RolOpciones`
--

LOCK TABLES `RolOpciones` WRITE;
/*!40000 ALTER TABLE `RolOpciones` DISABLE KEYS */;
INSERT INTO `RolOpciones` VALUES (7,2,6,1,'2024-05-02 20:09:31','2024-05-02 20:09:31'),(10,5,6,1,'2024-05-02 20:12:13','2024-05-02 20:12:13'),(11,6,6,1,'2024-05-02 20:12:13','2024-05-02 20:12:13'),(12,7,6,1,'2024-05-02 20:12:13','2024-05-02 20:12:13'),(13,8,6,1,'2024-05-03 18:06:15','2024-05-03 18:06:15'),(14,9,3,1,'2024-05-03 19:12:27','2024-05-03 19:12:27'),(15,10,3,1,'2024-05-03 19:12:27','2024-05-03 19:12:27'),(16,11,1,1,'2024-05-03 19:23:03','2024-05-03 19:23:03'),(17,12,1,1,'2024-05-03 19:23:03','2024-05-03 19:23:03'),(18,13,1,1,'2024-05-03 19:23:03','2024-05-03 19:23:03'),(19,14,1,1,'2024-05-03 19:23:03','2024-05-03 19:23:03'),(20,15,1,1,'2024-05-03 19:23:03','2024-05-03 19:23:03'),(22,17,1,1,'2024-05-03 19:23:03','2024-05-03 19:23:03'),(23,11,2,1,'2024-05-03 19:23:15','2024-05-03 19:23:15'),(24,12,2,1,'2024-05-03 19:23:15','2024-05-03 19:23:15'),(25,13,2,1,'2024-05-03 19:23:15','2024-05-03 19:23:15'),(27,15,2,1,'2024-05-03 19:23:15','2024-05-03 19:23:15'),(29,17,2,1,'2024-05-03 19:23:15','2024-05-03 19:23:15'),(30,11,5,1,'2024-05-03 19:23:20','2024-05-03 19:23:20'),(31,12,5,1,'2024-05-03 19:23:20','2024-05-03 19:23:20'),(32,13,5,1,'2024-05-03 19:23:20','2024-05-03 19:23:20'),(33,14,5,1,'2024-05-03 19:23:20','2024-05-03 19:23:20'),(34,15,5,1,'2024-05-03 19:23:20','2024-05-03 19:23:20'),(36,17,5,1,'2024-05-03 19:23:20','2024-05-03 19:23:20'),(37,18,4,1,'2024-05-03 19:24:36','2024-05-03 19:24:36'),(38,19,4,1,'2024-05-03 19:24:36','2024-05-03 19:24:36'),(39,20,4,1,'2024-05-03 19:24:36','2024-05-03 19:24:36'),(40,22,1,1,'2024-05-22 21:34:46','2024-05-22 21:34:46'),(41,22,2,1,'2024-05-22 21:34:52','2024-05-22 21:34:52'),(42,23,6,1,NULL,NULL),(45,25,1,1,NULL,NULL),(46,25,2,1,NULL,NULL),(47,26,1,1,NULL,NULL),(48,27,7,1,NULL,NULL),(49,28,6,1,NULL,NULL);
/*!40000 ALTER TABLE `RolOpciones` ENABLE KEYS */;
UNLOCK TABLES;

--
-- Table structure for table `Roles_Usuario`
--

DROP TABLE IF EXISTS `Roles_Usuario`;
/*!40101 SET @saved_cs_client     = @@character_set_client */;
/*!50503 SET character_set_client = utf8mb4 */;
CREATE TABLE `Roles_Usuario` (
  `id_roles_usuario` int NOT NULL AUTO_INCREMENT,
  `id_usuario` int DEFAULT NULL,
  `id_rol` int DEFAULT NULL,
  `es_activo` tinyint(1) DEFAULT '1',
  `fechaCreacion` datetime NOT NULL DEFAULT CURRENT_TIMESTAMP,
  `fechaActualizacion` datetime NOT NULL DEFAULT CURRENT_TIMESTAMP,
  PRIMARY KEY (`id_roles_usuario`),
  KEY `id_usuario` (`id_usuario`),
  KEY `id_rol` (`id_rol`),
  CONSTRAINT `Roles_Usuario_ibfk_1` FOREIGN KEY (`id_usuario`) REFERENCES `Usuario` (`id_usuario`),
  CONSTRAINT `Roles_Usuario_ibfk_2` FOREIGN KEY (`id_rol`) REFERENCES `Rol` (`id_rol`)
) ENGINE=InnoDB AUTO_INCREMENT=444 DEFAULT CHARSET=utf8mb4 COLLATE=utf8mb4_0900_ai_ci;
/*!40101 SET character_set_client = @saved_cs_client */;

--
-- Dumping data for table `Roles_Usuario`
--

LOCK TABLES `Roles_Usuario` WRITE;
/*!40000 ALTER TABLE `Roles_Usuario` DISABLE KEYS */;
INSERT INTO `Roles_Usuario` VALUES (1,1,6,1,'2024-06-16 04:39:00','2024-06-16 04:39:00'),(2,2,1,1,'2024-06-16 05:07:43','2024-06-30 14:57:20'),(3,2,3,1,'2024-06-16 05:07:43','2024-06-27 03:42:23'),(4,3,3,1,'2024-06-16 05:13:15','2024-06-16 05:13:15'),(6,4,4,1,'2024-06-16 05:37:02','2024-07-04 23:29:05'),(9,6,4,1,'2024-06-16 05:44:48','2024-07-04 23:30:14'),(10,7,3,1,'2024-06-16 05:50:11','2024-06-16 05:50:11'),(11,7,4,0,'2024-06-16 05:50:11','2024-06-16 17:46:14'),(12,8,2,0,'2024-06-16 05:56:42','2024-06-17 04:04:41'),(13,8,3,0,'2024-06-16 05:56:42','2024-06-16 18:46:01'),(14,9,4,1,'2024-06-16 05:59:21','2024-07-04 23:40:28'),(15,10,1,1,'2024-06-16 06:01:43','2024-07-04 22:03:53'),(16,10,3,1,'2024-06-16 06:01:43','2024-06-16 06:01:43'),(17,11,4,1,'2024-06-16 06:03:12','2024-06-16 06:03:12'),(18,12,4,1,'2024-06-16 06:05:18','2024-07-04 23:30:20'),(19,13,4,1,'2024-06-16 06:06:59','2024-06-16 06:06:59'),(20,14,3,0,'2024-06-16 06:11:16','2024-06-30 07:03:50'),(21,14,4,0,'2024-06-16 06:11:16','2024-06-28 04:55:13'),(22,15,3,0,'2024-06-16 06:17:20','2024-06-30 06:59:33'),(23,15,4,1,'2024-06-16 06:17:20','2024-06-16 06:17:20'),(24,16,4,1,'2024-06-16 06:21:18','2024-06-16 06:21:18'),(40,32,7,0,'2024-06-16 15:03:30','2024-06-28 13:48:58'),(42,34,4,0,'2024-06-16 16:27:33','2024-06-16 16:32:37'),(43,35,4,1,'2024-06-16 16:34:04','2024-06-16 16:34:04'),(44,36,4,1,'2024-06-16 16:58:44','2024-06-16 16:58:44'),(47,39,3,1,'2024-06-16 17:24:21','2024-06-16 17:24:21'),(48,39,4,1,'2024-06-16 17:24:21','2024-06-16 17:24:21'),(49,40,3,1,'2024-06-16 18:11:52','2024-06-16 18:11:52'),(50,41,2,0,'2024-06-16 19:19:49','2024-07-04 20:02:15'),(51,41,3,0,'2024-06-16 19:19:49','2024-06-27 00:58:30'),(52,42,2,1,'2024-06-16 19:22:05','2024-06-16 19:22:05'),(53,42,3,1,'2024-06-16 19:22:05','2024-06-16 19:22:05'),(54,43,2,1,'2024-06-16 19:23:06','2024-06-16 19:23:06'),(55,43,3,1,'2024-06-16 19:23:06','2024-06-16 19:23:06'),(76,64,4,1,'2024-06-16 21:32:17','2024-06-16 21:32:17'),(77,65,4,1,'2024-06-16 21:38:04','2024-06-17 03:57:00'),(78,66,1,1,'2024-06-17 02:20:53','2024-06-17 02:20:53'),(79,66,3,1,'2024-06-17 02:20:53','2024-06-17 02:20:53'),(80,67,7,0,'2024-06-17 02:40:40','2024-06-30 02:00:17'),(81,66,2,1,'2024-06-17 03:14:21','2024-06-17 03:14:21'),(82,68,3,1,'2024-06-17 04:04:14','2024-06-17 04:04:14'),(83,68,2,0,'2024-06-17 04:04:41','2024-07-05 02:45:45'),(84,69,3,1,'2024-06-17 04:43:44','2024-06-17 04:43:44'),(85,70,3,1,'2024-06-17 04:44:28','2024-06-17 04:44:28'),(86,71,3,1,'2024-06-17 05:04:23','2024-06-17 05:04:23'),(87,72,3,1,'2024-06-17 05:05:34','2024-06-17 05:05:34'),(88,73,3,1,'2024-06-17 05:07:57','2024-06-17 05:07:57'),(89,74,3,1,'2024-06-17 05:10:09','2024-06-17 05:10:09'),(90,75,3,1,'2024-06-17 05:12:12','2024-06-17 05:12:12'),(91,76,3,1,'2024-06-17 05:12:14','2024-06-17 05:12:14'),(92,77,3,1,'2024-06-17 05:12:18','2024-06-17 05:12:18'),(93,78,3,1,'2024-06-17 05:12:21','2024-06-17 05:12:21'),(94,79,3,1,'2024-06-17 05:12:23','2024-06-17 05:12:23'),(95,80,3,1,'2024-06-17 05:12:26','2024-06-17 05:12:26'),(96,81,3,1,'2024-06-17 05:12:29','2024-06-17 05:12:29'),(97,82,3,1,'2024-06-17 05:12:32','2024-06-17 05:12:32'),(99,84,3,1,'2024-06-17 05:13:02','2024-06-17 05:13:02'),(101,85,3,1,'2024-06-17 05:13:27','2024-06-17 05:13:27'),(103,86,3,1,'2024-06-17 05:16:23','2024-06-17 05:16:23'),(105,87,3,1,'2024-06-17 05:17:01','2024-06-17 05:17:01'),(107,88,3,1,'2024-06-17 05:17:31','2024-06-17 05:17:31'),(109,89,3,1,'2024-06-17 05:17:48','2024-06-17 05:17:48'),(111,90,3,1,'2024-06-17 05:18:23','2024-06-17 05:18:23'),(112,83,3,1,'2024-06-17 05:20:15','2024-06-17 05:20:15'),(113,91,3,1,'2024-06-17 05:20:46','2024-06-17 05:20:46'),(114,102,4,1,'2024-06-17 05:27:03','2024-06-17 05:27:03'),(115,103,4,1,'2024-06-17 05:29:52','2024-06-17 05:29:52'),(116,113,4,1,'2024-06-17 05:34:19','2024-06-17 05:34:19'),(117,113,3,0,'2024-06-17 05:34:43','2024-06-17 05:35:24'),(118,114,4,1,'2024-06-17 05:36:14','2024-06-17 05:36:14'),(119,116,3,1,'2024-06-17 05:36:45','2024-06-17 05:36:45'),(120,116,4,1,'2024-06-17 05:36:45','2024-07-05 00:17:24'),(121,117,4,1,'2024-06-17 05:41:44','2024-06-17 05:41:44'),(122,118,3,1,'2024-06-17 05:46:47','2024-06-17 05:46:47'),(123,118,4,1,'2024-06-17 05:46:48','2024-06-17 05:46:48'),(124,119,4,1,'2024-06-17 05:48:41','2024-06-17 05:48:41'),(125,120,3,1,'2024-06-17 05:50:10','2024-06-17 05:50:10'),(126,121,3,1,'2024-06-17 05:50:11','2024-06-17 05:50:11'),(127,122,3,1,'2024-06-17 05:54:11','2024-06-17 05:54:11'),(128,123,3,1,'2024-06-17 05:54:12','2024-06-17 05:54:12'),(129,124,3,1,'2024-06-17 05:54:13','2024-06-17 05:54:13'),(130,125,3,1,'2024-06-17 05:54:14','2024-06-17 05:54:14'),(131,126,3,1,'2024-06-17 05:54:15','2024-06-17 05:54:15'),(132,127,3,1,'2024-06-17 05:54:16','2024-06-17 05:54:16'),(133,128,3,1,'2024-06-17 05:54:17','2024-06-17 05:54:17'),(134,129,4,1,'2024-06-17 06:01:39','2024-07-05 00:17:39'),(135,130,4,1,'2024-06-17 06:19:32','2024-06-28 06:18:50'),(136,130,3,1,'2024-06-17 06:20:58','2024-06-30 06:05:44'),(137,131,1,0,'2024-06-21 20:58:46','2024-06-28 04:51:50'),(138,131,3,1,'2024-06-21 20:58:46','2024-06-21 20:58:46'),(139,132,2,0,'2024-06-21 20:59:41','2024-06-22 02:58:06'),(140,132,3,1,'2024-06-21 20:59:41','2024-06-21 20:59:41'),(141,3,2,0,'2024-06-22 03:45:40','2024-06-23 18:00:02'),(142,10,2,0,'2024-06-22 03:46:25','2024-07-04 20:11:33'),(143,133,1,0,'2024-06-22 04:59:26','2024-06-30 03:48:47'),(144,133,3,0,'2024-06-22 04:59:26','2024-06-30 06:32:31'),(145,10,2,0,'2024-06-22 05:08:21','2024-07-04 20:11:33'),(146,14,2,0,'2024-06-22 05:11:43','2024-06-30 07:03:50'),(147,133,4,1,'2024-06-22 05:46:12','2024-06-22 05:46:12'),(148,2,2,0,'2024-06-22 18:20:17','2024-06-22 22:12:41'),(149,14,2,0,'2024-06-22 22:12:41','2024-06-30 07:03:50'),(150,39,1,0,'2024-06-22 22:43:18','2024-06-28 20:28:13'),(151,3,2,0,'2024-06-23 00:25:19','2024-06-23 18:00:02'),(152,3,2,0,'2024-06-23 00:26:22','2024-06-23 18:00:02'),(153,3,2,0,'2024-06-23 00:26:29','2024-06-23 18:00:02'),(154,3,2,0,'2024-06-23 00:31:19','2024-06-23 18:00:02'),(155,3,2,0,'2024-06-23 00:32:06','2024-06-23 18:00:02'),(156,3,2,0,'2024-06-23 00:32:38','2024-06-23 18:00:02'),(157,134,1,0,'2024-06-23 02:16:59','2024-06-30 18:29:50'),(158,134,3,0,'2024-06-23 02:16:59','2024-06-30 18:29:50'),(159,135,1,0,'2024-06-23 02:24:43','2024-06-28 06:04:12'),(160,135,3,0,'2024-06-23 02:24:43','2024-06-28 06:04:12'),(161,135,4,1,'2024-06-23 02:29:17','2024-06-23 02:29:17'),(162,136,1,1,'2024-06-23 02:36:58','2024-06-23 08:20:04'),(163,136,3,1,'2024-06-23 02:36:58','2024-06-23 02:36:58'),(164,136,4,1,'2024-06-23 02:43:45','2024-06-23 02:43:45'),(165,137,4,1,'2024-06-23 02:52:19','2024-06-23 02:52:19'),(166,3,1,1,'2024-06-23 08:16:15','2024-06-30 14:53:30'),(167,14,2,0,'2024-06-23 17:11:43','2024-06-30 07:03:50'),(168,14,2,0,'2024-06-23 17:24:48','2024-06-30 07:03:50'),(169,14,2,0,'2024-06-23 17:45:42','2024-06-30 07:03:50'),(170,14,2,0,'2024-06-23 17:46:14','2024-06-30 07:03:50'),(171,14,2,0,'2024-06-23 17:48:26','2024-06-30 07:03:50'),(172,41,2,0,'2024-06-23 19:37:36','2024-07-04 20:02:15'),(173,41,2,0,'2024-06-23 19:37:54','2024-07-04 20:02:15'),(175,138,3,1,'2024-06-24 16:20:02','2024-06-24 16:20:25'),(176,138,4,1,'2024-06-24 16:20:02','2024-06-24 16:20:02'),(177,139,3,1,'2024-06-24 16:31:23','2024-06-24 16:31:23'),(178,140,4,1,'2024-06-25 00:56:12','2024-06-28 07:33:12'),(179,141,4,0,'2024-06-25 00:57:45','2024-06-28 06:19:15'),(180,142,4,1,'2024-06-25 00:58:52','2024-06-28 07:50:49'),(181,139,1,1,'2024-06-25 01:04:22','2024-06-25 01:05:33'),(182,10,2,0,'2024-06-27 02:47:34','2024-07-04 20:11:33'),(183,39,2,1,'2024-06-27 02:47:41','2024-06-27 02:47:41'),(184,143,3,1,'2024-06-27 02:50:50','2024-06-27 02:50:50'),(185,68,2,0,'2024-06-27 03:29:53','2024-07-05 02:45:45'),(186,144,3,1,'2024-06-28 04:13:22','2024-06-28 04:48:02'),(187,144,1,1,'2024-06-28 04:51:50','2024-06-28 04:51:50'),(188,14,2,0,'2024-06-28 04:57:11','2024-06-30 07:03:50'),(189,145,3,0,'2024-06-28 05:51:46','2024-06-28 05:56:07'),(190,146,3,1,'2024-06-28 07:03:49','2024-06-28 07:03:49'),(191,140,3,1,'2024-06-28 07:22:12','2024-06-28 07:35:06'),(192,142,3,1,'2024-06-28 08:01:10','2024-06-28 08:01:30'),(193,147,3,1,'2024-06-28 13:35:34','2024-06-28 13:35:34'),(194,148,3,0,'2024-06-28 13:44:42','2024-06-30 06:29:33'),(195,148,4,1,'2024-06-28 13:44:42','2024-06-28 13:44:42'),(196,149,7,1,'2024-06-28 13:47:19','2024-06-28 16:12:19'),(197,150,7,1,'2024-06-28 13:50:43','2024-07-05 02:03:20'),(198,151,7,0,'2024-06-28 13:58:09','2024-06-28 15:57:09'),(199,152,7,0,'2024-06-28 13:58:50','2024-06-30 04:23:03'),(200,153,1,1,'2024-06-28 15:33:55','2024-06-28 15:33:55'),(201,153,3,1,'2024-06-28 15:33:55','2024-06-28 15:33:55'),(202,74,1,0,'2024-06-28 15:38:24','2024-06-30 19:14:15'),(203,81,1,1,'2024-06-28 15:40:25','2024-06-28 15:40:50'),(204,154,2,0,'2024-06-28 15:44:46','2024-06-28 15:44:58'),(205,154,3,1,'2024-06-28 15:44:46','2024-06-28 15:44:46'),(206,154,2,1,'2024-06-28 15:44:58','2024-06-28 15:44:58'),(207,155,4,1,'2024-06-28 15:49:13','2024-07-04 23:19:46'),(208,155,3,1,'2024-06-28 15:49:21','2024-06-28 15:49:43'),(209,156,3,1,'2024-06-28 15:51:37','2024-06-28 15:51:37'),(210,156,4,0,'2024-06-28 15:51:37','2024-06-28 15:51:43'),(211,157,7,0,'2024-06-28 15:57:01','2024-06-30 04:28:08'),(212,158,7,1,'2024-06-28 15:59:58','2024-06-28 15:59:58'),(213,159,1,0,'2024-06-28 16:01:46','2024-06-28 20:29:01'),(214,159,3,1,'2024-06-28 16:01:46','2024-06-30 03:49:32'),(215,160,1,1,'2024-06-28 16:02:52','2024-06-28 16:02:52'),(216,160,3,1,'2024-06-28 16:02:52','2024-06-28 16:02:52'),(217,161,7,0,'2024-06-28 16:04:22','2024-06-28 16:09:02'),(218,162,7,1,'2024-06-28 16:06:45','2024-06-28 16:06:45'),(219,163,7,1,'2024-06-28 16:08:37','2024-06-28 16:08:37'),(220,164,7,0,'2024-06-28 16:11:57','2024-06-28 16:13:07'),(221,40,1,1,'2024-06-28 20:28:13','2024-07-02 04:05:00'),(222,71,1,1,'2024-06-28 20:29:12','2024-07-02 03:04:33'),(223,165,3,1,'2024-06-28 20:34:36','2024-06-28 20:34:36'),(224,165,1,0,'2024-06-28 20:34:55','2024-07-04 21:53:16'),(225,70,1,1,'2024-06-28 20:35:06','2024-07-02 04:05:49'),(226,165,2,0,'2024-06-28 20:35:21','2024-06-28 20:38:25'),(227,166,2,0,'2024-06-28 20:35:38','2024-07-04 22:10:53'),(228,166,3,1,'2024-06-28 20:35:39','2024-06-28 20:35:39'),(229,7,2,0,'2024-06-28 20:38:25','2024-06-30 15:09:41'),(230,167,4,1,'2024-06-28 20:44:33','2024-06-30 03:36:00'),(231,168,4,1,'2024-06-28 20:47:46','2024-06-28 20:47:46'),(232,169,4,0,'2024-06-29 06:54:25','2024-06-30 07:03:12'),(233,170,4,1,'2024-06-29 09:00:02','2024-06-29 09:00:02'),(234,171,7,0,'2024-06-30 02:41:45','2024-06-30 07:56:24'),(235,172,7,1,'2024-06-30 02:42:50','2024-06-30 07:22:08'),(236,173,3,0,'2024-06-30 02:48:59','2024-06-30 03:48:27'),(237,174,3,1,'2024-06-30 03:00:03','2024-06-30 03:00:03'),(238,175,4,1,'2024-06-30 03:32:21','2024-06-30 03:32:21'),(239,176,3,1,'2024-06-30 03:34:32','2024-06-30 03:51:50'),(240,176,4,1,'2024-06-30 03:34:32','2024-06-30 03:34:32'),(241,168,3,1,'2024-06-30 03:43:48','2024-06-30 03:43:48'),(242,177,3,1,'2024-06-30 03:51:08','2024-06-30 03:51:08'),(243,178,3,1,'2024-06-30 03:57:10','2024-06-30 03:57:10'),(244,179,3,0,'2024-06-30 03:57:10','2024-06-30 06:14:03'),(245,180,3,1,'2024-06-30 03:57:11','2024-06-30 03:57:11'),(246,181,3,1,'2024-06-30 03:57:12','2024-06-30 03:57:12'),(247,182,3,1,'2024-06-30 03:57:13','2024-06-30 03:57:13'),(248,183,3,1,'2024-06-30 03:57:14','2024-06-30 03:57:14'),(249,184,3,1,'2024-06-30 03:57:15','2024-06-30 03:57:15'),(250,185,3,1,'2024-06-30 03:57:15','2024-06-30 03:57:15'),(251,186,7,0,'2024-06-30 04:01:18','2024-06-30 04:04:15'),(252,187,7,1,'2024-06-30 04:08:54','2024-06-30 04:08:54'),(253,188,7,1,'2024-06-30 04:23:38','2024-06-30 07:18:46'),(254,189,7,0,'2024-06-30 04:27:42','2024-06-30 04:28:21'),(255,190,3,1,'2024-06-30 04:53:27','2024-06-30 04:53:27'),(256,191,4,1,'2024-06-30 04:55:15','2024-06-30 04:55:15'),(257,80,1,0,'2024-06-30 05:25:47','2024-07-03 02:10:10'),(258,191,3,1,'2024-06-30 05:47:03','2024-06-30 05:47:03'),(259,192,7,0,'2024-06-30 05:56:02','2024-06-30 06:01:42'),(260,193,3,1,'2024-06-30 06:14:58','2024-06-30 06:14:58'),(261,129,3,1,'2024-06-30 06:30:40','2024-06-30 06:30:40'),(262,119,3,1,'2024-06-30 06:34:51','2024-06-30 06:34:51'),(263,102,3,1,'2024-06-30 06:40:13','2024-06-30 06:40:13'),(264,194,3,1,'2024-06-30 06:41:12','2024-06-30 06:41:38'),(265,194,4,1,'2024-06-30 06:41:12','2024-06-30 06:41:12'),(266,195,4,1,'2024-06-30 06:44:49','2024-06-30 06:44:49'),(267,196,7,1,'2024-06-30 07:23:00','2024-06-30 07:23:00'),(268,197,7,1,'2024-06-30 07:58:14','2024-06-30 07:58:14'),(269,198,1,0,'2024-06-30 14:34:00','2024-06-30 14:34:10'),(270,198,3,1,'2024-06-30 14:34:00','2024-06-30 14:34:00'),(271,199,1,1,'2024-06-30 14:41:22','2024-06-30 14:41:22'),(272,199,3,1,'2024-06-30 14:41:23','2024-06-30 14:41:23'),(273,200,1,0,'2024-06-30 14:44:51','2024-06-30 14:46:18'),(274,200,3,1,'2024-06-30 14:44:51','2024-06-30 14:44:51'),(275,201,1,1,'2024-06-30 14:48:19','2024-06-30 14:48:19'),(276,201,3,1,'2024-06-30 14:48:19','2024-06-30 14:48:19'),(277,69,1,1,'2024-06-30 14:57:52','2024-07-04 22:10:42'),(278,202,2,0,'2024-06-30 15:02:48','2024-06-30 15:16:57'),(279,202,3,1,'2024-06-30 15:02:48','2024-06-30 15:02:48'),(280,166,2,0,'2024-06-30 15:09:22','2024-07-04 22:10:53'),(281,7,2,1,'2024-06-30 15:09:42','2024-06-30 15:09:42'),(282,157,1,0,'2024-06-30 18:13:42','2024-07-05 02:46:47'),(283,203,1,0,'2024-06-30 18:20:05','2024-06-30 19:14:15'),(284,203,3,0,'2024-06-30 18:20:05','2024-06-30 19:08:37'),(285,204,1,0,'2024-06-30 18:55:14','2024-06-30 19:06:24'),(286,204,3,0,'2024-06-30 18:55:14','2024-06-30 18:57:07'),(287,205,1,0,'2024-06-30 18:59:46','2024-06-30 19:06:24'),(288,205,3,0,'2024-06-30 18:59:47','2024-06-30 19:02:24'),(289,206,1,0,'2024-06-30 19:02:57','2024-06-30 19:06:24'),(290,206,3,1,'2024-06-30 19:02:58','2024-06-30 19:02:58'),(291,122,1,1,'2024-06-30 19:11:19','2024-06-30 19:11:19'),(292,207,4,1,'2024-06-30 23:13:53','2024-06-30 23:13:53'),(296,210,1,0,'2024-07-01 22:28:00','2024-07-01 22:31:06'),(297,210,3,1,'2024-07-01 22:28:00','2024-07-01 22:28:00'),(298,73,1,1,'2024-07-02 01:49:33','2024-07-02 01:49:33'),(299,218,3,1,'2024-07-02 01:58:42','2024-07-02 01:58:42'),(300,219,3,1,'2024-07-02 02:17:15','2024-07-02 02:17:15'),(301,220,3,1,'2024-07-02 02:38:39','2024-07-02 02:38:39'),(302,220,4,1,'2024-07-02 02:38:39','2024-07-02 02:45:08'),(303,221,3,1,'2024-07-02 02:40:40','2024-07-02 02:40:40'),(304,222,7,1,'2024-07-02 02:41:03','2024-07-02 02:41:03'),(305,221,1,1,'2024-07-02 02:42:30','2024-07-02 02:42:30'),(306,210,2,1,'2024-07-02 02:42:54','2024-07-02 02:42:54'),(307,223,3,1,'2024-07-02 03:59:31','2024-07-02 03:59:31'),(308,72,1,1,'2024-07-02 04:05:44','2024-07-05 00:53:36'),(309,224,4,1,'2024-07-02 04:08:20','2024-07-02 04:08:20'),(310,224,3,1,'2024-07-02 04:08:27','2024-07-02 04:08:27'),(311,225,3,1,'2024-07-03 01:26:40','2024-07-03 01:26:40'),(312,225,4,1,'2024-07-03 01:26:40','2024-07-03 01:26:40'),(313,190,1,1,'2024-07-03 01:30:29','2024-07-03 01:30:29'),(314,226,3,1,'2024-07-03 01:52:04','2024-07-03 01:55:29'),(315,226,1,1,'2024-07-03 01:57:56','2024-07-03 02:12:56'),(316,227,4,1,'2024-07-03 01:59:57','2024-07-03 01:59:57'),(317,228,4,1,'2024-07-03 02:08:59','2024-07-03 02:08:59'),(318,229,4,1,'2024-07-03 02:09:00','2024-07-03 02:09:00'),(319,76,1,1,'2024-07-03 02:12:26','2024-07-04 04:37:07'),(320,230,7,1,'2024-07-03 02:14:46','2024-07-03 02:14:46'),(321,231,3,1,'2024-07-03 02:19:21','2024-07-03 02:19:21'),(322,231,2,0,'2024-07-03 02:19:54','2024-07-03 02:23:49'),(323,72,2,0,'2024-07-03 02:23:49','2024-07-03 02:24:05'),(324,231,2,1,'2024-07-03 02:24:05','2024-07-03 02:24:05'),(325,232,1,1,'2024-07-03 16:52:09','2024-07-03 16:54:57'),(326,232,3,1,'2024-07-03 16:52:10','2024-07-03 16:52:10'),(327,233,2,1,'2024-07-03 17:08:54','2024-07-03 17:08:54'),(328,233,3,1,'2024-07-03 17:08:55','2024-07-03 17:08:55'),(329,234,2,1,'2024-07-03 17:53:14','2024-07-03 17:53:14'),(330,234,3,1,'2024-07-03 17:53:14','2024-07-03 17:53:14'),(331,235,4,1,'2024-07-03 20:48:19','2024-07-03 20:48:19'),(332,236,4,1,'2024-07-03 21:19:49','2024-07-03 21:19:49'),(333,237,4,1,'2024-07-03 21:24:33','2024-07-03 21:24:33'),(334,238,4,1,'2024-07-03 21:32:11','2024-07-03 21:32:11'),(335,239,4,1,'2024-07-03 21:32:37','2024-07-03 21:32:37'),(336,240,4,1,'2024-07-03 21:36:17','2024-07-03 21:36:17'),(337,241,4,1,'2024-07-03 21:36:21','2024-07-03 21:36:21'),(338,242,4,1,'2024-07-03 21:42:01','2024-07-03 21:42:01'),(339,243,4,1,'2024-07-03 21:42:05','2024-07-03 21:42:05'),(340,244,4,1,'2024-07-03 21:42:09','2024-07-03 21:42:09'),(341,245,4,1,'2024-07-03 21:42:15','2024-07-03 21:42:15'),(342,246,4,1,'2024-07-03 21:42:19','2024-07-03 21:42:19'),(343,247,4,1,'2024-07-03 21:44:58','2024-07-03 21:44:58'),(344,248,4,1,'2024-07-03 21:45:02','2024-07-03 21:45:02'),(345,249,4,1,'2024-07-03 21:45:05','2024-07-03 21:45:05'),(346,250,4,1,'2024-07-03 21:45:09','2024-07-03 21:45:09'),(347,251,4,1,'2024-07-03 21:48:21','2024-07-03 21:48:21'),(348,252,4,1,'2024-07-03 21:49:58','2024-07-03 21:49:58'),(349,253,4,1,'2024-07-03 21:57:11','2024-07-03 21:57:11'),(350,254,4,1,'2024-07-03 21:57:14','2024-07-03 21:57:14'),(351,255,4,1,'2024-07-03 21:57:18','2024-07-03 21:57:18'),(352,256,4,1,'2024-07-03 21:57:21','2024-07-03 21:57:21'),(353,257,4,1,'2024-07-03 21:57:24','2024-07-03 21:57:24'),(354,258,4,1,'2024-07-03 22:02:33','2024-07-03 22:02:33'),(355,259,4,1,'2024-07-03 22:02:37','2024-07-03 22:02:37'),(356,260,4,1,'2024-07-03 22:02:40','2024-07-03 22:02:40'),(357,261,3,1,'2024-07-03 22:43:31','2024-07-03 22:43:31'),(358,262,3,1,'2024-07-03 22:43:34','2024-07-03 22:43:34'),(359,263,3,1,'2024-07-03 22:43:37','2024-07-03 22:43:37'),(360,264,3,1,'2024-07-03 22:43:40','2024-07-03 22:43:40'),(361,265,3,1,'2024-07-03 22:43:44','2024-07-03 22:43:44'),(362,266,3,1,'2024-07-03 22:43:48','2024-07-03 22:43:48'),(363,267,3,1,'2024-07-03 22:43:52','2024-07-03 22:43:52'),(364,268,3,1,'2024-07-03 22:43:55','2024-07-03 22:43:55'),(365,269,3,1,'2024-07-03 22:43:58','2024-07-03 22:43:58'),(366,270,3,1,'2024-07-03 22:44:02','2024-07-03 22:44:02'),(367,271,3,1,'2024-07-03 22:44:05','2024-07-03 22:44:05'),(368,272,3,1,'2024-07-03 22:44:06','2024-07-03 22:44:06'),(369,273,3,1,'2024-07-03 22:44:11','2024-07-03 22:44:11'),(370,274,3,1,'2024-07-03 22:44:12','2024-07-03 22:44:12'),(371,275,3,1,'2024-07-03 22:44:14','2024-07-03 22:44:14'),(372,276,3,1,'2024-07-03 22:44:16','2024-07-03 22:44:16'),(373,277,3,1,'2024-07-03 22:44:18','2024-07-03 22:44:18'),(374,278,3,1,'2024-07-03 22:44:20','2024-07-03 22:44:20'),(375,279,3,1,'2024-07-03 22:44:22','2024-07-03 22:44:22'),(376,280,3,1,'2024-07-03 22:49:40','2024-07-03 22:49:40'),(377,281,3,1,'2024-07-03 22:49:43','2024-07-03 22:49:43'),(378,282,3,1,'2024-07-03 22:52:23','2024-07-03 22:52:23'),(379,283,3,1,'2024-07-03 22:52:24','2024-07-03 22:52:24'),(380,4,3,0,'2024-07-03 22:56:37','2024-07-04 23:29:48'),(381,284,3,1,'2024-07-03 22:56:46','2024-07-03 22:56:46'),(382,285,3,1,'2024-07-03 22:56:49','2024-07-03 22:56:49'),(383,286,3,1,'2024-07-03 23:03:12','2024-07-03 23:03:12'),(384,76,2,0,'2024-07-04 04:03:34','2024-07-04 04:03:39'),(385,77,2,0,'2024-07-04 04:04:37','2024-07-04 04:17:42'),(386,75,2,0,'2024-07-04 04:05:36','2024-07-04 04:18:47'),(387,123,2,0,'2024-07-04 04:16:48','2024-07-04 04:18:24'),(388,277,2,0,'2024-07-04 04:17:13','2024-07-04 04:17:53'),(389,143,2,1,'2024-07-04 04:17:29','2024-07-04 04:17:29'),(390,102,2,0,'2024-07-04 04:17:43','2024-07-04 04:17:57'),(391,262,2,1,'2024-07-04 04:18:48','2024-07-04 04:18:48'),(392,279,2,0,'2024-07-04 04:19:21','2024-07-04 04:20:57'),(393,178,2,1,'2024-07-04 04:20:15','2024-07-04 04:20:15'),(394,166,2,0,'2024-07-04 04:25:26','2024-07-04 22:10:53'),(395,269,1,0,'2024-07-04 04:25:32','2024-07-04 04:28:37'),(396,166,2,0,'2024-07-04 04:26:45','2024-07-04 22:10:53'),(397,124,1,0,'2024-07-04 04:28:38','2024-07-04 04:30:39'),(398,126,1,0,'2024-07-04 04:30:40','2024-07-04 04:36:21'),(399,287,2,1,'2024-07-04 04:41:12','2024-07-04 04:41:12'),(400,287,3,1,'2024-07-04 04:41:12','2024-07-04 04:41:12'),(401,185,2,1,'2024-07-04 04:41:31','2024-07-04 04:41:31'),(402,282,2,1,'2024-07-04 04:42:27','2024-07-04 04:42:27'),(403,166,2,0,'2024-07-04 06:50:28','2024-07-04 22:10:53'),(404,83,2,1,'2024-07-04 16:37:08','2024-07-04 16:37:08'),(405,74,2,0,'2024-07-04 19:48:48','2024-07-04 19:49:45'),(406,74,2,1,'2024-07-04 19:49:46','2024-07-04 19:49:46'),(407,91,2,0,'2024-07-04 19:56:17','2024-07-04 20:02:15'),(408,91,2,0,'2024-07-04 20:02:08','2024-07-04 20:02:15'),(409,288,3,1,'2024-07-04 20:05:11','2024-07-04 20:05:11'),(410,288,2,0,'2024-07-04 20:07:06','2024-07-04 20:07:51'),(411,68,2,0,'2024-07-04 20:11:34','2024-07-05 02:45:45'),(412,289,3,1,'2024-07-04 20:18:05','2024-07-04 20:18:05'),(413,289,2,0,'2024-07-04 20:18:27','2024-07-04 20:18:57'),(414,290,3,1,'2024-07-04 20:21:32','2024-07-04 20:21:32'),(415,290,2,0,'2024-07-04 20:21:47','2024-07-04 20:21:55'),(416,291,3,1,'2024-07-04 20:23:58','2024-07-04 20:23:58'),(417,291,2,0,'2024-07-04 20:24:13','2024-07-04 20:24:29'),(418,292,3,1,'2024-07-04 20:26:51','2024-07-04 20:26:51'),(419,292,2,0,'2024-07-04 20:27:07','2024-07-04 20:27:35'),(420,292,2,1,'2024-07-04 20:27:36','2024-07-04 20:27:36'),(421,293,3,1,'2024-07-04 20:48:48','2024-07-04 20:48:48'),(422,293,1,1,'2024-07-04 20:51:51','2024-07-04 20:53:42'),(423,294,1,0,'2024-07-04 20:59:42','2024-07-04 21:00:42'),(424,294,3,1,'2024-07-04 20:59:42','2024-07-04 20:59:42'),(425,295,3,1,'2024-07-04 21:12:00','2024-07-04 21:12:00'),(426,295,1,0,'2024-07-04 21:12:33','2024-07-04 21:13:13'),(427,4,1,0,'2024-07-04 21:53:17','2024-07-04 22:10:42'),(428,4,2,0,'2024-07-04 22:10:54','2024-07-04 23:29:48'),(429,296,4,1,'2024-07-04 22:19:17','2024-07-05 00:11:02'),(430,297,1,1,'2024-07-04 22:29:11','2024-07-04 22:29:11'),(431,297,3,1,'2024-07-04 22:29:12','2024-07-04 22:29:12'),(432,298,4,1,'2024-07-04 22:30:27','2024-07-04 23:30:11'),(433,299,4,1,'2024-07-04 22:37:17','2024-07-04 23:23:31'),(434,300,4,1,'2024-07-04 23:13:26','2024-07-04 23:13:26'),(435,301,3,1,'2024-07-05 00:37:59','2024-07-05 00:37:59'),(436,302,3,1,'2024-07-05 00:44:17','2024-07-05 00:44:17'),(437,303,3,1,'2024-07-05 00:44:21','2024-07-05 00:44:21'),(438,304,4,1,'2024-07-05 00:46:23','2024-07-05 00:46:23'),(439,305,1,0,'2024-07-05 00:50:19','2024-07-05 00:53:36'),(440,305,3,1,'2024-07-05 00:50:20','2024-07-05 00:50:20'),(441,194,2,1,'2024-07-05 02:45:45','2024-07-05 02:45:45'),(442,68,1,0,'2024-07-05 02:46:47','2024-07-05 02:53:57'),(443,89,1,1,'2024-07-05 02:53:58','2024-07-05 02:53:58');
/*!40000 ALTER TABLE `Roles_Usuario` ENABLE KEYS */;
UNLOCK TABLES;

--
-- Table structure for table `SequelizeMeta`
--

DROP TABLE IF EXISTS `SequelizeMeta`;
/*!40101 SET @saved_cs_client     = @@character_set_client */;
/*!50503 SET character_set_client = utf8mb4 */;
CREATE TABLE `SequelizeMeta` (
  `name` varchar(255) CHARACTER SET utf8mb3 COLLATE utf8mb3_unicode_ci NOT NULL,
  PRIMARY KEY (`name`),
  UNIQUE KEY `name` (`name`)
) ENGINE=InnoDB DEFAULT CHARSET=utf8mb3 COLLATE=utf8mb3_unicode_ci;
/*!40101 SET character_set_client = @saved_cs_client */;

--
-- Dumping data for table `SequelizeMeta`
--

LOCK TABLES `SequelizeMeta` WRITE;
/*!40000 ALTER TABLE `SequelizeMeta` DISABLE KEYS */;
INSERT INTO `SequelizeMeta` VALUES (''),('20240429180727-create-usuario.js'),('20240501155904-create-opcionsidebar.js'),('20240501171917-create-rol.js'),('20240501174055-create-rolesUsuario.js'),('20240501221054-create-rol-opciones.js.js'),('20240503022434-create-facultad.js'),('20240503023220-update-usuario.js.js'),('20240504235520-create-programa.js'),('20240504235616-add_fid_programa_to_usuario.js'),('20240505033731-create-disponibilidad.js.js'),('20240505053433-create-historicoestudiante.js'),('20240505055459-create-sesioncita.js'),('20240507124638-create-unidadacademica.js'),('20240508154942-add-siglas-to-facultad.js'),('20240519225714-add-fechaHoraInicio-fechaHoraFin-to-SesionCita.js'),('20240521003535-create-TipoFormato.js'),('20240521003625-create-TipoObligatoriedad.js'),('20240521004018-create-TipoPermanencia.js'),('20240521004412-create-TipoTutor.js'),('20240521004548-create-TipoTutoria.js'),('20240521004621-create-AsignacionTipoTutoria.js'),('20240521005544-create-EstadoSolicitudTutorFijo.js'),('20240521005736-create-SolicitudTutorFijo.js'),('20240521010001-create-AsignacionTutorAlumno.js'),('20240521024559-rename-colummSesioCita.js'),('20240521051014-add-es_corta-to-sesion-cita.js'),('20240522010838-create-estado-cita.js'),('20240522015814-modify-fid-estado-cita.js'),('20240522021128-add-creation-update-dates-to-estado-cita.js'),('20240522021652-create-derivacion-table.js'),('20240522021855-create-resultado-cita-table.js'),('20240522022127-create-compromiso-cita-table.js'),('20240522022257-create-estado-compromiso-cita-table.js'),('20240522213721-create-TipoModalidad.js'),('20240522222607-agregar-facultad-tipo-tutoria.js'),('20240522223533-add-TipoModalidadToSesionCita.js'),('20240523223726-add-fid-tutor-to-solicitudtutorfijo.js'),('20240524204810-add-relations-solicitud-tutor-fijo.js'),('20240526162030-add-fid_tipoTutoria-to-SolicitudTutorFijo.js'),('20240526163320-add-foreign-key-to-fid_tipoTutoria.js'),('20240526195620-add-fid_usuario-to-asignaciontipo_tutoria.js'),('20240527204629-addcolumm-in-TipoTutoria-fid-programa.js'),('20240531145927-create-alumno-sesion-cita.js'),('20240531153642-make-fid_alumno-optional-in-sesionCita.js'),('20240531163249-add_fid_sesionCita_to_compromisoCita.js'),('20240531164650-add_detalleResultado_to_resultadoCita.js'),('20240604233121-add-column-motivoRechazo.js'),('20240605130126-add-esTutor-to-asignacionTipoTutoria.js'),('20240609050321-update-derivacion-table.js'),('20240612172114-add-password-reset-token.js'),('20240613044253-create-encuesta.js'),('20240613193841-add-fk-estado-compromiso-to-compromiso-cita.js'),('20240613195746-add-relationship-resultado-cita-sesion-cita.js'),('20240613210417-add-estado-encuesta.js'),('20240613210536-add-fid-estado-encuesta-to-encuesta.js'),('20240617031435-create-asistencia-cita-table.js'),('20240619055356-add-relationships-to-derivacion.js'),('20240619061411-add-timestamps-to-asistencia-cita.js'),('20240619173700-create-notificaciones.js'),('20240619182541-rename-columns-notificaciones.js'),('20240619194449-remove-unnecessary-columns-from-notificaciones.js'),('20240620002033-create-EstadoEncuestaMaestra.js'),('20240620002121-create-EncuestaMaestra.js'),('20240620002547-create-historial-citas.js'),('20240620002704-modify-Encuestas.js'),('20240620003918-create-EncuestaV2.js'),('20240620044825-add-cita-details-to-notificaciones.js'),('20240621191037-add-fid_facultad-to-derivacion.js'),('20240626064341-change-blob-notas.js'),('20240626224547-create-pregunta.js'),('20240627005230-create-opcion.js'),('20240627005304-create-respuesta.js'),('20240627032814-rename-fid-coord-to-fid-facultad.js'),('20240627210911-add-esActivo-to-Respuesta.js'),('20240629060907-add-nuevas-tablas.js'),('20240629070803-seed-opcion-pregunta.js'),('20240630035027-add-field-create-date-encuesta.js'),('20240701192326-add-audit-table.js'),('20240701213253-allow-performedBy-null.js'),('20240701213619-add-timestamps-to-alumno-sesion-cita.js');
/*!40000 ALTER TABLE `SequelizeMeta` ENABLE KEYS */;
UNLOCK TABLES;

--
-- Table structure for table `SesionCita`
--

DROP TABLE IF EXISTS `SesionCita`;
/*!40101 SET @saved_cs_client     = @@character_set_client */;
/*!50503 SET character_set_client = utf8mb4 */;
CREATE TABLE `SesionCita` (
  `id_cita` int NOT NULL AUTO_INCREMENT,
  `fid_tutor` int NOT NULL,
  `fid_alumno` int DEFAULT NULL,
  `fid_tipoTutoria` int DEFAULT NULL,
  `fid_resultado` int DEFAULT NULL,
  `fid_derivacion` int DEFAULT NULL,
  `lugar_link` varchar(255) DEFAULT NULL,
  `fid_estado_cita` int DEFAULT NULL,
  `esActivo` tinyint(1) NOT NULL DEFAULT '1',
  `fechaCreacion` datetime NOT NULL DEFAULT CURRENT_TIMESTAMP,
  `fechaActualizacion` datetime NOT NULL DEFAULT CURRENT_TIMESTAMP ON UPDATE CURRENT_TIMESTAMP,
  `fechaHoraInicio` datetime NOT NULL,
  `fechaHoraFin` datetime NOT NULL,
  `es_corta` tinyint(1) NOT NULL DEFAULT '0',
  `fid_tipoModalidad` int DEFAULT NULL,
  `motivoRechazo` varchar(255) DEFAULT NULL,
  `temp_uuid` char(36) CHARACTER SET utf8mb4 COLLATE utf8mb4_bin NOT NULL,
  PRIMARY KEY (`id_cita`),
  KEY `fid_tutor` (`fid_tutor`),
  KEY `fid_alumno` (`fid_alumno`),
  KEY `fid_estado_cita` (`fid_estado_cita`),
  KEY `SesionCita_fid_tipoModalidad_foreign_idx` (`fid_tipoModalidad`),
  KEY `fk_sesion_cita_resultado` (`fid_resultado`),
  CONSTRAINT `fk_sesion_cita_resultado` FOREIGN KEY (`fid_resultado`) REFERENCES `ResultadoCita` (`id_resultado`),
  CONSTRAINT `SesionCita_fid_tipoModalidad_foreign_idx` FOREIGN KEY (`fid_tipoModalidad`) REFERENCES `TipoModalidad` (`id_tipoModalidad`),
  CONSTRAINT `SesionCita_ibfk_1` FOREIGN KEY (`fid_tutor`) REFERENCES `Usuario` (`id_usuario`),
  CONSTRAINT `SesionCita_ibfk_2` FOREIGN KEY (`fid_alumno`) REFERENCES `Usuario` (`id_usuario`),
  CONSTRAINT `SesionCita_ibfk_3` FOREIGN KEY (`fid_estado_cita`) REFERENCES `EstadoCita` (`id_estado_cita`)
) ENGINE=InnoDB AUTO_INCREMENT=320 DEFAULT CHARSET=utf8mb4 COLLATE=utf8mb4_0900_ai_ci;
/*!40101 SET character_set_client = @saved_cs_client */;

--
-- Dumping data for table `SesionCita`
--

LOCK TABLES `SesionCita` WRITE;
/*!40000 ALTER TABLE `SesionCita` DISABLE KEYS */;
INSERT INTO `SesionCita` VALUES (1,2,NULL,82,2,NULL,'N305',2,1,'2024-06-16 15:52:44','2024-06-16 16:35:09','2024-06-21 18:00:00','2024-06-21 19:00:00',0,1,NULL,''),(2,2,NULL,82,4,NULL,'V504',2,1,'2024-06-16 16:36:49','2024-06-16 16:39:05','2024-06-21 12:30:00','2024-06-21 13:30:00',0,1,NULL,''),(3,2,NULL,82,NULL,NULL,'A706',1,1,'2024-06-16 16:41:06','2024-06-16 16:41:06','2024-06-21 15:30:00','2024-06-21 16:30:00',0,1,NULL,''),(4,2,NULL,82,NULL,NULL,'V402',1,1,'2024-06-16 17:07:52','2024-06-16 17:07:52','2024-06-16 18:00:00','2024-06-16 19:00:00',0,1,NULL,''),(5,2,NULL,82,NULL,NULL,'-',1,1,'2024-06-16 17:34:23','2024-06-16 17:34:23','2024-06-16 20:00:00','2024-06-16 21:00:00',0,1,NULL,''),(6,2,NULL,82,55,NULL,'zoom.com',2,1,'2024-06-16 20:08:53','2024-06-19 19:48:44','2024-06-12 15:30:00','2024-06-12 17:00:00',0,2,NULL,''),(7,2,NULL,82,10,NULL,'Z407',2,1,'2024-06-16 20:11:56','2024-06-16 21:45:49','2024-06-13 19:00:00','2024-06-13 20:00:00',0,1,NULL,''),(8,2,NULL,82,6,NULL,'N405',2,1,'2024-06-16 20:29:23','2024-06-16 20:29:39','2024-06-17 14:00:00','2024-06-17 15:00:00',0,1,NULL,''),(9,2,NULL,86,8,NULL,'V405',2,1,'2024-06-16 21:02:43','2024-06-16 21:44:11','2024-06-13 14:30:00','2024-06-13 15:30:00',0,1,NULL,''),(10,2,NULL,86,54,NULL,'V405',2,1,'2024-06-16 21:03:09','2024-06-19 19:48:32','2024-06-12 19:00:00','2024-06-12 20:00:00',0,1,NULL,''),(11,2,NULL,82,27,NULL,'A606',2,1,'2024-06-16 21:07:08','2024-06-17 00:19:40','2024-06-12 18:00:00','2024-06-12 19:00:00',0,1,NULL,''),(12,2,NULL,82,NULL,NULL,'N302',3,1,'2024-06-16 21:44:47','2024-06-17 04:04:14','2024-06-13 18:00:00','2024-06-13 19:00:00',0,1,'',''),(13,2,NULL,86,14,NULL,'V405',2,1,'2024-06-16 21:47:58','2024-06-16 21:49:48','2024-06-13 17:00:00','2024-06-13 18:00:00',0,1,NULL,''),(14,2,NULL,86,15,NULL,'V405',2,1,'2024-06-16 21:54:38','2024-06-16 22:00:33','2024-06-12 17:00:00','2024-06-12 18:00:00',0,1,NULL,''),(15,2,NULL,86,16,NULL,'B450',2,1,'2024-06-16 22:05:56','2024-06-16 22:06:36','2024-06-13 15:30:00','2024-06-13 16:30:00',0,1,NULL,''),(16,2,NULL,86,25,NULL,'V450',2,1,'2024-06-16 22:17:31','2024-06-16 23:08:42','2024-06-14 14:00:00','2024-06-14 15:00:00',0,1,NULL,''),(17,2,NULL,86,39,NULL,'V301',2,1,'2024-06-16 22:22:21','2024-06-17 03:35:56','2024-06-14 18:00:00','2024-06-14 19:00:00',0,1,NULL,''),(18,2,NULL,82,NULL,NULL,'B204',1,1,'2024-06-16 22:29:16','2024-06-16 22:29:16','2024-06-18 14:00:00','2024-06-18 15:30:00',0,1,NULL,''),(19,2,NULL,86,19,NULL,'A402',2,1,'2024-06-16 22:32:33','2024-06-16 22:33:12','2024-06-14 16:00:00','2024-06-14 17:00:00',0,1,NULL,''),(20,2,NULL,86,41,NULL,'A408',2,1,'2024-06-16 22:35:59','2024-06-17 03:53:42','2024-06-14 20:00:00','2024-06-14 21:00:00',0,1,NULL,''),(21,2,NULL,86,NULL,NULL,'M302',1,1,'2024-06-16 22:44:35','2024-06-16 22:44:35','2024-06-18 18:00:00','2024-06-18 19:00:00',0,1,NULL,''),(22,2,NULL,86,NULL,NULL,'A101',1,1,'2024-06-16 22:54:57','2024-06-16 22:54:57','2024-06-18 16:00:00','2024-06-18 17:00:00',0,1,NULL,''),(23,2,NULL,86,NULL,NULL,'A101',1,1,'2024-06-16 22:55:04','2024-06-16 22:55:04','2024-06-17 19:00:00','2024-06-17 19:30:00',0,1,NULL,''),(24,2,NULL,82,NULL,NULL,'A101',1,1,'2024-06-16 22:55:48','2024-06-16 22:55:48','2024-06-17 17:00:00','2024-06-17 18:00:00',0,1,NULL,''),(25,2,NULL,82,57,NULL,'S101',2,1,'2024-06-16 22:56:28','2024-06-19 22:18:10','2024-06-19 16:00:00','2024-06-19 17:00:00',0,1,NULL,''),(26,2,NULL,83,40,NULL,'V203',2,1,'2024-06-17 01:04:42','2024-06-17 03:36:29','2024-06-14 15:00:00','2024-06-14 15:30:00',0,1,NULL,''),(27,2,NULL,87,28,NULL,'V405',2,1,'2024-06-17 01:34:12','2024-06-17 01:34:28','2024-06-15 12:00:00','2024-06-15 13:30:00',0,1,NULL,''),(28,2,NULL,87,29,NULL,'googleMeetings.com',2,1,'2024-06-17 01:34:45','2024-06-17 01:35:09','2024-06-15 19:30:00','2024-06-15 21:00:00',0,2,NULL,''),(29,2,NULL,87,30,NULL,'B457',2,1,'2024-06-17 01:35:22','2024-06-17 01:36:06','2024-06-15 16:00:00','2024-06-15 17:30:00',0,1,NULL,''),(30,2,NULL,88,31,NULL,'A302',2,1,'2024-06-17 01:44:49','2024-06-17 01:45:19','2024-06-15 14:00:00','2024-06-15 15:00:00',0,1,NULL,''),(31,3,NULL,88,32,NULL,'zoom.com',2,1,'2024-06-17 02:21:59','2024-06-17 02:22:45','2024-06-15 13:00:00','2024-06-15 17:00:00',0,2,NULL,''),(32,3,NULL,88,33,NULL,'V401',2,1,'2024-06-17 02:28:53','2024-06-17 02:29:42','2024-06-13 12:30:00','2024-06-13 14:00:00',0,1,NULL,''),(33,2,NULL,88,NULL,NULL,'B204',1,1,'2024-06-17 03:16:32','2024-06-17 03:16:32','2024-06-15 18:00:00','2024-06-15 19:30:00',0,1,NULL,''),(34,2,NULL,88,NULL,NULL,'A705',1,1,'2024-06-17 03:16:51','2024-06-17 03:16:51','2024-06-11 13:00:00','2024-06-11 14:30:00',0,1,NULL,''),(35,2,NULL,83,NULL,NULL,'A405',1,1,'2024-06-17 03:17:01','2024-06-17 03:17:01','2024-06-11 15:30:00','2024-06-11 17:00:00',0,1,NULL,''),(36,2,NULL,88,NULL,NULL,'A408',1,1,'2024-06-17 03:18:06','2024-06-17 03:18:06','2024-06-11 17:00:00','2024-06-11 18:00:00',0,1,NULL,''),(37,2,NULL,88,NULL,NULL,'Z701',3,1,'2024-06-17 03:18:18','2024-06-17 04:04:18','2024-06-11 18:00:00','2024-06-11 19:00:00',0,1,'',''),(38,2,NULL,82,NULL,NULL,'A504',1,1,'2024-06-17 03:20:50','2024-06-17 03:20:50','2024-06-10 12:00:00','2024-06-10 13:00:00',0,1,NULL,''),(39,2,NULL,88,NULL,NULL,'a402',1,1,'2024-06-17 03:21:07','2024-06-17 03:21:07','2024-06-10 14:00:00','2024-06-10 15:00:00',0,1,NULL,''),(40,2,NULL,88,34,NULL,'A487',2,1,'2024-06-17 03:23:52','2024-06-17 03:24:19','2024-06-10 16:00:00','2024-06-10 17:00:00',0,1,NULL,''),(41,2,NULL,88,35,NULL,'A907',2,1,'2024-06-17 03:24:55','2024-06-17 03:25:31','2024-06-10 18:00:00','2024-06-10 19:00:00',0,1,NULL,''),(42,3,NULL,88,NULL,NULL,'A409',1,1,'2024-06-17 03:27:20','2024-06-17 03:27:20','2024-06-15 18:30:00','2024-06-15 19:30:00',0,1,NULL,''),(43,3,NULL,88,NULL,NULL,'A450',3,1,'2024-06-17 03:28:13','2024-06-22 05:14:30','2024-06-13 17:30:00','2024-06-13 19:00:00',0,1,NULL,''),(44,3,NULL,88,NULL,NULL,'Z504',3,1,'2024-06-17 03:29:31','2024-06-22 05:29:35','2024-06-12 13:00:00','2024-06-12 14:30:00',0,1,NULL,''),(45,3,NULL,88,36,NULL,'A405',2,1,'2024-06-17 03:31:05','2024-06-17 03:31:17','2024-06-11 13:00:00','2024-06-11 14:00:00',0,1,NULL,''),(46,2,NULL,88,37,NULL,'A801',2,1,'2024-06-17 03:32:56','2024-06-17 03:35:20','2024-06-10 21:00:00','2024-06-10 22:00:00',0,1,NULL,''),(47,2,NULL,82,NULL,NULL,'Z405',3,1,'2024-06-17 03:37:23','2024-06-17 03:38:01','2024-06-15 21:30:00','2024-06-15 22:30:00',0,1,'No tengo disponibilidad',''),(48,1,NULL,87,NULL,NULL,'N202',1,1,'2024-06-17 03:44:49','2024-06-17 03:44:49','2024-06-18 13:00:00','2024-06-18 15:00:00',0,1,NULL,''),(49,1,NULL,87,NULL,NULL,'A202',3,1,'2024-06-17 03:45:35','2024-06-17 04:04:21','2024-06-15 12:30:00','2024-06-15 14:30:00',0,1,'',''),(50,1,NULL,87,NULL,NULL,'A202',1,1,'2024-06-17 03:47:29','2024-06-17 03:47:29','2024-06-15 14:30:00','2024-06-15 16:00:00',0,1,NULL,''),(51,2,NULL,88,43,NULL,'A402',2,1,'2024-06-17 03:58:25','2024-06-17 04:00:32','2024-06-12 20:00:00','2024-06-12 21:00:00',0,1,NULL,''),(52,2,NULL,88,44,NULL,'A402',2,1,'2024-06-17 03:58:38','2024-06-17 04:00:38','2024-06-12 21:00:00','2024-06-12 22:00:00',0,1,NULL,''),(53,2,NULL,88,45,NULL,'A402',2,1,'2024-06-17 03:58:51','2024-06-17 04:00:44','2024-06-12 22:00:00','2024-06-12 23:00:00',0,1,NULL,''),(54,2,NULL,88,46,NULL,'A402',2,1,'2024-06-17 03:59:01','2024-06-17 04:00:49','2024-06-12 23:00:00','2024-06-13 00:00:00',0,1,NULL,''),(55,2,NULL,88,47,NULL,'zoom.com',2,1,'2024-06-17 03:59:15','2024-06-17 04:00:54','2024-06-13 00:00:00','2024-06-13 02:00:00',0,2,NULL,''),(56,2,NULL,87,NULL,NULL,'-',1,1,'2024-06-17 04:03:10','2024-06-17 04:03:10','2024-06-08 12:30:00','2024-06-08 13:30:00',0,1,NULL,''),(57,2,NULL,87,NULL,NULL,'-',1,1,'2024-06-17 04:03:20','2024-06-17 04:03:20','2024-06-08 12:30:00','2024-06-08 13:30:00',0,1,NULL,''),(58,2,NULL,87,NULL,NULL,'-',1,1,'2024-06-17 04:03:29','2024-06-17 04:03:29','2024-06-08 18:00:00','2024-06-08 19:30:00',0,1,NULL,''),(59,2,NULL,88,NULL,NULL,'A606',1,1,'2024-06-17 06:53:58','2024-06-17 06:53:58','2024-06-20 12:30:00','2024-06-20 14:00:00',0,1,NULL,''),(60,2,NULL,82,48,NULL,'A405',2,1,'2024-06-17 06:56:12','2024-06-17 06:57:42','2024-06-17 12:00:00','2024-06-17 13:00:00',0,1,NULL,''),(61,2,NULL,87,NULL,NULL,'A605',1,1,'2024-06-17 07:01:25','2024-06-17 07:01:25','2024-06-20 16:00:00','2024-06-20 17:00:00',0,1,NULL,''),(62,2,NULL,86,58,NULL,'N302',2,1,'2024-06-19 22:37:48','2024-06-19 22:42:36','2024-06-19 19:00:00','2024-06-19 20:00:00',0,1,NULL,''),(63,2,NULL,86,62,NULL,'N302',2,1,'2024-06-19 22:46:22','2024-06-20 20:38:09','2024-06-19 12:30:00','2024-06-19 13:30:00',0,1,NULL,''),(64,2,NULL,88,NULL,NULL,'A101',1,1,'2024-06-20 20:23:33','2024-06-20 20:23:33','2024-06-19 14:00:00','2024-06-19 15:00:00',0,1,NULL,''),(65,2,NULL,82,NULL,NULL,'V405',1,1,'2024-06-21 18:53:03','2024-06-21 18:53:03','2024-06-20 20:30:00','2024-06-20 21:30:00',0,1,NULL,''),(66,2,NULL,82,NULL,NULL,'A405',1,1,'2024-06-21 19:40:56','2024-06-21 19:40:56','2024-06-20 19:00:00','2024-06-20 20:00:00',0,1,NULL,''),(67,2,NULL,82,NULL,NULL,'B709',1,1,'2024-06-21 19:42:52','2024-06-21 19:42:52','2024-06-19 21:00:00','2024-06-19 22:00:00',0,1,NULL,''),(68,2,NULL,82,63,NULL,'A104',3,0,'2024-06-21 20:03:13','2024-06-22 04:53:22','2024-06-21 01:00:00','2024-06-21 02:00:00',0,1,NULL,''),(69,3,NULL,88,NULL,NULL,'V202',3,0,'2024-06-21 20:45:01','2024-06-22 05:02:15','2024-06-19 13:30:00','2024-06-19 14:00:00',0,1,NULL,''),(70,3,NULL,83,NULL,NULL,'303',1,1,'2024-06-21 20:45:42','2024-06-21 20:45:42','2024-06-19 14:30:00','2024-06-19 15:00:00',0,1,NULL,''),(71,3,NULL,83,NULL,NULL,'V3030',1,1,'2024-06-21 20:48:18','2024-06-21 20:48:18','2024-06-21 14:00:00','2024-06-21 14:30:00',0,1,NULL,''),(72,3,NULL,88,NULL,NULL,'V2303',1,1,'2024-06-21 20:48:46','2024-06-21 20:48:46','2024-06-21 16:00:00','2024-06-21 16:30:00',0,1,NULL,''),(73,2,NULL,88,NULL,NULL,'Z304',1,1,'2024-06-21 20:50:23','2024-06-21 20:50:23','2024-06-21 00:00:00','2024-06-21 01:00:00',0,1,NULL,''),(74,3,NULL,88,NULL,NULL,'A101',1,1,'2024-06-21 22:55:48','2024-06-21 22:55:48','2024-06-21 18:30:00','2024-06-21 19:00:00',0,1,NULL,''),(75,3,NULL,88,NULL,NULL,'A101',1,1,'2024-06-21 23:28:15','2024-06-21 23:28:15','2024-06-21 13:00:00','2024-06-21 13:30:00',0,1,NULL,''),(76,3,NULL,88,NULL,NULL,'A302',1,1,'2024-06-21 23:30:56','2024-06-21 23:30:56','2024-06-21 17:00:00','2024-06-21 17:30:00',0,1,NULL,''),(77,3,NULL,88,NULL,NULL,'N302',3,0,'2024-06-21 23:31:48','2024-06-22 04:55:45','2024-06-22 13:30:00','2024-06-22 14:00:00',0,1,'motivo 1',''),(78,3,NULL,88,NULL,NULL,'A502',1,1,'2024-06-21 23:32:50','2024-06-21 23:32:50','2024-06-21 15:00:00','2024-06-21 15:30:00',0,1,NULL,''),(79,3,NULL,88,NULL,NULL,'A101',3,0,'2024-06-21 23:35:35','2024-06-22 05:06:44','2024-06-22 16:30:00','2024-06-22 17:00:00',0,1,NULL,''),(80,3,NULL,88,NULL,NULL,'N302',1,1,'2024-06-21 23:42:31','2024-06-21 23:42:31','2024-06-22 19:30:00','2024-06-22 20:30:00',0,1,NULL,''),(81,2,NULL,88,NULL,NULL,'A202',3,1,'2024-06-22 03:14:37','2024-06-22 04:17:58','2024-06-22 13:00:00','2024-06-22 14:00:00',0,1,'Cancelacion',''),(82,2,NULL,82,NULL,NULL,'A202',3,1,'2024-06-22 04:08:08','2024-06-22 04:08:41','2024-06-22 18:00:00','2024-06-22 20:00:00',0,1,'Motivo 1',''),(83,2,NULL,82,NULL,NULL,'A202',3,1,'2024-06-22 04:09:58','2024-06-22 04:10:06','2024-06-22 18:00:00','2024-06-22 20:00:00',0,1,'Motivo 2',''),(84,2,NULL,82,NULL,NULL,'A202',3,1,'2024-06-22 04:11:09','2024-06-22 04:11:49','2024-06-22 18:00:00','2024-06-22 20:00:00',0,1,'',''),(85,2,NULL,82,NULL,NULL,'A202',3,1,'2024-06-22 04:12:27','2024-06-22 04:14:51','2024-06-22 18:00:00','2024-06-22 20:00:00',0,1,'Motivo 4',''),(86,2,NULL,82,NULL,NULL,'A202',3,1,'2024-06-22 04:15:56','2024-06-22 04:16:26','2024-06-22 18:30:00','2024-06-22 20:00:00',0,1,'Motivo 5',''),(87,2,NULL,82,NULL,NULL,'A202',3,1,'2024-06-22 04:19:04','2024-06-22 05:53:50','2024-06-22 18:30:00','2024-06-22 20:30:00',0,1,'Desasignacin de tutor',''),(88,3,NULL,88,NULL,NULL,'a232',3,1,'2024-06-22 04:58:26','2024-06-22 05:29:07','2024-06-22 14:00:00','2024-06-22 15:00:00',0,1,'motivo axel',''),(89,3,NULL,88,NULL,NULL,'a121',3,0,'2024-06-22 04:59:24','2024-06-22 05:00:11','2024-06-23 15:00:00','2024-06-23 16:00:00',0,1,'motivo para alex',''),(90,2,NULL,88,NULL,NULL,'A202',3,1,'2024-06-22 05:55:09','2024-06-22 05:55:21','2024-06-22 18:00:00','2024-06-22 18:30:00',0,1,'Motivo renatto',''),(91,3,NULL,88,NULL,NULL,'a202',3,1,'2024-06-22 05:56:26','2024-06-22 05:56:34','2024-06-23 16:30:00','2024-06-23 17:30:00',0,1,'',''),(92,2,NULL,87,NULL,NULL,'A202',3,1,'2024-06-22 06:03:04','2024-06-22 06:05:51','2024-06-22 18:30:00','2024-06-22 21:00:00',0,1,'Desasignacin de tutor',''),(93,3,NULL,88,NULL,NULL,'a202',3,1,'2024-06-22 06:05:40','2024-06-22 06:06:17','2024-06-23 18:00:00','2024-06-23 19:00:00',0,1,'motivo 1',''),(94,3,NULL,88,NULL,NULL,'s23',3,1,'2024-06-22 06:06:40','2024-06-22 06:07:19','2024-06-23 16:00:00','2024-06-23 16:30:00',0,1,'motivo 2',''),(95,2,NULL,82,NULL,NULL,'A200',3,1,'2024-06-22 06:08:32','2024-06-22 06:11:17','2024-06-22 17:30:00','2024-06-22 19:30:00',0,1,'Desasignacin de tutor',''),(96,2,NULL,82,NULL,NULL,'N200',3,1,'2024-06-22 06:14:20','2024-06-22 06:15:59','2024-06-22 19:30:00','2024-06-22 21:00:00',0,1,'Desasignacin de tutor',''),(97,2,NULL,82,NULL,NULL,'A202',3,1,'2024-06-22 06:20:16','2024-06-22 06:30:37','2024-06-22 17:30:00','2024-06-22 19:30:00',0,1,'Desasignacin de tutor',''),(98,2,NULL,82,NULL,NULL,'A202',3,1,'2024-06-22 06:44:17','2024-06-22 06:46:46','2024-06-22 15:00:00','2024-06-22 17:30:00',0,1,'Desasignacin de tutor',''),(99,2,NULL,82,NULL,NULL,'N200',3,1,'2024-06-22 06:45:09','2024-06-22 06:46:45','2024-06-22 18:30:00','2024-06-22 21:00:00',0,1,'Desasignacin de tutor',''),(100,2,NULL,82,NULL,NULL,'N200',3,1,'2024-06-22 06:46:13','2024-06-22 22:04:59','2024-06-23 17:00:00','2024-06-23 18:30:00',0,1,'Desasignacin de tutor',''),(101,2,NULL,86,NULL,NULL,'A200',3,1,'2024-06-22 07:08:32','2024-06-22 07:09:30','2024-06-23 15:00:00','2024-06-23 16:30:00',0,1,'Desasignacin de tutor',''),(102,2,NULL,86,NULL,NULL,'A200',3,1,'2024-06-22 07:11:12','2024-06-22 07:11:56','2024-06-23 19:00:00','2024-06-23 20:30:00',0,1,'',''),(103,2,NULL,86,NULL,NULL,'A200',3,1,'2024-06-22 07:12:30','2024-06-22 07:13:51','2024-06-23 18:30:00','2024-06-23 20:30:00',0,1,'Desasignacin de tutor',''),(104,2,NULL,86,NULL,NULL,'A200',3,1,'2024-06-22 07:25:34','2024-06-22 07:26:34','2024-06-23 21:00:00','2024-06-23 22:30:00',0,1,'Desasignacin de tutor',''),(105,2,NULL,82,NULL,NULL,'A400',3,1,'2024-06-22 21:27:17','2024-06-23 19:46:00','2024-06-23 22:30:00','2024-06-24 00:00:00',0,1,'Desasignacin de tutor',''),(106,2,NULL,82,NULL,NULL,'A200',3,1,'2024-06-22 21:34:46','2024-06-22 22:04:59','2024-06-23 18:30:00','2024-06-23 19:00:00',0,1,'Desasignacin de tutor',''),(107,2,NULL,82,NULL,NULL,'A200',3,1,'2024-06-22 21:49:58','2024-06-22 22:04:59','2024-06-23 13:30:00','2024-06-23 15:00:00',0,1,'Desasignacin de tutor',''),(108,2,NULL,82,NULL,NULL,'A300',3,1,'2024-06-22 21:50:06','2024-06-22 22:04:59','2024-06-23 16:30:00','2024-06-23 17:00:00',0,1,'Desasignacin de tutor',''),(109,2,NULL,82,NULL,NULL,'A200',3,1,'2024-06-22 21:50:18','2024-06-22 22:04:59','2024-06-23 18:00:00','2024-06-23 18:30:00',0,1,'Desasignacin de tutor',''),(110,2,NULL,82,NULL,NULL,'N300',3,1,'2024-06-22 21:50:24','2024-06-23 19:46:00','2024-06-23 20:30:00','2024-06-23 21:00:00',0,1,'Desasignacin de tutor',''),(111,2,NULL,82,NULL,NULL,'A200',3,1,'2024-06-22 21:51:43','2024-06-22 22:04:59','2024-06-23 14:30:00','2024-06-23 15:00:00',0,1,'Desasignacin de tutor',''),(112,2,NULL,82,NULL,NULL,'A300',3,1,'2024-06-22 21:51:52','2024-06-23 19:28:11','2024-06-23 19:30:00','2024-06-23 21:30:00',0,1,'Desasignacin de tutor',''),(113,2,NULL,82,NULL,NULL,'A200',3,1,'2024-06-24 06:25:12','2024-06-24 06:46:19','2024-06-25 14:00:00','2024-06-25 16:00:00',0,1,'Desasignacin de tutor',''),(114,139,NULL,84,65,NULL,'123',2,1,'2024-06-24 17:20:59','2024-06-28 02:59:14','2024-06-26 16:00:00','2024-06-26 18:00:00',0,1,NULL,''),(115,139,NULL,84,NULL,NULL,'123',1,1,'2024-06-24 18:41:47','2024-06-24 18:41:47','2024-06-26 19:00:00','2024-06-26 21:00:00',0,1,NULL,''),(116,2,NULL,89,NULL,NULL,'A301',3,1,'2024-06-25 01:16:28','2024-06-25 01:16:36','2024-06-26 17:00:00','2024-06-26 19:00:00',0,1,'',''),(117,2,NULL,89,NULL,NULL,'A200',3,1,'2024-06-26 05:50:15','2024-06-27 00:40:51','2024-06-27 15:00:00','2024-06-27 17:30:00',0,1,'Desasignacin de tutor',''),(118,2,NULL,89,NULL,NULL,'A200',1,1,'2024-06-26 05:50:31','2024-06-26 05:50:31','2024-06-25 16:00:00','2024-06-25 17:30:00',0,1,NULL,''),(119,2,NULL,84,NULL,NULL,'A300',1,1,'2024-06-26 05:53:30','2024-06-26 05:53:30','2024-06-25 17:30:00','2024-06-25 18:00:00',0,1,NULL,''),(120,2,NULL,89,106,NULL,'A320',2,1,'2024-06-26 06:50:45','2024-07-03 18:17:23','2024-06-25 13:00:00','2024-06-25 15:00:00',0,1,NULL,''),(121,2,NULL,82,82,NULL,'A200',2,1,'2024-06-26 06:53:10','2024-06-29 09:05:09','2024-06-25 18:30:00','2024-06-25 20:00:00',0,1,NULL,''),(122,2,NULL,88,NULL,NULL,'V2302',1,1,'2024-06-27 04:50:22','2024-06-27 04:50:22','2024-06-28 14:00:00','2024-06-28 15:00:00',0,1,NULL,''),(123,2,NULL,88,105,NULL,'V304',2,1,'2024-06-27 04:55:10','2024-07-03 18:17:12','2024-06-26 13:00:00','2024-06-26 14:00:00',0,1,NULL,''),(124,2,NULL,88,NULL,NULL,'V2031',1,1,'2024-06-27 06:08:26','2024-06-27 06:08:26','2024-06-26 15:00:00','2024-06-26 15:30:00',0,1,NULL,''),(125,2,NULL,88,100,NULL,'-',2,1,'2024-06-27 17:32:57','2024-06-30 08:35:37','2024-06-27 19:00:00','2024-06-27 20:00:00',0,1,NULL,''),(126,2,NULL,88,64,NULL,'A405',3,1,'2024-06-28 01:42:57','2024-06-28 18:43:19','2024-06-26 16:00:00','2024-06-26 17:00:00',0,1,'',''),(127,139,NULL,91,NULL,NULL,'A101',3,1,'2024-06-28 03:14:19','2024-06-28 03:17:16','2024-06-29 16:00:00','2024-06-29 17:00:00',0,1,'Enfermedad',''),(128,2,NULL,93,66,NULL,'A502',2,1,'2024-06-28 16:53:06','2024-06-28 17:08:50','2024-06-27 20:30:00','2024-06-27 21:30:00',0,1,NULL,''),(129,2,NULL,93,NULL,NULL,'A501',1,1,'2024-06-28 17:17:13','2024-06-28 17:17:13','2024-06-28 16:00:00','2024-06-28 17:00:00',0,1,NULL,''),(130,2,NULL,92,NULL,NULL,'V302',3,1,'2024-06-28 17:22:56','2024-06-28 17:24:52','2024-06-28 22:00:00','2024-06-28 23:00:00',0,1,'Desasignacin de tutor',''),(131,2,NULL,94,NULL,NULL,'A205',3,1,'2024-06-28 18:32:03','2024-06-28 18:32:54','2024-06-28 22:00:00','2024-06-28 23:00:00',0,1,'Desasignacin de tutor',''),(132,139,NULL,91,NULL,NULL,'A101',3,1,'2024-06-28 19:22:48','2024-06-28 19:23:03','2024-06-29 14:30:00','2024-06-29 15:30:00',0,1,'Enfermedad',''),(133,139,NULL,91,NULL,NULL,'A101',1,1,'2024-06-28 19:23:43','2024-06-28 19:23:43','2024-06-27 16:00:00','2024-06-27 17:30:00',0,1,NULL,''),(134,139,NULL,91,NULL,NULL,'A101',1,1,'2024-06-28 19:29:30','2024-06-28 19:29:30','2024-06-27 21:30:00','2024-06-27 22:30:00',0,1,NULL,''),(136,139,NULL,91,NULL,NULL,'A302',1,1,'2024-06-28 19:36:23','2024-06-28 19:36:23','2024-06-26 22:30:00','2024-06-26 23:30:00',0,1,NULL,''),(137,139,NULL,91,67,NULL,'A101',2,1,'2024-06-28 19:39:57','2024-06-28 19:40:10','2024-06-27 14:00:00','2024-06-27 15:00:00',0,1,NULL,''),(138,139,NULL,84,68,NULL,'N302',2,1,'2024-06-28 19:47:37','2024-06-28 19:48:07','2024-06-27 19:00:00','2024-06-27 20:00:00',0,1,NULL,''),(139,139,NULL,91,NULL,NULL,'-',1,1,'2024-06-28 20:06:31','2024-06-28 20:06:31','2024-06-27 17:30:00','2024-06-27 18:30:00',0,1,NULL,''),(140,2,NULL,88,69,NULL,'A750',2,1,'2024-06-28 21:15:16','2024-06-28 21:15:50','2024-06-27 23:00:00','2024-06-28 00:00:00',0,1,NULL,''),(141,2,NULL,88,70,NULL,'A201',2,1,'2024-06-28 21:16:15','2024-06-28 21:16:26','2024-06-28 20:30:00','2024-06-28 21:00:00',0,1,NULL,''),(142,2,NULL,88,71,NULL,'Z480',2,1,'2024-06-28 22:21:56','2024-06-28 22:22:29','2024-06-28 21:00:00','2024-06-28 21:30:00',0,1,NULL,''),(143,139,NULL,91,NULL,NULL,'A406',3,1,'2024-06-28 22:56:50','2024-06-30 06:15:19','2024-06-30 15:00:00','2024-06-30 15:30:00',0,1,'Desasignacin de tutor',''),(144,2,NULL,88,72,NULL,'A460',2,1,'2024-06-28 23:28:47','2024-06-28 23:29:01','2024-06-28 20:00:00','2024-06-28 20:30:00',0,1,NULL,''),(145,2,NULL,88,73,NULL,'Z204',2,1,'2024-06-28 23:35:38','2024-06-28 23:35:52','2024-06-28 18:30:00','2024-06-28 19:00:00',0,1,NULL,''),(146,2,NULL,88,74,NULL,'A201',2,1,'2024-06-29 00:06:04','2024-06-29 00:06:25','2024-06-28 17:30:00','2024-06-28 18:00:00',0,1,NULL,''),(147,2,NULL,88,75,NULL,'A201',2,1,'2024-06-29 00:27:58','2024-06-29 00:28:24','2024-06-28 19:00:00','2024-06-28 19:30:00',0,1,NULL,''),(148,2,NULL,88,76,NULL,'Z105',2,1,'2024-06-29 00:28:54','2024-06-29 00:29:15','2024-06-28 23:00:00','2024-06-28 23:30:00',0,1,NULL,''),(149,2,NULL,88,NULL,NULL,'A204',1,1,'2024-06-29 00:30:42','2024-06-29 00:30:42','2024-06-29 20:30:00','2024-06-29 21:00:00',0,1,NULL,''),(150,2,NULL,88,77,NULL,'A302',2,1,'2024-06-29 00:31:27','2024-06-29 00:31:37','2024-06-29 00:00:00','2024-06-29 00:30:00',0,1,NULL,''),(151,2,NULL,88,78,NULL,'N504',2,1,'2024-06-29 00:46:19','2024-06-29 00:46:32','2024-06-28 23:30:00','2024-06-29 00:00:00',0,1,NULL,''),(152,2,NULL,88,79,NULL,'A405',2,1,'2024-06-29 00:47:48','2024-06-29 00:48:00','2024-06-28 21:30:00','2024-06-28 22:00:00',0,1,NULL,''),(153,2,NULL,88,NULL,NULL,'V2092',1,1,'2024-06-29 01:43:52','2024-06-29 01:43:52','2024-06-28 15:00:00','2024-06-28 15:30:00',0,1,NULL,''),(154,2,NULL,88,NULL,NULL,'V234',1,1,'2024-06-29 01:44:05','2024-06-29 01:44:05','2024-06-28 15:30:00','2024-06-28 16:00:00',0,1,NULL,''),(155,2,NULL,88,NULL,NULL,'V3501',1,1,'2024-06-29 01:44:14','2024-06-29 01:44:14','2024-06-28 13:00:00','2024-06-28 14:00:00',0,1,NULL,''),(156,2,NULL,88,NULL,NULL,'V231',1,1,'2024-06-29 01:44:22','2024-06-29 01:44:22','2024-06-28 17:00:00','2024-06-28 17:30:00',0,1,NULL,''),(157,2,NULL,88,NULL,NULL,'401',1,1,'2024-06-29 01:44:27','2024-06-29 01:44:27','2024-06-28 18:00:00','2024-06-28 18:30:00',0,1,NULL,''),(158,139,NULL,91,NULL,NULL,'-',3,1,'2024-06-29 01:46:11','2024-06-30 06:15:19','2024-06-30 21:00:00','2024-06-30 22:00:00',0,1,'Desasignacin de tutor',''),(159,2,NULL,88,NULL,NULL,'A303',1,1,'2024-06-29 01:47:45','2024-06-29 01:47:45','2024-06-29 16:00:00','2024-06-29 18:30:00',0,1,NULL,''),(160,2,NULL,88,80,NULL,'N302',2,1,'2024-06-29 01:48:11','2024-06-29 01:57:33','2024-06-29 01:00:00','2024-06-29 01:30:00',0,1,NULL,''),(161,139,NULL,91,NULL,NULL,'A101',3,1,'2024-06-29 01:49:37','2024-06-30 06:15:19','2024-06-30 22:00:00','2024-06-30 23:00:00',0,1,'Desasignacin de tutor',''),(162,2,NULL,88,NULL,NULL,'A320',3,1,'2024-06-29 01:50:19','2024-06-30 05:33:00','2024-06-30 17:00:00','2024-06-30 18:00:00',0,1,'Desasignacin de tutor',''),(163,2,NULL,88,NULL,NULL,'303',1,1,'2024-06-29 01:53:08','2024-06-29 01:53:08','2024-06-28 19:30:00','2024-06-28 20:00:00',0,1,NULL,''),(164,2,NULL,88,NULL,NULL,'A200',3,1,'2024-06-29 01:57:52','2024-06-30 05:33:00','2024-06-30 23:30:00','2024-07-01 01:00:00',0,1,'Desasignacin de tutor',''),(165,139,NULL,91,NULL,NULL,'A101',3,1,'2024-06-29 02:09:59','2024-06-30 06:15:19','2024-06-30 19:00:00','2024-06-30 20:00:00',0,1,'Desasignacin de tutor',''),(166,139,NULL,91,NULL,NULL,'N302',3,1,'2024-06-29 02:13:01','2024-06-29 02:15:28','2024-06-29 18:00:00','2024-06-29 19:00:00',0,1,'Por razones de enfermedad',''),(167,2,NULL,88,81,NULL,'A405',2,1,'2024-06-29 03:34:22','2024-06-29 03:34:35','2024-06-29 02:30:00','2024-06-29 03:00:00',0,1,NULL,''),(168,2,NULL,88,88,NULL,'A200',2,1,'2024-06-29 09:04:05','2024-06-29 21:30:22','2024-06-29 14:30:00','2024-06-29 15:30:00',0,1,NULL,''),(169,2,NULL,88,NULL,NULL,'A200',1,1,'2024-06-29 09:04:21','2024-06-29 09:04:21','2024-06-25 20:00:00','2024-06-25 21:00:00',0,1,NULL,''),(170,2,NULL,88,83,NULL,'A302',2,1,'2024-06-29 16:57:37','2024-06-29 16:57:48','2024-06-29 15:30:00','2024-06-29 16:00:00',0,1,NULL,''),(171,2,NULL,88,84,NULL,'A405',2,1,'2024-06-29 17:05:44','2024-06-29 17:06:02','2024-06-29 14:00:00','2024-06-29 14:30:00',0,1,NULL,''),(172,2,NULL,88,85,NULL,'A606',2,1,'2024-06-29 17:18:53','2024-06-29 17:19:05','2024-06-29 13:30:00','2024-06-29 14:00:00',0,1,NULL,''),(173,2,NULL,88,NULL,NULL,'dfgd',1,1,'2024-06-29 17:56:08','2024-06-29 17:56:08','2024-06-29 19:00:00','2024-06-29 19:30:00',0,1,NULL,''),(174,2,NULL,88,86,NULL,'A106',2,1,'2024-06-29 18:02:25','2024-06-29 18:03:52','2024-06-29 12:30:00','2024-06-29 13:00:00',0,1,NULL,''),(175,2,NULL,88,87,NULL,'A205',2,1,'2024-06-29 19:39:09','2024-06-29 19:39:23','2024-06-29 13:00:00','2024-06-29 13:30:00',0,1,NULL,''),(176,2,NULL,88,89,NULL,'A504',2,1,'2024-06-29 21:30:42','2024-06-29 21:30:51','2024-06-29 20:00:00','2024-06-29 20:30:00',0,1,NULL,''),(183,2,NULL,88,NULL,NULL,'n320',1,1,'2024-06-29 21:54:11','2024-06-29 21:54:11','2024-06-29 19:30:00','2024-06-29 20:00:00',0,1,NULL,''),(184,2,NULL,88,90,NULL,'n302',2,1,'2024-06-29 21:54:59','2024-06-29 21:56:15','2024-06-29 18:30:00','2024-06-29 19:00:00',0,1,NULL,''),(185,2,NULL,88,91,NULL,'a301',2,1,'2024-06-29 21:58:20','2024-06-29 21:58:31','2024-06-29 21:00:00','2024-06-29 21:30:00',0,1,NULL,''),(186,2,NULL,88,92,NULL,'a201',2,1,'2024-06-29 22:23:56','2024-06-29 22:24:24','2024-06-29 21:30:00','2024-06-29 22:00:00',0,1,NULL,''),(187,2,NULL,88,93,NULL,'A401',2,1,'2024-06-29 22:51:58','2024-06-29 22:52:10','2024-06-29 22:00:00','2024-06-29 22:30:00',0,1,NULL,''),(188,2,NULL,88,94,NULL,'A401',2,1,'2024-06-29 23:02:33','2024-06-29 23:02:44','2024-06-29 22:30:00','2024-06-29 23:00:00',0,1,NULL,''),(189,2,NULL,88,95,NULL,'A401',2,1,'2024-06-30 03:16:14','2024-06-30 03:16:23','2024-06-29 23:00:00','2024-06-29 23:30:00',0,1,NULL,''),(190,2,NULL,91,99,NULL,'A200',2,1,'2024-06-30 06:51:11','2024-06-30 07:38:41','2024-06-30 15:00:00','2024-06-30 16:00:00',0,1,NULL,''),(191,2,NULL,91,96,NULL,'Z605',2,1,'2024-06-30 07:15:15','2024-06-30 07:15:35','2024-06-25 18:00:00','2024-06-25 18:30:00',0,1,NULL,''),(192,2,NULL,91,97,NULL,'A709',2,1,'2024-06-30 07:17:41','2024-06-30 07:17:53','2024-06-25 15:00:00','2024-06-25 15:30:00',0,1,NULL,''),(193,2,NULL,91,101,NULL,'A200',2,1,'2024-06-30 08:36:03','2024-06-30 08:36:16','2024-06-27 18:30:00','2024-06-27 19:00:00',0,1,NULL,''),(194,2,NULL,84,102,NULL,'A405',2,1,'2024-06-30 23:18:26','2024-06-30 23:18:43','2024-06-30 19:30:00','2024-06-30 20:00:00',0,1,NULL,''),(195,2,NULL,84,103,NULL,'Z801',2,1,'2024-06-30 23:45:56','2024-06-30 23:46:17','2024-06-30 00:30:00','2024-06-30 01:00:00',0,1,NULL,''),(196,2,NULL,84,104,NULL,'z507',2,1,'2024-06-30 23:48:28','2024-06-30 23:48:58','2024-06-30 01:30:00','2024-06-30 02:00:00',0,1,NULL,''),(197,226,NULL,104,NULL,NULL,'-',1,1,'2024-07-03 02:55:56','2024-07-03 02:55:56','2024-07-04 15:00:00','2024-07-04 15:30:00',0,1,NULL,''),(198,226,NULL,108,NULL,NULL,'-',3,1,'2024-07-03 02:56:10','2024-07-03 03:01:41','2024-07-05 15:00:00','2024-07-05 15:30:00',0,1,'Desasignacin de tutor',''),(199,2,NULL,91,NULL,NULL,'N302',3,1,'2024-07-03 04:17:36','2024-07-04 03:17:29','2024-07-04 23:00:00','2024-07-05 00:00:00',0,1,'Desasignacin de tutor',''),(200,2,NULL,83,NULL,NULL,'-',3,1,'2024-07-03 05:33:15','2024-07-04 03:17:27','2024-07-04 15:30:00','2024-07-04 17:00:00',0,1,'Desasignacin de tutor',''),(201,225,NULL,111,NULL,NULL,'asd',1,1,'2024-07-03 06:12:36','2024-07-03 06:12:36','2024-07-02 16:00:00','2024-07-02 17:00:00',0,1,NULL,''),(202,225,NULL,111,NULL,NULL,'asd',1,1,'2024-07-03 06:13:18','2024-07-03 06:13:18','2024-07-03 16:00:00','2024-07-03 17:00:00',0,1,NULL,''),(203,225,NULL,111,NULL,NULL,'sdf',1,1,'2024-07-03 06:14:52','2024-07-03 06:14:52','2024-07-03 18:30:00','2024-07-03 19:30:00',0,1,NULL,''),(204,225,NULL,111,NULL,NULL,'asd',1,1,'2024-07-03 06:14:57','2024-07-03 06:14:57','2024-07-02 19:30:00','2024-07-02 20:30:00',0,1,NULL,''),(205,225,NULL,111,NULL,NULL,'asd',3,1,'2024-07-03 06:15:01','2024-07-04 03:17:31','2024-07-04 20:00:00','2024-07-04 21:00:00',0,1,'Desasignacin de tutor',''),(206,225,NULL,111,NULL,NULL,'asd',3,1,'2024-07-03 06:15:11','2024-07-04 03:17:31','2024-07-05 18:30:00','2024-07-05 19:00:00',0,1,'Desasignacin de tutor',''),(207,2,NULL,91,NULL,NULL,'A101',3,1,'2024-07-03 17:09:11','2024-07-04 03:17:29','2024-07-05 18:30:00','2024-07-05 20:00:00',0,1,'Desasignacin de tutor',''),(208,225,NULL,111,NULL,NULL,'-',3,1,'2024-07-03 17:58:33','2024-07-04 03:17:31','2024-07-06 22:00:00','2024-07-06 23:00:00',0,1,'Desasignacin de tutor',''),(209,2,NULL,91,NULL,NULL,'zoom.com',3,1,'2024-07-03 18:01:07','2024-07-04 03:17:29','2024-07-06 17:00:00','2024-07-06 18:00:00',0,2,'Desasignacin de tutor',''),(210,2,NULL,115,107,NULL,'V502',2,1,'2024-07-04 00:26:28','2024-07-04 00:26:47','2024-07-01 14:00:00','2024-07-01 14:30:00',0,1,NULL,''),(211,2,NULL,91,NULL,NULL,'www.zoom.com',3,1,'2024-07-04 02:10:13','2024-07-04 03:17:29','2024-07-06 15:00:00','2024-07-06 16:00:00',0,2,'Desasignacin de tutor',''),(212,2,NULL,91,NULL,NULL,'N403',3,1,'2024-07-04 02:10:44','2024-07-04 03:17:29','2024-07-07 12:00:00','2024-07-07 14:00:00',0,2,'Desasignacin de tutor',''),(213,2,NULL,91,NULL,NULL,'A202',3,1,'2024-07-04 02:10:52','2024-07-04 03:17:29','2024-07-04 20:00:00','2024-07-04 22:00:00',0,1,'Desasignacin de tutor',''),(214,2,NULL,91,NULL,NULL,'N205',1,1,'2024-07-04 02:16:18','2024-07-04 02:16:18','2024-07-04 01:00:00','2024-07-04 02:00:00',0,1,NULL,''),(215,2,NULL,91,108,NULL,'A205',2,1,'2024-07-04 02:20:13','2024-07-04 02:20:26','2024-07-04 00:00:00','2024-07-04 01:00:00',0,1,NULL,''),(216,2,NULL,115,NULL,NULL,'N202',1,1,'2024-07-04 02:24:00','2024-07-04 02:24:00','2024-07-02 12:00:00','2024-07-02 16:30:00',0,2,NULL,''),(217,2,NULL,114,NULL,NULL,'A303',1,1,'2024-07-04 02:25:49','2024-07-04 02:25:49','2024-07-01 19:30:00','2024-07-01 23:30:00',0,1,NULL,''),(218,2,NULL,115,NULL,NULL,'A505',3,1,'2024-07-04 02:26:46','2024-07-04 21:52:55','2024-07-07 21:00:00','2024-07-07 22:00:00',0,1,'Desasignacin de tutor',''),(219,2,NULL,115,NULL,NULL,'-',3,1,'2024-07-04 02:32:05','2024-07-04 21:52:55','2024-07-04 23:00:00','2024-07-04 23:30:00',0,1,'Desasignacin de tutor',''),(220,2,NULL,115,NULL,NULL,'A202',1,1,'2024-07-04 02:35:15','2024-07-04 02:35:15','2024-07-02 18:00:00','2024-07-02 18:30:00',0,1,NULL,''),(221,2,NULL,114,NULL,NULL,'A505',1,1,'2024-07-04 02:36:15','2024-07-04 02:36:15','2024-07-02 18:30:00','2024-07-02 19:00:00',0,1,NULL,''),(222,2,NULL,114,NULL,NULL,'A301',3,1,'2024-07-04 02:36:21','2024-07-04 03:17:32','2024-07-04 18:00:00','2024-07-04 18:30:00',0,1,'Desasignacin de tutor',''),(223,2,NULL,114,NULL,NULL,'Z909',3,1,'2024-07-04 02:36:37','2024-07-04 03:17:32','2024-07-04 18:30:00','2024-07-04 19:00:00',0,1,'Desasignacin de tutor',''),(224,2,NULL,114,NULL,NULL,'A302',3,1,'2024-07-04 02:39:23','2024-07-04 21:52:54','2024-07-05 23:00:00','2024-07-05 23:30:00',0,1,'Desasignacin de tutor',''),(225,2,NULL,114,NULL,NULL,'A101',3,1,'2024-07-04 02:39:38','2024-07-04 21:52:54','2024-07-06 23:00:00','2024-07-06 23:30:00',0,1,'Desasignacin de tutor',''),(226,2,NULL,114,NULL,NULL,'B305',1,1,'2024-07-04 02:39:47','2024-07-04 02:39:47','2024-07-02 23:00:00','2024-07-02 23:30:00',0,1,NULL,''),(227,2,NULL,114,NULL,NULL,'A305',1,1,'2024-07-04 02:39:59','2024-07-04 02:39:59','2024-07-02 00:30:00','2024-07-02 01:00:00',0,1,NULL,''),(228,2,NULL,114,NULL,NULL,'A205',1,1,'2024-07-04 02:42:17','2024-07-04 02:42:17','2024-07-03 15:30:00','2024-07-03 16:00:00',0,1,NULL,''),(229,2,NULL,114,NULL,NULL,'A105',3,1,'2024-07-04 02:43:03','2024-07-04 21:52:54','2024-07-07 17:30:00','2024-07-07 18:00:00',0,1,'Desasignacin de tutor',''),(230,2,NULL,115,NULL,NULL,'A302',3,1,'2024-07-04 03:03:25','2024-07-04 21:52:55','2024-07-08 18:30:00','2024-07-08 19:00:00',0,1,'Desasignacin de tutor',''),(231,2,NULL,115,NULL,NULL,'A515',3,1,'2024-07-04 03:03:43','2024-07-04 21:52:55','2024-07-08 19:00:00','2024-07-08 19:30:00',0,1,'Desasignacin de tutor',''),(232,2,NULL,115,NULL,NULL,'A201',3,1,'2024-07-04 03:03:57','2024-07-04 21:52:55','2024-07-08 16:30:00','2024-07-08 17:00:00',0,1,'Desasignacin de tutor',''),(233,2,NULL,115,NULL,NULL,'A201',3,1,'2024-07-04 03:05:03','2024-07-04 21:52:55','2024-07-08 22:00:00','2024-07-08 22:30:00',0,1,'Desasignacin de tutor',''),(234,2,NULL,115,NULL,NULL,'A101',3,1,'2024-07-04 03:06:06','2024-07-04 21:52:55','2024-07-10 18:00:00','2024-07-10 18:30:00',0,1,'Desasignacin de tutor',''),(235,2,NULL,115,NULL,NULL,'A301',3,1,'2024-07-04 03:07:13','2024-07-04 21:52:55','2024-07-11 17:30:00','2024-07-11 18:00:00',0,1,'Desasignacin de tutor',''),(236,2,NULL,115,NULL,NULL,'A401',3,1,'2024-07-04 03:07:32','2024-07-04 21:52:55','2024-07-12 18:00:00','2024-07-12 18:30:00',0,1,'Desasignacin de tutor',''),(237,2,NULL,116,NULL,NULL,'A301',3,1,'2024-07-04 03:29:28','2024-07-04 21:52:56','2024-07-15 14:00:00','2024-07-15 15:00:00',0,1,'Desasignacin de tutor',''),(238,2,NULL,116,109,NULL,'A101',3,1,'2024-07-04 03:31:49','2024-07-04 21:52:56','2024-07-16 15:00:00','2024-07-16 15:30:00',0,1,'Desasignacin de tutor',''),(239,2,NULL,116,NULL,NULL,'-',3,1,'2024-07-04 03:34:44','2024-07-04 21:52:56','2024-07-14 15:00:00','2024-07-14 15:30:00',0,1,'Desasignacin de tutor',''),(240,2,NULL,116,NULL,NULL,'A101',3,1,'2024-07-04 03:56:37','2024-07-04 21:52:56','2024-07-09 18:00:00','2024-07-09 19:00:00',0,1,'Desasignacin de tutor',''),(241,2,NULL,116,NULL,NULL,'A302',3,1,'2024-07-04 03:56:44','2024-07-04 21:52:56','2024-07-10 16:30:00','2024-07-10 17:00:00',0,1,'Desasignacin de tutor',''),(242,2,NULL,116,NULL,NULL,'-',3,1,'2024-07-04 03:57:44','2024-07-04 21:52:56','2024-07-13 16:00:00','2024-07-13 16:30:00',0,1,'Desasignacin de tutor',''),(243,2,NULL,116,NULL,NULL,'-',3,1,'2024-07-04 06:02:27','2024-07-04 21:52:56','2024-07-13 19:00:00','2024-07-13 21:30:00',0,1,'Desasignacin de tutor',''),(244,2,NULL,116,NULL,NULL,'-',3,1,'2024-07-04 06:02:40','2024-07-04 21:52:56','2024-07-13 23:00:00','2024-07-14 00:00:00',0,1,'Desasignacin de tutor',''),(245,2,NULL,116,NULL,NULL,'N301',3,1,'2024-07-04 07:15:36','2024-07-04 21:52:56','2024-07-25 21:00:00','2024-07-25 22:00:00',0,1,'Desasignacin de tutor',''),(246,2,NULL,91,110,NULL,'V209',2,1,'2024-07-04 16:39:41','2024-07-04 16:46:03','2024-07-04 13:30:00','2024-07-04 14:30:00',0,1,NULL,''),(247,2,NULL,94,NULL,NULL,'www.google.com',3,1,'2024-07-04 16:50:47','2024-07-04 16:51:00','2024-07-06 15:00:00','2024-07-06 16:00:00',0,2,'',''),(248,2,NULL,94,NULL,NULL,'V405',3,1,'2024-07-04 16:51:24','2024-07-04 16:51:35','2024-07-06 14:00:00','2024-07-06 15:00:00',0,1,'',''),(249,2,NULL,94,NULL,NULL,'P098',3,1,'2024-07-04 16:52:13','2024-07-04 19:04:40','2024-07-06 12:00:00','2024-07-06 13:00:00',0,2,'Poca disponibilidad',''),(250,139,NULL,112,NULL,NULL,'A405',1,1,'2024-07-04 18:40:17','2024-07-04 18:40:17','2024-07-01 12:30:00','2024-07-01 13:00:00',0,1,NULL,''),(251,139,NULL,112,NULL,NULL,'A505',1,1,'2024-07-04 18:40:23','2024-07-04 18:40:23','2024-07-01 14:00:00','2024-07-01 14:30:00',0,1,NULL,''),(252,139,NULL,112,NULL,NULL,'A505',1,1,'2024-07-04 18:40:28','2024-07-04 18:40:28','2024-07-01 16:00:00','2024-07-01 16:30:00',0,1,NULL,''),(253,139,NULL,112,NULL,NULL,'A201',1,1,'2024-07-04 18:40:33','2024-07-04 18:40:33','2024-07-01 16:30:00','2024-07-01 17:00:00',0,1,NULL,''),(254,139,NULL,112,NULL,NULL,'A301',1,1,'2024-07-04 18:40:38','2024-07-04 18:40:38','2024-07-01 13:30:00','2024-07-01 14:00:00',0,1,NULL,''),(255,139,NULL,112,NULL,NULL,'A101',1,1,'2024-07-04 18:40:44','2024-07-04 18:40:44','2024-07-01 12:00:00','2024-07-01 12:30:00',0,1,NULL,''),(256,139,NULL,112,NULL,NULL,'A909',1,1,'2024-07-04 18:40:49','2024-07-04 18:40:49','2024-07-01 20:00:00','2024-07-01 20:30:00',0,1,NULL,''),(257,139,NULL,112,118,NULL,'A808',2,1,'2024-07-04 18:40:58','2024-07-04 22:18:36','2024-07-03 15:30:00','2024-07-03 16:00:00',0,1,NULL,''),(258,139,NULL,112,NULL,NULL,'A707',1,1,'2024-07-04 18:41:08','2024-07-04 18:41:08','2024-07-01 15:00:00','2024-07-01 15:30:00',0,1,NULL,''),(259,139,NULL,112,NULL,NULL,'A101',3,1,'2024-07-04 18:41:41','2024-07-04 18:45:04','2024-07-07 17:30:00','2024-07-07 18:30:00',0,1,'Poca disponibilidad',''),(260,139,NULL,112,NULL,NULL,'A205',3,1,'2024-07-04 18:41:47','2024-07-04 18:45:11','2024-07-07 18:30:00','2024-07-07 19:30:00',0,1,'Poca disponibilidad',''),(261,139,NULL,112,NULL,NULL,'A703',3,1,'2024-07-04 18:41:52','2024-07-04 18:45:20','2024-07-07 19:30:00','2024-07-07 20:30:00',0,1,'Poca disponibilidad',''),(262,139,NULL,112,NULL,NULL,'A101',3,1,'2024-07-04 18:45:54','2024-07-04 18:46:13','2024-07-07 17:30:00','2024-07-07 18:30:00',0,1,'Poca disponibilidad',''),(263,139,NULL,112,NULL,NULL,'A405',3,1,'2024-07-04 18:46:00','2024-07-04 18:46:32','2024-07-07 18:30:00','2024-07-07 19:30:00',0,1,'Poca disponibilidad',''),(264,139,NULL,112,NULL,NULL,'A302',3,1,'2024-07-04 18:46:05','2024-07-04 18:46:42','2024-07-07 19:30:00','2024-07-07 20:30:00',0,1,'Poca disponibilidad',''),(265,139,NULL,112,NULL,NULL,'A101',1,1,'2024-07-04 18:47:03','2024-07-04 18:47:03','2024-07-07 20:00:00','2024-07-07 21:00:00',0,1,NULL,''),(266,139,NULL,112,NULL,NULL,'A202',1,1,'2024-07-04 18:47:09','2024-07-04 18:47:09','2024-07-07 19:00:00','2024-07-07 20:00:00',0,1,NULL,''),(267,139,NULL,112,NULL,NULL,'A303',3,1,'2024-07-04 18:47:29','2024-07-04 18:48:43','2024-07-07 18:00:00','2024-07-07 19:00:00',0,1,'Poca disponibilidad',''),(268,139,NULL,112,NULL,NULL,'A101',3,1,'2024-07-04 18:48:54','2024-07-04 18:49:12','2024-07-06 21:30:00','2024-07-06 22:30:00',0,1,'Poca disponibilidad',''),(269,139,NULL,112,NULL,NULL,'A202',3,1,'2024-07-04 18:49:00','2024-07-04 18:49:18','2024-07-06 20:30:00','2024-07-06 21:30:00',0,1,'',''),(270,139,NULL,112,NULL,NULL,'A303',3,1,'2024-07-04 18:49:07','2024-07-04 18:49:23','2024-07-06 19:30:00','2024-07-06 20:30:00',0,1,'Poca disponibilidad',''),(271,2,NULL,116,NULL,NULL,'A505',3,1,'2024-07-04 18:55:05','2024-07-04 21:52:56','2024-07-16 16:30:00','2024-07-16 17:00:00',0,1,'Desasignacin de tutor',''),(272,2,NULL,116,NULL,NULL,'A320',3,1,'2024-07-04 18:55:11','2024-07-04 21:52:56','2024-07-16 17:00:00','2024-07-16 17:30:00',0,1,'Desasignacin de tutor',''),(273,2,NULL,116,NULL,NULL,'A808',3,1,'2024-07-04 18:55:15','2024-07-04 21:52:56','2024-07-17 17:00:00','2024-07-17 17:30:00',0,1,'Desasignacin de tutor',''),(274,2,NULL,116,NULL,NULL,'A707',3,1,'2024-07-04 18:55:20','2024-07-04 21:52:56','2024-07-16 22:00:00','2024-07-16 22:30:00',0,1,'Desasignacin de tutor',''),(275,2,NULL,116,112,NULL,'A105',2,1,'2024-07-04 18:56:58','2024-07-04 18:57:35','2024-07-03 02:30:00','2024-07-03 03:00:00',0,1,NULL,''),(276,2,NULL,116,111,NULL,'A404',2,1,'2024-07-04 18:57:02','2024-07-04 18:57:19','2024-07-03 02:00:00','2024-07-03 02:30:00',0,1,NULL,''),(277,2,NULL,116,113,NULL,'A808',2,1,'2024-07-04 18:57:07','2024-07-04 18:57:44','2024-07-03 12:00:00','2024-07-03 12:30:00',0,1,NULL,''),(278,2,NULL,116,NULL,NULL,'-',1,1,'2024-07-04 18:58:43','2024-07-04 18:58:43','2024-07-04 17:00:00','2024-07-04 17:30:00',0,1,NULL,''),(279,2,NULL,116,NULL,NULL,'-',1,1,'2024-07-04 18:58:51','2024-07-04 18:58:51','2024-07-04 17:30:00','2024-07-04 18:00:00',0,1,NULL,''),(280,2,NULL,116,NULL,NULL,'-',3,1,'2024-07-04 18:58:58','2024-07-04 21:52:56','2024-07-04 23:00:00','2024-07-04 23:30:00',0,1,'Desasignacin de tutor',''),(281,2,NULL,116,NULL,NULL,'-',3,1,'2024-07-04 18:59:19','2024-07-04 21:52:56','2024-07-07 14:00:00','2024-07-07 16:00:00',0,1,'Desasignacin de tutor',''),(282,2,NULL,116,NULL,NULL,'-',3,1,'2024-07-04 19:00:30','2024-07-04 21:52:56','2024-07-07 14:00:00','2024-07-07 16:00:00',0,1,'Desasignacin de tutor',''),(283,2,NULL,116,NULL,NULL,'-',3,1,'2024-07-04 19:03:23','2024-07-04 21:52:56','2024-07-07 16:00:00','2024-07-07 17:00:00',0,1,'Desasignacin de tutor',''),(284,2,NULL,116,NULL,NULL,'A101',3,1,'2024-07-04 19:08:55','2024-07-04 21:52:56','2024-07-07 14:30:00','2024-07-07 15:00:00',0,1,'Desasignacin de tutor',''),(285,2,NULL,116,NULL,NULL,'A202',3,1,'2024-07-04 19:09:00','2024-07-04 21:52:56','2024-07-07 15:00:00','2024-07-07 15:30:00',0,1,'Desasignacin de tutor',''),(286,2,NULL,116,NULL,NULL,'A303',3,1,'2024-07-04 19:09:09','2024-07-04 21:52:56','2024-07-07 15:30:00','2024-07-07 16:00:00',0,1,'Desasignacin de tutor',''),(287,2,NULL,116,NULL,NULL,'A502',1,1,'2024-07-04 19:09:43','2024-07-04 19:09:43','2024-07-02 22:30:00','2024-07-02 23:00:00',0,1,NULL,''),(292,2,NULL,116,NULL,NULL,'www.zoom.com',1,1,'2024-07-04 19:14:00','2024-07-04 19:14:00','2024-07-04 12:30:00','2024-07-04 16:00:00',0,2,NULL,''),(293,2,NULL,116,NULL,NULL,'A130',1,1,'2024-07-04 19:14:49','2024-07-04 19:14:49','2024-07-04 19:30:00','2024-07-04 20:00:00',0,1,NULL,''),(294,2,NULL,116,114,NULL,'A303',2,1,'2024-07-04 19:15:30','2024-07-04 19:15:47','2024-07-03 20:30:00','2024-07-03 21:00:00',0,1,NULL,''),(295,2,NULL,116,115,NULL,'A401',2,1,'2024-07-04 19:19:47','2024-07-04 19:20:03','2024-07-03 20:00:00','2024-07-03 20:30:00',0,1,NULL,''),(296,2,NULL,116,116,NULL,'A208',2,1,'2024-07-04 19:22:40','2024-07-04 19:22:51','2024-06-24 16:30:00','2024-06-24 17:30:00',0,1,NULL,''),(297,2,NULL,116,NULL,NULL,'A105',1,1,'2024-07-04 19:24:40','2024-07-04 19:24:40','2024-06-24 13:30:00','2024-06-24 16:30:00',0,1,NULL,''),(298,2,NULL,116,NULL,NULL,'A109',3,1,'2024-07-04 19:25:03','2024-07-04 21:52:56','2024-07-06 17:00:00','2024-07-06 18:00:00',0,1,'Desasignacin de tutor',''),(299,2,NULL,116,NULL,NULL,'A709',3,1,'2024-07-04 19:26:03','2024-07-04 21:52:56','2024-07-05 23:30:00','2024-07-06 00:00:00',0,1,'Desasignacin de tutor',''),(300,2,NULL,116,117,NULL,'Z401',2,1,'2024-07-04 19:26:39','2024-07-04 19:26:49','2024-07-02 21:00:00','2024-07-02 21:30:00',0,1,NULL,''),(301,2,NULL,116,NULL,NULL,'A401',3,1,'2024-07-04 19:27:44','2024-07-04 21:52:56','2024-07-07 19:30:00','2024-07-07 20:00:00',0,1,'Desasignacin de tutor',''),(302,2,NULL,116,NULL,NULL,'-',1,1,'2024-07-04 19:29:23','2024-07-04 19:29:23','2024-07-04 21:00:00','2024-07-04 21:30:00',0,1,NULL,''),(303,139,NULL,112,NULL,NULL,'A405',1,1,'2024-07-04 22:17:17','2024-07-04 22:17:17','2024-07-06 14:00:00','2024-07-06 14:30:00',0,1,NULL,''),(304,68,NULL,90,NULL,NULL,'-',1,1,'2024-07-05 00:53:54','2024-07-05 00:53:54','2024-07-03 15:00:00','2024-07-03 15:30:00',0,1,NULL,''),(305,68,NULL,90,NULL,NULL,'-',1,1,'2024-07-05 00:54:04','2024-07-05 00:54:04','2024-07-03 20:30:00','2024-07-03 21:00:00',0,1,NULL,''),(306,68,NULL,90,NULL,NULL,'-',1,1,'2024-07-05 00:54:10','2024-07-05 00:54:10','2024-07-03 12:30:00','2024-07-03 16:00:00',0,1,NULL,''),(307,68,NULL,90,NULL,NULL,'-',1,1,'2024-07-05 00:54:19','2024-07-05 00:54:19','2024-07-03 12:30:00','2024-07-03 13:00:00',0,1,NULL,''),(308,68,NULL,90,NULL,NULL,'-',1,1,'2024-07-05 00:54:32','2024-07-05 00:54:32','2024-07-02 16:00:00','2024-07-02 16:30:00',0,1,NULL,''),(309,68,NULL,90,NULL,NULL,'-',1,1,'2024-07-05 00:55:46','2024-07-05 00:55:46','2024-07-04 02:00:00','2024-07-04 02:30:00',0,1,NULL,''),(310,68,NULL,90,NULL,NULL,'-',1,1,'2024-07-05 00:56:04','2024-07-05 00:56:04','2024-07-01 12:30:00','2024-07-01 13:00:00',0,1,NULL,''),(311,68,NULL,90,NULL,NULL,'-',1,1,'2024-07-05 01:02:42','2024-07-05 01:02:42','2024-07-01 20:30:00','2024-07-01 21:00:00',0,1,NULL,''),(312,68,NULL,90,NULL,NULL,'-',1,1,'2024-07-05 01:04:07','2024-07-05 01:04:07','2024-07-01 15:30:00','2024-07-01 16:00:00',0,1,NULL,''),(313,68,NULL,90,NULL,NULL,'-',1,1,'2024-07-05 01:05:12','2024-07-05 01:05:12','2024-07-02 19:30:00','2024-07-02 20:00:00',0,1,NULL,''),(314,68,NULL,90,119,NULL,'-',2,1,'2024-07-05 01:07:10','2024-07-05 01:17:08','2024-07-03 19:00:00','2024-07-03 19:30:00',0,1,NULL,''),(315,68,NULL,90,NULL,NULL,'-',1,1,'2024-07-05 01:07:23','2024-07-05 01:07:23','2024-07-02 17:00:00','2024-07-02 17:30:00',0,1,NULL,''),(316,68,NULL,90,NULL,NULL,'-',1,1,'2024-07-05 01:07:53','2024-07-05 01:07:53','2024-07-02 20:00:00','2024-07-02 20:30:00',0,1,NULL,''),(317,68,NULL,90,NULL,NULL,'-',1,1,'2024-07-05 01:08:03','2024-07-05 01:08:03','2024-07-04 02:30:00','2024-07-04 03:00:00',0,1,NULL,''),(318,68,NULL,90,NULL,NULL,'A508',1,1,'2024-07-05 01:14:04','2024-07-05 01:14:04','2024-07-02 12:30:00','2024-07-02 15:00:00',0,1,NULL,''),(319,68,NULL,90,120,NULL,'-',2,1,'2024-07-05 02:23:19','2024-07-05 02:23:39','2024-07-04 21:00:00','2024-07-04 21:30:00',0,1,NULL,'');
/*!40000 ALTER TABLE `SesionCita` ENABLE KEYS */;
UNLOCK TABLES;

--
-- Table structure for table `SolicitudTutorFijo`
--

DROP TABLE IF EXISTS `SolicitudTutorFijo`;
/*!40101 SET @saved_cs_client     = @@character_set_client */;
/*!50503 SET character_set_client = utf8mb4 */;
CREATE TABLE `SolicitudTutorFijo` (
  `id_solicitud` int NOT NULL AUTO_INCREMENT,
  `fid_alumno` int NOT NULL,
  `esRechazado` tinyint(1) NOT NULL DEFAULT '0',
  `motivoRechazo` varchar(255) DEFAULT NULL,
  `fid_estadoSolicitud` int NOT NULL,
  `fechaRegistro` datetime NOT NULL DEFAULT CURRENT_TIMESTAMP,
  `fechaCierre` datetime DEFAULT NULL,
  `esActivo` tinyint(1) NOT NULL DEFAULT '1',
  `fechaCreacion` datetime NOT NULL DEFAULT CURRENT_TIMESTAMP,
  `fechaActualizacion` datetime NOT NULL DEFAULT CURRENT_TIMESTAMP ON UPDATE CURRENT_TIMESTAMP,
  `fid_tutor` int NOT NULL,
  `fid_tipoTutoria` int DEFAULT NULL,
  PRIMARY KEY (`id_solicitud`),
  KEY `fid_alumno` (`fid_alumno`),
  KEY `fid_estadoSolicitud` (`fid_estadoSolicitud`),
  KEY `SolicitudTutorFijo_fid_tutor_foreign_idx` (`fid_tutor`),
  KEY `fid_tipoTutoria` (`fid_tipoTutoria`),
  CONSTRAINT `SolicitudTutorFijo_fid_tutor_foreign_idx` FOREIGN KEY (`fid_tutor`) REFERENCES `Usuario` (`id_usuario`),
  CONSTRAINT `SolicitudTutorFijo_ibfk_1` FOREIGN KEY (`fid_alumno`) REFERENCES `Usuario` (`id_usuario`),
  CONSTRAINT `SolicitudTutorFijo_ibfk_2` FOREIGN KEY (`fid_estadoSolicitud`) REFERENCES `EstadoSolicitudTutorFijo` (`id_estadoSolicitud`),
  CONSTRAINT `SolicitudTutorFijo_ibfk_3` FOREIGN KEY (`fid_tipoTutoria`) REFERENCES `TipoTutoria` (`id_tipoTutoria`)
) ENGINE=InnoDB AUTO_INCREMENT=26 DEFAULT CHARSET=utf8mb4 COLLATE=utf8mb4_0900_ai_ci;
/*!40101 SET character_set_client = @saved_cs_client */;

--
-- Dumping data for table `SolicitudTutorFijo`
--

LOCK TABLES `SolicitudTutorFijo` WRITE;
/*!40000 ALTER TABLE `SolicitudTutorFijo` DISABLE KEYS */;
INSERT INTO `SolicitudTutorFijo` VALUES (1,36,0,NULL,2,'2024-06-16 19:52:26',NULL,1,'2024-06-16 19:52:26','2024-06-22 21:57:00',40,85),(2,36,1,'Ya tiene muchos alumnos asignados',3,'2024-06-16 19:52:35',NULL,1,'2024-06-16 19:52:35','2024-06-22 22:00:13',2,82),(3,4,0,NULL,2,'2024-06-17 01:40:34',NULL,1,'2024-06-17 01:40:33','2024-06-22 22:00:13',2,88),(4,4,0,NULL,2,'2024-06-17 01:40:38',NULL,1,'2024-06-17 01:40:37','2024-06-22 21:57:01',40,85),(5,4,1,'Maxima cantidad de alumnos alcanzadas',3,'2024-06-17 06:51:45',NULL,1,'2024-06-17 06:51:45','2024-06-22 22:00:13',2,84),(6,4,0,NULL,1,'2024-06-22 07:28:34',NULL,0,'2024-06-22 07:28:35','2024-06-22 07:28:58',2,82),(7,4,0,NULL,1,'2024-06-22 07:44:22',NULL,0,'2024-06-22 07:44:23','2024-06-22 07:45:31',2,82),(8,4,0,NULL,1,'2024-06-22 07:45:51',NULL,0,'2024-06-22 07:45:52','2024-06-22 07:46:05',2,82),(9,4,0,NULL,1,'2024-06-22 07:46:28',NULL,0,'2024-06-22 07:46:28','2024-06-22 07:46:58',2,82),(10,4,0,NULL,1,'2024-06-27 19:24:31',NULL,0,'2024-06-27 19:24:31','2024-06-28 16:45:17',139,89),(11,4,1,NULL,3,'2024-06-28 17:00:05',NULL,0,'2024-06-28 17:00:05','2024-06-28 17:00:10',3,89),(12,4,0,NULL,1,'2024-06-28 17:02:02',NULL,0,'2024-06-28 17:02:02','2024-06-28 17:05:13',3,89),(13,4,0,NULL,2,'2024-06-28 17:20:53',NULL,1,'2024-06-28 17:20:53','2024-06-28 17:22:22',2,92),(14,4,1,NULL,3,'2024-06-28 18:12:17',NULL,0,'2024-06-28 18:12:17','2024-06-28 18:37:22',3,89),(15,4,1,NULL,3,'2024-06-29 22:43:57',NULL,0,'2024-06-29 22:43:57','2024-06-29 22:44:02',2,94),(16,4,0,NULL,2,'2024-06-30 08:04:24',NULL,1,'2024-06-30 08:04:24','2024-06-30 08:08:14',2,94),(17,227,1,'nO DISPONIBLE',3,'2024-07-03 02:48:00',NULL,1,'2024-07-03 02:48:00','2024-07-03 02:49:02',226,108),(18,227,0,NULL,2,'2024-07-03 02:49:22',NULL,1,'2024-07-03 02:49:22','2024-07-03 02:49:40',226,108),(19,4,1,NULL,3,'2024-07-03 23:54:25',NULL,0,'2024-07-03 23:54:25','2024-07-04 00:00:55',4,89),(20,4,1,NULL,3,'2024-07-04 00:09:42',NULL,0,'2024-07-04 00:09:42','2024-07-04 00:11:36',4,89),(21,4,0,NULL,2,'2024-07-04 02:44:55',NULL,1,'2024-07-04 02:44:56','2024-07-04 02:45:15',2,116),(22,4,0,NULL,2,'2024-07-04 03:03:08',NULL,1,'2024-07-04 03:03:08','2024-07-04 03:03:17',2,116),(23,4,1,'No hay disponibilidad suficiente',3,'2024-07-04 03:53:57',NULL,1,'2024-07-04 03:53:57','2024-07-04 03:54:46',2,115),(24,207,1,NULL,3,'2024-07-05 00:41:26',NULL,0,'2024-07-05 00:41:26','2024-07-05 00:42:13',68,90),(25,207,1,'El tutor no tiene disponibilidad',3,'2024-07-05 00:45:04',NULL,1,'2024-07-05 00:45:04','2024-07-05 00:47:56',68,90);
/*!40000 ALTER TABLE `SolicitudTutorFijo` ENABLE KEYS */;
UNLOCK TABLES;

--
-- Table structure for table `TipoFormato`
--

DROP TABLE IF EXISTS `TipoFormato`;
/*!40101 SET @saved_cs_client     = @@character_set_client */;
/*!50503 SET character_set_client = utf8mb4 */;
CREATE TABLE `TipoFormato` (
  `id_tipoFormato` int NOT NULL AUTO_INCREMENT,
  `nombre` varchar(255) NOT NULL,
  `descripcion` varchar(255) DEFAULT NULL,
  `esActivo` tinyint(1) NOT NULL DEFAULT '1',
  `fechaCreacion` datetime NOT NULL DEFAULT CURRENT_TIMESTAMP,
  `fechaActualizacion` datetime NOT NULL DEFAULT CURRENT_TIMESTAMP ON UPDATE CURRENT_TIMESTAMP,
  PRIMARY KEY (`id_tipoFormato`)
) ENGINE=InnoDB AUTO_INCREMENT=3 DEFAULT CHARSET=utf8mb4 COLLATE=utf8mb4_0900_ai_ci;
/*!40101 SET character_set_client = @saved_cs_client */;

--
-- Dumping data for table `TipoFormato`
--

LOCK TABLES `TipoFormato` WRITE;
/*!40000 ALTER TABLE `TipoFormato` DISABLE KEYS */;
INSERT INTO `TipoFormato` VALUES (1,'Individual',NULL,1,'2024-05-22 18:39:33','2024-05-22 18:39:33'),(2,'Grupal',NULL,1,'2024-05-22 18:39:38','2024-05-22 18:39:38');
/*!40000 ALTER TABLE `TipoFormato` ENABLE KEYS */;
UNLOCK TABLES;

--
-- Table structure for table `TipoModalidad`
--

DROP TABLE IF EXISTS `TipoModalidad`;
/*!40101 SET @saved_cs_client     = @@character_set_client */;
/*!50503 SET character_set_client = utf8mb4 */;
CREATE TABLE `TipoModalidad` (
  `id_tipoModalidad` int NOT NULL AUTO_INCREMENT,
  `nombre` varchar(100) DEFAULT NULL,
  `descripcion` varchar(100) DEFAULT NULL,
  `esActivo` tinyint NOT NULL DEFAULT '1',
  `fechaCreacion` datetime DEFAULT CURRENT_TIMESTAMP,
  `fechaActualizacion` datetime DEFAULT CURRENT_TIMESTAMP ON UPDATE CURRENT_TIMESTAMP,
  PRIMARY KEY (`id_tipoModalidad`)
) ENGINE=InnoDB AUTO_INCREMENT=3 DEFAULT CHARSET=utf8mb4 COLLATE=utf8mb4_0900_ai_ci;
/*!40101 SET character_set_client = @saved_cs_client */;

--
-- Dumping data for table `TipoModalidad`
--

LOCK TABLES `TipoModalidad` WRITE;
/*!40000 ALTER TABLE `TipoModalidad` DISABLE KEYS */;
INSERT INTO `TipoModalidad` VALUES (1,'Presencial','Sesiones que se llevan a cabo en un entorno fsico, en presencia del tutor y el alumno.',1,'2024-05-22 22:18:10','2024-05-22 22:18:10'),(2,'Virtual','Sesiones que se llevan a cabo de manera virtual.',1,'2024-05-22 22:18:40','2024-05-22 22:18:40');
/*!40000 ALTER TABLE `TipoModalidad` ENABLE KEYS */;
UNLOCK TABLES;

--
-- Table structure for table `TipoObligatoriedad`
--

DROP TABLE IF EXISTS `TipoObligatoriedad`;
/*!40101 SET @saved_cs_client     = @@character_set_client */;
/*!50503 SET character_set_client = utf8mb4 */;
CREATE TABLE `TipoObligatoriedad` (
  `id_tipoObligatoriedad` int NOT NULL AUTO_INCREMENT,
  `nombre` varchar(255) NOT NULL,
  `descripcion` varchar(255) DEFAULT NULL,
  `esActivo` tinyint(1) NOT NULL DEFAULT '1',
  `fechaCreacion` datetime NOT NULL DEFAULT CURRENT_TIMESTAMP,
  `fechaActualizacion` datetime NOT NULL DEFAULT CURRENT_TIMESTAMP ON UPDATE CURRENT_TIMESTAMP,
  PRIMARY KEY (`id_tipoObligatoriedad`)
) ENGINE=InnoDB AUTO_INCREMENT=3 DEFAULT CHARSET=utf8mb4 COLLATE=utf8mb4_0900_ai_ci;
/*!40101 SET character_set_client = @saved_cs_client */;

--
-- Dumping data for table `TipoObligatoriedad`
--

LOCK TABLES `TipoObligatoriedad` WRITE;
/*!40000 ALTER TABLE `TipoObligatoriedad` DISABLE KEYS */;
INSERT INTO `TipoObligatoriedad` VALUES (1,'Obligatorio',NULL,1,'2024-05-22 18:37:10','2024-05-22 18:37:10'),(2,'Opcional',NULL,1,'2024-05-22 18:37:15','2024-05-22 18:37:15');
/*!40000 ALTER TABLE `TipoObligatoriedad` ENABLE KEYS */;
UNLOCK TABLES;

--
-- Table structure for table `TipoPermanencia`
--

DROP TABLE IF EXISTS `TipoPermanencia`;
/*!40101 SET @saved_cs_client     = @@character_set_client */;
/*!50503 SET character_set_client = utf8mb4 */;
CREATE TABLE `TipoPermanencia` (
  `id_tipoPermanencia` int NOT NULL AUTO_INCREMENT,
  `nombre` varchar(255) NOT NULL,
  `descripcion` varchar(255) DEFAULT NULL,
  `esActivo` tinyint(1) NOT NULL DEFAULT '1',
  `fechaCreacion` datetime NOT NULL DEFAULT CURRENT_TIMESTAMP,
  `fechaActualizacion` datetime NOT NULL DEFAULT CURRENT_TIMESTAMP ON UPDATE CURRENT_TIMESTAMP,
  PRIMARY KEY (`id_tipoPermanencia`)
) ENGINE=InnoDB AUTO_INCREMENT=3 DEFAULT CHARSET=utf8mb4 COLLATE=utf8mb4_0900_ai_ci;
/*!40101 SET character_set_client = @saved_cs_client */;

--
-- Dumping data for table `TipoPermanencia`
--

LOCK TABLES `TipoPermanencia` WRITE;
/*!40000 ALTER TABLE `TipoPermanencia` DISABLE KEYS */;
INSERT INTO `TipoPermanencia` VALUES (1,'Permanente',NULL,1,'2024-05-22 18:40:14','2024-05-22 18:40:14'),(2,'Temporal',NULL,1,'2024-05-22 18:40:15','2024-05-22 18:40:15');
/*!40000 ALTER TABLE `TipoPermanencia` ENABLE KEYS */;
UNLOCK TABLES;

--
-- Table structure for table `TipoTutor`
--

DROP TABLE IF EXISTS `TipoTutor`;
/*!40101 SET @saved_cs_client     = @@character_set_client */;
/*!50503 SET character_set_client = utf8mb4 */;
CREATE TABLE `TipoTutor` (
  `id_tipoTutor` int NOT NULL AUTO_INCREMENT,
  `nombre` varchar(255) NOT NULL,
  `descripcion` varchar(255) DEFAULT NULL,
  `esActivo` tinyint(1) NOT NULL DEFAULT '1',
  `fechaCreacion` datetime NOT NULL DEFAULT CURRENT_TIMESTAMP,
  `fechaActualizacion` datetime NOT NULL DEFAULT CURRENT_TIMESTAMP ON UPDATE CURRENT_TIMESTAMP,
  PRIMARY KEY (`id_tipoTutor`)
) ENGINE=InnoDB AUTO_INCREMENT=3 DEFAULT CHARSET=utf8mb4 COLLATE=utf8mb4_0900_ai_ci;
/*!40101 SET character_set_client = @saved_cs_client */;

--
-- Dumping data for table `TipoTutor`
--

LOCK TABLES `TipoTutor` WRITE;
/*!40000 ALTER TABLE `TipoTutor` DISABLE KEYS */;
INSERT INTO `TipoTutor` VALUES (1,'Variable',NULL,1,'2024-05-22 18:40:00','2024-05-22 18:40:00'),(2,'Fijo',NULL,1,'2024-05-22 18:40:03','2024-05-22 18:40:03');
/*!40000 ALTER TABLE `TipoTutor` ENABLE KEYS */;
UNLOCK TABLES;

--
-- Table structure for table `TipoTutoria`
--

DROP TABLE IF EXISTS `TipoTutoria`;
/*!40101 SET @saved_cs_client     = @@character_set_client */;
/*!50503 SET character_set_client = utf8mb4 */;
CREATE TABLE `TipoTutoria` (
  `id_tipoTutoria` int NOT NULL AUTO_INCREMENT,
  `nombre` varchar(255) NOT NULL,
  `lugar` varchar(255) DEFAULT NULL,
  `fid_tipoObligatoriedad` int DEFAULT NULL,
  `fid_tipoPermanencia` int DEFAULT NULL,
  `fid_tipoTutor` int DEFAULT NULL,
  `fid_tipoFormato` int DEFAULT NULL,
  `esActivo` tinyint(1) NOT NULL DEFAULT '1',
  `fechaCreacion` datetime NOT NULL DEFAULT CURRENT_TIMESTAMP,
  `fechaActualizacion` datetime NOT NULL DEFAULT CURRENT_TIMESTAMP ON UPDATE CURRENT_TIMESTAMP,
  `fid_facultad` int DEFAULT NULL,
  `fid_programa` int DEFAULT NULL,
  PRIMARY KEY (`id_tipoTutoria`),
  KEY `fid_tipoObligatoriedad` (`fid_tipoObligatoriedad`),
  KEY `fid_tipoPermanencia` (`fid_tipoPermanencia`),
  KEY `fid_tipoTutor` (`fid_tipoTutor`),
  KEY `fid_tipoFormato` (`fid_tipoFormato`),
  KEY `TipoTutoria_fid_facultad_foreign_idx` (`fid_facultad`),
  KEY `TipoTutoria_fid_programa_foreign_idx` (`fid_programa`),
  CONSTRAINT `TipoTutoria_fid_facultad_foreign_idx` FOREIGN KEY (`fid_facultad`) REFERENCES `Facultad` (`id_facultad`),
  CONSTRAINT `TipoTutoria_fid_programa_foreign_idx` FOREIGN KEY (`fid_programa`) REFERENCES `Programa` (`id_programa`),
  CONSTRAINT `TipoTutoria_ibfk_1` FOREIGN KEY (`fid_tipoObligatoriedad`) REFERENCES `TipoObligatoriedad` (`id_tipoObligatoriedad`),
  CONSTRAINT `TipoTutoria_ibfk_2` FOREIGN KEY (`fid_tipoPermanencia`) REFERENCES `TipoPermanencia` (`id_tipoPermanencia`),
  CONSTRAINT `TipoTutoria_ibfk_3` FOREIGN KEY (`fid_tipoTutor`) REFERENCES `TipoTutor` (`id_tipoTutor`),
  CONSTRAINT `TipoTutoria_ibfk_4` FOREIGN KEY (`fid_tipoFormato`) REFERENCES `TipoFormato` (`id_tipoFormato`)
) ENGINE=InnoDB AUTO_INCREMENT=120 DEFAULT CHARSET=utf8mb4 COLLATE=utf8mb4_0900_ai_ci;
/*!40101 SET character_set_client = @saved_cs_client */;

--
-- Dumping data for table `TipoTutoria`
--

LOCK TABLES `TipoTutoria` WRITE;
/*!40000 ALTER TABLE `TipoTutoria` DISABLE KEYS */;
INSERT INTO `TipoTutoria` VALUES (82,'Psicopedaggica',NULL,1,1,2,1,1,'2024-06-16 15:48:03','2024-06-22 22:11:54',1,NULL),(83,'Laborando',NULL,2,1,1,1,1,'2024-06-16 16:00:49','2024-06-23 01:19:35',1,NULL),(84,'Primera Chamba Semanal',NULL,2,2,NULL,2,1,'2024-06-16 16:02:02','2024-06-23 01:18:01',1,NULL),(85,'Ayudando Derecho',NULL,2,1,2,1,1,'2024-06-16 19:49:34','2024-06-16 19:50:34',1,NULL),(86,'Orientacin Profesional',NULL,1,2,2,1,1,'2024-06-16 21:01:04','2024-06-30 05:07:35',1,NULL),(87,'Asesoramiento En Temas Acadmicos',NULL,1,1,2,1,1,'2024-06-17 01:31:52','2024-06-17 01:31:52',1,NULL),(88,'Gestinando Mi Tiempo',NULL,1,1,NULL,1,1,'2024-06-17 01:39:36','2024-06-30 05:33:04',1,NULL),(89,'Tutoria De Liderazgo Y Emprendimiento',NULL,1,2,2,1,1,'2024-06-17 06:10:24','2024-06-30 05:05:00',1,NULL),(90,'Tipo Tutoria Derecho Corporativo',NULL,2,2,2,1,1,'2024-06-24 06:42:14','2024-06-24 06:42:14',NULL,2),(91,'Derecheando',NULL,1,1,2,1,1,'2024-06-27 04:45:27','2024-06-27 04:49:04',1,NULL),(92,'Liderazgo Estudiantil Dos',NULL,2,1,2,1,0,'2024-06-28 16:37:34','2024-06-28 21:26:20',1,NULL),(93,'Liderazgo Estudiantil',NULL,2,2,2,1,1,'2024-06-28 16:45:43','2024-06-28 21:26:10',1,NULL),(94,'Tcnicas De Estudios',NULL,1,1,2,1,1,'2024-06-28 18:31:11','2024-06-30 04:38:01',1,NULL),(95,'Laboral',NULL,1,1,2,1,1,'2024-06-28 20:49:19','2024-06-28 20:49:19',20,NULL),(96,'Mercadotecnica Avanzada',NULL,2,1,1,1,1,'2024-06-28 20:49:47','2024-06-28 20:49:47',20,NULL),(97,'Mercadotecnia Grupal',NULL,1,2,NULL,2,1,'2024-06-28 20:50:02','2024-06-28 20:50:02',20,NULL),(98,'Prueba De Admin',NULL,1,1,1,1,1,'2024-06-28 20:57:06','2024-06-28 20:57:14',20,NULL),(100,'Tutora De Investigacin',NULL,2,2,NULL,1,1,'2024-06-30 04:39:39','2024-06-30 05:31:19',1,NULL),(103,'Tutoria De Apoyo Acadmico',NULL,2,2,2,1,1,'2024-06-30 05:31:50','2024-06-30 06:09:34',1,NULL),(104,'General',NULL,2,1,2,1,1,'2024-07-03 02:32:54','2024-07-03 02:36:09',45,NULL),(105,'Cachimbos',NULL,2,2,2,1,1,'2024-07-03 02:33:27','2024-07-03 02:33:27',45,NULL),(106,'Riesgo',NULL,1,2,NULL,2,1,'2024-07-03 02:33:52','2024-07-03 02:33:52',45,NULL),(107,'Borrar',NULL,2,1,1,1,0,'2024-07-03 02:34:18','2024-07-03 02:34:23',45,NULL),(108,'Profesional',NULL,2,2,2,1,1,'2024-07-03 02:46:52','2024-07-03 02:46:52',45,NULL),(109,'Consejera',NULL,2,1,1,1,1,'2024-07-03 02:57:38','2024-07-03 02:57:38',45,NULL),(110,'General Esp',NULL,2,1,2,1,1,'2024-07-03 03:03:42','2024-07-03 03:03:42',NULL,29),(111,'Prueba Citas Individual',NULL,1,1,2,1,1,'2024-07-03 03:25:35','2024-07-03 03:25:35',1,NULL),(112,'Algoritmia',NULL,2,1,2,1,1,'2024-07-03 19:58:20','2024-07-03 19:58:20',3,NULL),(113,'Tutoria Administrativa',NULL,2,2,2,1,1,'2024-07-03 20:16:54','2024-07-03 20:16:54',NULL,15),(114,'Seguimiento Acadmico',NULL,2,1,2,1,1,'2024-07-03 23:08:47','2024-07-03 23:08:47',1,NULL),(115,'Habilidades Avanzadas De Estudio',NULL,1,1,2,1,1,'2024-07-03 23:11:15','2024-07-03 23:11:15',1,NULL),(116,'Competencias Digitales',NULL,2,1,2,1,1,'2024-07-04 00:39:51','2024-07-04 02:44:27',1,NULL),(117,'Javier Y Sus Amigos',NULL,1,2,2,1,1,'2024-07-04 05:55:20','2024-07-04 05:55:20',1,NULL),(118,'Borrando Derechistas',NULL,2,2,1,1,1,'2024-07-04 17:24:57','2024-07-04 17:24:57',1,NULL),(119,'Cachimbos II',NULL,2,2,NULL,2,1,'2024-07-04 23:17:50','2024-07-04 23:17:58',NULL,25);
/*!40000 ALTER TABLE `TipoTutoria` ENABLE KEYS */;
UNLOCK TABLES;

--
-- Table structure for table `UnidadAcademica`
--

DROP TABLE IF EXISTS `UnidadAcademica`;
/*!40101 SET @saved_cs_client     = @@character_set_client */;
/*!50503 SET character_set_client = utf8mb4 */;
CREATE TABLE `UnidadAcademica` (
  `id_unidad_academica` int NOT NULL AUTO_INCREMENT,
  `nombre` varchar(100) NOT NULL,
  `siglas` varchar(20) NOT NULL,
  `correoDeContacto` varchar(100) NOT NULL,
  `esActivo` tinyint NOT NULL DEFAULT '1',
  `fechaCreacion` datetime DEFAULT CURRENT_TIMESTAMP,
  `fechaActualizacion` datetime DEFAULT CURRENT_TIMESTAMP ON UPDATE CURRENT_TIMESTAMP,
  PRIMARY KEY (`id_unidad_academica`)
) ENGINE=InnoDB AUTO_INCREMENT=31 DEFAULT CHARSET=utf8mb4 COLLATE=utf8mb4_0900_ai_ci;
/*!40101 SET character_set_client = @saved_cs_client */;

--
-- Dumping data for table `UnidadAcademica`
--

LOCK TABLES `UnidadAcademica` WRITE;
/*!40000 ALTER TABLE `UnidadAcademica` DISABLE KEYS */;
INSERT INTO `UnidadAcademica` VALUES (1,'Oficina De Bienestar','OBC','OBC@sample.com',1,'2024-06-16 19:09:35','2024-06-28 17:38:49'),(2,'facultad de prueba actualizada','fpa','actualizado@pucp.edu.pe',0,'2024-06-20 00:26:35','2024-06-23 18:49:49'),(3,'facultad de prueba2','fpd2','a20176800@pucp.edu.pe',0,'2024-06-20 00:26:35','2024-06-28 12:30:31'),(4,'facultad de prueba','fpd1001','20151052@pucp.edu.pe',0,'2024-06-20 00:26:35','2024-06-28 06:50:17'),(5,'facultad de prueba4','fpd4','a20176800@pucp.edu.pe',0,'2024-06-20 00:54:30','2024-06-27 05:30:27'),(6,'facultad de prueba5','fpd5s','a20176800@pucp.edu.pe',0,'2024-06-20 01:01:24','2024-06-28 06:31:58'),(7,'Tes','a45','aaaa@pucp.edu',0,'2024-06-23 18:01:42','2024-06-28 17:39:41'),(8,'Asociacin De Alumnos De Estudios Expertos','AAEE','aaee@gmail.com',0,'2024-06-28 06:50:13','2024-06-29 02:18:01'),(9,'Aa','aaa','aa@gmail.com',0,'2024-06-28 06:55:44','2024-06-30 04:19:24'),(10,'Ww','ww','ww@gmail.com',0,'2024-06-28 06:56:12','2024-06-28 17:39:42'),(11,'Asociacin de Alumnos de Ingeniera Informtica','AAII','aaii@pucp.edu.pe',1,'2024-06-28 12:28:54','2024-06-28 12:28:54'),(12,'Bienestar ciencias','BC','ciencias_bienestar@pucp.pe',1,'2024-06-28 12:28:54','2024-06-29 02:10:41'),(13,'Direccion de Asuntos Estudiantiles','DAES','daes@pucp.pe',1,'2024-06-28 12:28:54','2024-06-28 12:28:54'),(14,'Oficina de Apoyo al Estudiante','OAE','oae@pucp.pe',1,'2024-06-28 12:28:54','2024-06-28 12:28:54'),(15,'Asociacion De Electroshock','AAEE','asociacion.electroshocking@puke.com',1,'2024-06-28 14:15:45','2024-06-28 14:15:45'),(16,'Asociacion De Estudiantes De Electromaquina','AAEE','electrogood@puke.com',1,'2024-06-28 14:16:36','2024-06-28 14:16:36'),(17,'Organizacion De Inteligencia Artificial','OIA','asociacion.electroshocking@puke.com',1,'2024-06-28 14:17:30','2024-06-28 17:38:56'),(18,'Centro De Tutorias Acadmicas','CTA','ota@dominio.sample.com',0,'2024-06-28 16:19:24','2024-06-28 16:26:16'),(19,'Oficina De Asesoramiento Acadmico','OAA','OAA@dominio.sample.com',1,'2024-06-28 16:20:54','2024-06-28 16:20:54'),(20,'Hola','aa','432@fdsaf.com',0,'2024-06-28 17:31:12','2024-06-28 17:39:06'),(21,'Prueba editado','PE','abc1@gmail.com',0,'2024-06-28 20:32:48','2024-06-30 10:16:46'),(22,'Salon de Alumnos Esperados','SAE','sae@pucp.pe',1,'2024-06-29 02:19:29','2024-06-29 02:19:29'),(23,'Oficina de Orientacion e Informacin al Alumno','OOIA','ooia@pucp.edu.pe',1,'2024-06-29 02:19:29','2024-06-29 02:19:29'),(24,'Asociacin de Estudiantes Sociales','AES','aes@pucp.edu.pe',1,'2024-06-29 02:19:29','2024-06-30 12:08:55'),(27,'Centro De Informes Normativos','CIN','cin@pucp.edu.pe',1,'2024-07-02 02:41:32','2024-07-02 02:41:32'),(28,'Area','AAIA','area1234@gmail.com',1,'2024-07-03 01:34:41','2024-07-03 01:34:41'),(29,'Area De Recursos','ARRR','arearrr@gmail.com',1,'2024-07-03 01:39:23','2024-07-03 01:39:23'),(30,'Oficina De Becas 1','bec1','becas123@pucp.edu.pe',0,'2024-07-03 02:25:24','2024-07-03 02:25:50');
/*!40000 ALTER TABLE `UnidadAcademica` ENABLE KEYS */;
UNLOCK TABLES;

--
-- Table structure for table `Usuario`
--

DROP TABLE IF EXISTS `Usuario`;
/*!40101 SET @saved_cs_client     = @@character_set_client */;
/*!50503 SET character_set_client = utf8mb4 */;
CREATE TABLE `Usuario` (
  `id_usuario` int NOT NULL AUTO_INCREMENT,
  `nombres` varchar(255) NOT NULL,
  `primerApellido` varchar(255) NOT NULL,
  `segundoApellido` varchar(255) DEFAULT NULL,
  `email` varchar(255) NOT NULL,
  `contrasenha` varchar(255) NOT NULL,
  `esActivo` tinyint(1) NOT NULL DEFAULT '1',
  `codigo` varchar(8) DEFAULT NULL,
  `imagen` varchar(255) DEFAULT NULL,
  `fechaCreacion` datetime NOT NULL DEFAULT CURRENT_TIMESTAMP,
  `fechaActualizacion` datetime NOT NULL DEFAULT CURRENT_TIMESTAMP,
  `fid_facultad` int DEFAULT NULL,
  `fid_programa` int DEFAULT NULL,
  PRIMARY KEY (`id_usuario`),
  KEY `Usuario_fid_facultad_foreign_idx` (`fid_facultad`),
  KEY `Usuario_fid_programa_foreign_idx` (`fid_programa`),
  CONSTRAINT `Usuario_fid_facultad_foreign_idx` FOREIGN KEY (`fid_facultad`) REFERENCES `Facultad` (`id_facultad`),
  CONSTRAINT `Usuario_fid_programa_foreign_idx` FOREIGN KEY (`fid_programa`) REFERENCES `Programa` (`id_programa`)
) ENGINE=InnoDB AUTO_INCREMENT=306 DEFAULT CHARSET=utf8mb4 COLLATE=utf8mb4_0900_ai_ci;
/*!40101 SET character_set_client = @saved_cs_client */;

--
-- Dumping data for table `Usuario`
--

LOCK TABLES `Usuario` WRITE;
/*!40000 ALTER TABLE `Usuario` DISABLE KEYS */;
INSERT INTO `Usuario` VALUES (1,'Yahyr','Perez','Gavilan','a20176800@pucp.edu.pe','$2a$10$Nvt9muOIf/hke0pHyc/ele57IYGuP3zi8MtedLJvGKmzqFljrH9Qe',1,'20176800','https://ui-avatars.com/api/?name=Y&color=fff&background=5696D1&size=100','2024-06-16 04:38:57','2024-06-16 04:38:57',NULL,NULL),(2,'Samuel','Rodriguez','','yahyrperez@gmail.com','$2a$10$6B8EladTG6.0QJlT8bvW8ew98TTtJOBRQvEiMQbXhd6nVJ9Q.EiNO',1,'20198451','https://ui-avatars.com/api/?name=S&color=fff&background=5FD99C&size=100','2024-06-16 05:07:42','2024-06-30 14:57:20',1,NULL),(3,'Yvann','Hernandez','Nuez','hernandez.yvan@hotmail.com','$2a$10$LwxvfMkjNWVgaGHUBocCEeF.18CUjOPIk00aPMsnJDAr3AXlFF5Pa',1,'20151025','https://ui-avatars.com/api/?name=A&color=fff&background=766C07&size=100','2024-06-16 05:13:14','2024-06-30 14:53:30',NULL,NULL),(4,'Brando','Romero','Rojas','a20191088@pucp.edu.pe','$2a$10$eSt9XcbBTVMPZO6NOTfg1OPsqFmAN4oB/mPEjDryRSQDVntUZGzzC',1,'20184987','https://ui-avatars.com/api/?name=B&color=fff&background=5012E7&size=100','2024-06-16 05:37:01','2024-07-04 23:29:48',1,53),(6,'Jose','Pereda','Marquez','20176845@dominio.com','$2a$10$Dfgu0ZWovjwRCJANjrYUHewMBpxTWaTas6oZs97mmbBoAtbP.2mCy',1,'20176845','https://ui-avatars.com/api/?name=J&color=fff&background=67BC2E&size=100','2024-06-16 05:44:47','2024-06-23 18:00:02',1,NULL),(7,'Sofia','Zavala','','20189454@dominio.com','$2a$10$y4x1hr0rHN0tbrd6Km0XP.GA7W9lFiQ8GxrRcZ2nxcCYRS88kvQX.',1,'20189454','https://ui-avatars.com/api/?name=S&color=fff&background=38DF65&size=100','2024-06-16 05:50:11','2024-06-30 15:09:42',20,NULL),(8,'Pedro','Martinez','Saavedra','20157545@dominio.com','$2a$10$ZjWM9yO9KF1dgTXPtsgOgeC274VVZuqZdaIIvkfal5UkIu0x5r80O',1,'20157545','https://ui-avatars.com/api/?name=P&color=fff&background=A04003&size=100','2024-06-16 05:56:41','2024-06-17 04:04:41',1,NULL),(9,'Maricielo','Rodriguez','Pereda','20149784@domnio.com','$2a$10$eP4n4siBpJOQA1tQj3zV9OfhynxoFdfRe7db.yhTs3UZX6jGE99pm',1,'20149784','https://ui-avatars.com/api/?name=M&color=fff&background=63B8D6&size=100','2024-06-16 05:59:20','2024-06-16 05:59:20',1,NULL),(10,'Jeanpierre','Velasquez','Valdz','20004684@dominio.com','$2a$10$tWnAfFGCn0v8oI/NQCrXTOdygK3ezwNM4ZC/fmX4HGgQAdkc5L3PC',1,'20004684','https://ui-avatars.com/api/?name=J&color=fff&background=481905&size=100','2024-06-16 06:01:42','2024-07-04 22:03:53',20,NULL),(11,'Marcelo','Paitn','Li','20185457@dominio.com','$2a$10$bY372.znbl8RXY.v.6gvqewIS05naUxVP0QdyPWnVgwxWI9pcdQjS',1,'20185457','https://ui-avatars.com/api/?name=M&color=fff&background=31D28B&size=100','2024-06-16 06:03:11','2024-06-16 06:03:11',3,NULL),(12,'Marco','Urbay','Fernndez','20148454@dominio.com','$2a$10$Ms2Jj6b0GEAYprEQR1bvG.ImN0/2Nu/Xvbrz2tcWoswkzPznXIbN.',1,'20148454','https://ui-avatars.com/api/?name=M&color=fff&background=C2CE83&size=100','2024-06-16 06:05:18','2024-06-16 06:05:18',1,NULL),(13,'Melisa','Quispe','Hernandez','20198454@dominio.com','$2a$10$scookg3bj78d060Jq8mHxeQCPWy4qYC.4swod.fjQlTrJPQc0uTbi',1,'20198454','https://ui-avatars.com/api/?name=M&color=fff&background=91515C&size=100','2024-06-16 06:06:58','2024-06-16 16:40:12',3,NULL),(14,'Kevin','Jara','Palermo','20185454@dominio.com','$2a$10$TfaWYV3gUKbfGj4mlne7F.KtVNaaKeml6JxGoBrJ.PCepJgK/GfI.',1,'20185454','https://ui-avatars.com/api/?name=K&color=fff&background=D16D7E&size=100','2024-06-16 06:11:15','2024-06-28 04:57:11',6,22),(15,'Cristian','Retamozo','Altamirano','20116484@dominio.com','$2a$10$zRXaYBR2C8IPhFUNey7G3.GPiZ0.vnTemE.AEUMH43euFdZNZ0pnO',1,'20116484','https://ui-avatars.com/api/?name=C&color=fff&background=812746&size=100','2024-06-16 06:17:20','2024-06-16 16:33:51',3,NULL),(16,'Fernando','Nuez','Garcia','20157845@dominio.com','$2a$10$BtGLkgQKSJtyMFjKkK.pZec.AtNO4YOFpPU22NI5OOZU/KkFUxbZu',1,'20157845','https://ui-avatars.com/api/?name=F&color=fff&background=9E7C27&size=100','2024-06-16 06:21:18','2024-06-16 16:12:00',3,NULL),(32,'Marco','Aldani','Facundo','marco.aldani@puke.com','$2a$10$uxINQRqWwbG.7tIiEzZw7OvQL5LuhIDPbAXtodXkR6wzsv//OBJNu',0,'00000012','https://ui-avatars.com/api/?name=M&color=fff&background=E84F00&size=100','2024-06-16 15:03:30','2024-06-28 13:48:58',3,NULL),(34,'Morrito','Morris','Monzon','morrito.mon@puke.com','$2a$10$5hMKhmb9tqldClBFBfP1zO0/spdyI2.I9he4Kkmwouzdkw0peJSkG',1,'20201751','https://ui-avatars.com/api/?name=M&color=fff&background=C64CF9&size=100','2024-06-16 16:27:32','2024-06-16 16:27:32',1,NULL),(35,'Melany','Carranza','Judeas','melany.carr@puke.com','$2a$10$vUk1mJFE6yiaEPjouXmQr.U9cm1fz07mSo/erXS6/Iblml86YIwQe',1,'20185478','https://ui-avatars.com/api/?name=M&color=fff&background=86FFC8&size=100','2024-06-16 16:34:03','2024-06-16 16:34:03',1,2),(36,'Axel','Pancc','Lee','a20180115@pucp.edu.pe','$2a$10$xJKyp7bh8UhAVdajh6mWuOOD01GVmsfAAzOdc2aN1OJV0dr0LWVNW',1,'20180116','https://ui-avatars.com/api/?name=A&color=fff&background=9E9E72&size=100','2024-06-16 16:58:44','2024-06-24 06:46:22',6,19),(39,'Mauricio','Murrieta','Kun','mauricio.murrieta@puke.com','$2a$10$7xvG66mP04b0tAOCz0kyCOgQCpn99S.5Joh15XU7Kt3hBRqGQ40le',1,'20115780','https://ui-avatars.com/api/?name=M&color=fff&background=242383&size=100','2024-06-16 17:24:20','2024-06-30 06:37:50',1,17),(40,'Marthita','Garatea','Valle','marthi.gara@puketi.com','$2a$10$Nt2eZYVn/8H6/vMPQythD.pCTYTz5xqCPv08KRtZOY5aQ.lCNW6rq',1,'20189246','https://ui-avatars.com/api/?name=M&color=fff&background=6D5323&size=100','2024-06-16 18:11:51','2024-07-02 04:05:00',23,NULL),(41,'Carlos','Marx','Mestanza','carlos@mestanza.com','$2a$10$KaqbY79pd42n29E9bdBx8.gIdCpjmEBnGXCUHEHOU2HIUEPgCgziO',1,'21245451','https://ui-avatars.com/api/?name=C&color=fff&background=87E9EC&size=100','2024-06-16 19:19:49','2024-07-04 20:02:15',1,NULL),(42,'Jorge','Mercado','Fassioli','jorge.merc@puke.com','$2a$10$YthxQGKDGtc0OjpHDobYZeorW3lEVAAVzyzIp7SIwzTJpzMp1ZNky',1,'12314512','https://ui-avatars.com/api/?name=J&color=fff&background=C0FE88&size=100','2024-06-16 19:22:04','2024-06-16 19:22:04',1,16),(43,'Alex','Rodriguez','Patinho','alexpanli4@hotmail.com','$2a$10$IlAXPckog/wDaJMIiJ4RlewnCV96lojvCvUvWBOfpGHSQHfJ8mHFa',1,'20123452','https://ui-avatars.com/api/?name=A&color=fff&background=0B0D7C&size=100','2024-06-16 19:23:06','2024-06-16 19:23:06',1,17),(64,'Martin','Alvarez','Rodriguez','martin.alvarez@dominio.com','$2a$10$NTlOTgZA5hTnZibl2P.hce8avU2fsl8hYMEu5LuBU2.ocWpWFtn4C',1,'34567890','https://ui-avatars.com/api/?name=M&color=fff&background=39A79E&size=100','2024-06-16 21:32:14','2024-06-17 04:09:47',1,3),(65,'Edgardo','Solis','Cornelio','a20202467@pucp.edu.pe','$2a$10$25lyLe2sCnS4QvnWgXo04e5ibnC7B4VBIiv9xXbz0AHSRLaNxRuWK',1,'20202467','https://ui-avatars.com/api/?name=E&color=fff&background=7511CF&size=100','2024-06-16 21:38:02','2024-06-16 21:38:02',3,NULL),(66,'Roni','Cueva','Melgarejo','roni.cueva@puke.com','$2a$10$O5P/8MWWglkGVr8g0ArZf.InIkAK3.mpd5rRs0h9HPoXnENDGyqty',1,'20123422','https://ui-avatars.com/api/?name=R&color=fff&background=5E3879&size=100','2024-06-17 02:20:49','2024-06-17 03:14:21',1,18),(67,'Micayla','Fernandez','Woods','juliodelgadov65@gmail.com','$2a$10$wPcsF4pbQAth8YfUtVT4WOQe6nO4q4uogKrCARUJc8N8gEGaQiH1K',0,'20150123','https://ui-avatars.com/api/?name=M&color=fff&background=19186C&size=100','2024-06-17 02:40:39','2024-06-30 02:00:17',1,NULL),(68,'Julio Guillermo','Delgado','Cercado','julio.delgado@pucp.edu.pe','$2a$10$ECtyYcW0ug6v9lY7RhXdfezocJ6.XGZ7fIR037tBk1UhAfAJn6aqG',1,'20201651','https://ui-avatars.com/api/?name=J&color=fff&background=069383&size=100','2024-06-17 04:04:12','2024-07-04 20:11:33',1,2),(69,'Fernando','Cisneros','','fernando@domnio.com','$2a$10$J6/jj7J5rIspEqQlLm9JzuyebWRbNf3lDe7f2NN6yKSISbOOWG0KG',1,'20168474','https://ui-avatars.com/api/?name=F&color=fff&background=0C4546&size=100','2024-06-17 04:43:43','2024-07-04 22:04:07',NULL,NULL),(70,'Maricielo','Sanchez','Hernndez','Maricielo@domnio.com','$2a$10$3pys1a.MxZxQXRN1pxbiCOguy03Sx0HlTa4eL4sm0OPPSryEw5bQ6',1,'20146848','https://ui-avatars.com/api/?name=M&color=fff&background=2BF4D0&size=100','2024-06-17 04:44:27','2024-07-02 04:05:49',43,NULL),(71,'Luis','Marquez','Hernandez','luis.marquez@ejemplo.com','$2a$10$31Rp39aSyDUTyn2CKsTTg.S9rYszy7wvlsWWfk1ss.6Hsh.ndZuxK',1,'13579246','https://ui-avatars.com/api/?name=L&color=fff&background=2CAC26&size=100','2024-06-17 05:04:21','2024-07-02 03:04:33',42,NULL),(72,'Sofia','Mendoza','Rodriguez','sofia.mendoza@ejemplo.com','$2a$10$d16hrZ2CMTjWOaYba9zZFeWh6xvbnFre2dvyPEpu9skgwzr.yakS2',1,'24681357','https://ui-avatars.com/api/?name=S&color=fff&background=8A6B01&size=100','2024-06-17 05:05:31','2024-07-03 02:24:05',45,NULL),(73,'Alejandro','Gonzalez','Fernandez','alejandro.gonzalez@ejemplo.com','$2a$10$hdMy2ANAZ9x2MC.lyOkeYOh2SvNPuT.7x203QbkM8NMBdId/fSq1O',1,'35792468','https://ui-avatars.com/api/?name=A&color=fff&background=039523&size=100','2024-06-17 05:07:54','2024-07-02 01:49:33',39,NULL),(74,'Valeria','Alonso','Martinez','vale.alonso@ejemplo.com','$2a$10$oM3E8g51kB1ey5MBC/y88OX6XVoCPHUxkUfZhgBQyKGBRVQ/KT20e',1,'46813579','https://ui-avatars.com/api/?name=V&color=fff&background=7FC04C&size=100','2024-06-17 05:10:06','2024-07-04 19:49:46',1,NULL),(75,'Juan Carlos','Perez','Sanchez','juancarlos.perez@ejemplo.com','$2a$10$Oiwv24YdPh1pfH69dE.F6ucSoVk0s.twtQtm7L1aH9CHPDABxOgai',1,'57924681','https://ui-avatars.com/api/?name=J&color=fff&background=665D27&size=100','2024-06-17 05:12:09','2024-07-04 04:18:47',1,NULL),(76,'Andrea','Rivas','Moreno','andrea.r@ejemplo.com','$2a$10$uET4SBXXHtJsTQRQY/OBQOzmJyuRzXy46ydgHhn9Ya0JN3HQABLLi',1,'68135792','https://ui-avatars.com/api/?name=A&color=fff&background=C193DB&size=100','2024-06-17 05:12:12','2024-07-04 04:37:07',NULL,NULL),(77,'Miguel','Jimenez','Garcia','miguel.jimenez@ejemplo.com','$2a$10$9tadAQX0IGE7M6oLGoCIBu2oprz3W6eXUlHDBiyrhEEfCjaCgrdiK',1,'79246813','https://ui-avatars.com/api/?name=M&color=fff&background=F59561&size=100','2024-06-17 05:12:15','2024-07-04 04:17:42',1,NULL),(78,'Carolina','Castro','Rodriguez','carolina.castro@ejemplo.com','$2a$10$HHNzGQ14MERYw0ua6nRvuuLggd2sy5Fsb6ksO/nyupzqIJEgjsxYS',1,'81357924','https://ui-avatars.com/api/?name=C&color=fff&background=8A6F2A&size=100','2024-06-17 05:12:18','2024-06-17 05:12:18',NULL,NULL),(79,'Lucas','Rodriguez','Martinez','lucas.rodriguez@ejemplo.com','$2a$10$KwztIdvlDbnJXSlA7G6pvetRZdrQude0sH608/Ppx.oX.zRLTpQce',1,'92468135','https://ui-avatars.com/api/?name=L&color=fff&background=415159&size=100','2024-06-17 05:12:21','2024-06-17 05:12:21',NULL,NULL),(80,'Juliana','Flores','Lopez','juliana.flores@ejemplo.com','$2a$10$FDwDvsADpITdAka5j29hkuqrSuGz2YGsWuG1rXS4YpJvrWcs4lA6G',1,'24681355','https://ui-avatars.com/api/?name=J&color=fff&background=187293&size=100','2024-06-17 05:12:24','2024-07-03 02:10:10',NULL,NULL),(81,'Luisa Fernanda','Guerrero','Ortiz','lfguerrero@gmail.com','$2a$10$6lf7uZBamYYZF6Sok08.4Oau0x4c8gYHBznzYvn2NmMCb21b9IxXe',1,'82364951','https://ui-avatars.com/api/?name=L&color=fff&background=CDE5C7&size=100','2024-06-17 05:12:27','2024-06-28 15:41:51',NULL,NULL),(82,'Rafael Joaqun','Villanueva','Campos','rjvillanueva@pucp.edu.pe','$2a$10$7LsqHgVIMT1naz5SPSvZTe1LufLURTa1k5jZYAIOYukqqLelKF6mG',1,'36549201','https://ui-avatars.com/api/?name=R&color=fff&background=B4C730&size=100','2024-06-17 05:12:30','2024-06-17 05:12:30',NULL,NULL),(83,'Beatriz Elena','Martnez','Suarez','bemartinez@gmail.com','$2a$10$gsJnI.wkPXFJnxEMXTd6b..5q1CVJIQ8dDZ8S2xoUMtxx26YZAEFi',1,'76459012','https://ui-avatars.com/api/?name=B&color=fff&background=E1A560&size=100','2024-06-17 05:12:33','2024-07-04 16:37:09',1,50),(84,'Marco Antonio','Reyes','Delgado','mareyes@pucp.edu.pe','$2a$10$1QyefGWH8hC40NqhXZFQ8e6xMqkNWOdzXCn/.38ju7lyEvV1h.os2',1,'29056183','https://ui-avatars.com/api/?name=M&color=fff&background=999911&size=100','2024-06-17 05:13:00','2024-06-17 05:13:00',NULL,NULL),(85,'Patricia Alejandra','Castro','Gomez','pacastro@gmail.com','$2a$10$TPq8kWzk9i7YVWsY.VKHbODYvl2hwQ5QBg45v1HVo8UkMR8USY4gq',1,'65231904','https://ui-avatars.com/api/?name=P&color=fff&background=7BA3AE&size=100','2024-06-17 05:13:24','2024-06-17 05:13:24',NULL,NULL),(86,'Fernando Jos','Salazar','Paredes','fjsalazar@pucp.edu.pe','$2a$10$lKi/zaAX8xYe31jb4nUyCOLsnR866CDx4xNwhUfxk3xsvAAb1pwMe',1,'43816597','https://ui-avatars.com/api/?name=F&color=fff&background=2EDA64&size=100','2024-06-17 05:16:21','2024-06-17 05:16:21',NULL,NULL),(87,'Diana Carolina','Torres','Flores','dctorres@gmail.com','$2a$10$n1H.wzZLyyYIPqO8rJeB3OewS2I2Tuv9d9TmvRDlvM9ei5kufjhr6',1,'92834756','https://ui-avatars.com/api/?name=D&color=fff&background=F262A8&size=100','2024-06-17 05:16:57','2024-06-17 05:16:57',NULL,NULL),(88,'Gabriel Enrique','Mendoza','Rivera','gemendoza@pucp.edu.pe','$2a$10$kn3/hPYgcHRVH2dHCHH4deGHtj02UDxqgK1OtfxeYqzkMCW2x4qvG',1,'15423689','https://ui-avatars.com/api/?name=G&color=fff&background=980371&size=100','2024-06-17 05:17:29','2024-06-17 05:17:29',NULL,NULL),(89,'Camila Estefana','Bravo','Moreno','cebravo@gmail.com','$2a$10$Gq3KkH0Umf9duGww6Fgr..Svwuv/nF405Fd3H7RbOXx.emx1mYyxW',1,'36174820','https://ui-avatars.com/api/?name=C&color=fff&background=6ED796&size=100','2024-06-17 05:17:46','2024-06-17 05:17:46',NULL,NULL),(90,'Andrs Miguel','Rodrguez','Lpez','amrodriguez@pucp.edu.pe','$2a$10$gf0avB0ok3dtwMspx7n2zOGDzq74F1aadHA2ERqFfNnaU9dO.idzO',1,'50427138','https://ui-avatars.com/api/?name=A&color=fff&background=0638FA&size=100','2024-06-17 05:18:20','2024-06-17 05:18:20',NULL,NULL),(91,'Andres','Lujan','Mestanza','20154455@dominio.com','$2a$10$gkSrf/mWumYYge8q1tjiEe7nPfu4yD9VAv7LFewdhZL6JA1GqKbye',1,'20154455','https://ui-avatars.com/api/?name=A&color=fff&background=C0F538&size=100','2024-06-17 05:20:46','2024-07-04 20:02:15',1,NULL),(102,'Karla','Echenique','Rivera','20157587@domnio.com','$2a$10$27xq6qU5AVj4/3W/d.CPweJIwc0qe6L0Ef56U2Oby2raT4jVHJRNe',1,'20157587','https://ui-avatars.com/api/?name=K&color=fff&background=5ADC49&size=100','2024-06-17 05:27:02','2024-07-04 04:17:58',6,NULL),(103,'Carlos','Campos','Suan','20148402@pucp.edu.pe','$2a$10$Fk7EF92zAgmBh1ZFgS17leo8zZZ5dd6S79ATeOVQ/qPBVSjDluNGq',1,'12345678','https://ui-avatars.com/api/?name=C&color=fff&background=16C0F0&size=100','2024-06-17 05:29:50','2024-06-17 05:29:50',1,16),(113,'Mauricio','Pinedo','Hernandez','204154587@dominio.com','$2a$10$ybAzdQmJ/giyCmRi9hzjheCZDe7KQzFJnbsYKbPZU6rp5ont1pyuW',1,'20145458','https://ui-avatars.com/api/?name=M&color=fff&background=6CE3AA&size=100','2024-06-17 05:34:18','2024-06-17 05:35:24',1,2),(114,'Marcelo','Quispe','Sanchez','20148745@dominio.com','$2a$10$EnyLw.xoYeyA0l6rgYYJcuxMxrPI7cLFKRbozniWCNJ0X1EHqq8vS',1,'20148745','https://ui-avatars.com/api/?name=M&color=fff&background=5A19AD&size=100','2024-06-17 05:36:14','2024-07-04 20:02:15',1,NULL),(116,'Marlon','Salinas','Rivera','20167845@domnio.com','$2a$10$IUuIBjaaZ5PcXTFyqGupbum0olbg1ismtdnvgAHK0gkDcB2iUq4Ai',1,'20167845','https://ui-avatars.com/api/?name=M&color=fff&background=0B5B61&size=100','2024-06-17 05:36:44','2024-06-17 05:36:44',1,3),(117,'Carmen','Rosa','Jaramillo','carmen.rosa@gmail.com','$2a$10$0PE9/ZCpJMo3qTK76Yqi/uWSYUCmzpiCV9RW.GO3CP9QI9tIncS2K',1,'20201653','https://ui-avatars.com/api/?name=C&color=fff&background=20FC91&size=100','2024-06-17 05:41:42','2024-06-17 05:41:42',1,3),(118,'Oscar','Sarmiento','Cerna','20178454@domnio.com','$2a$10$ZiWPjHHGn9Jx2dAXwtrIZOnPGVKc0odcBafpH1MDTBeE0Gdg3Cz/O',1,'20178454','https://ui-avatars.com/api/?name=O&color=fff&background=F91E25&size=100','2024-06-17 05:46:45','2024-06-17 05:46:45',1,17),(119,'Felipe','Sancho','Madueo','20168754@dominio.com','$2a$10$UdOphIlImXg8cE/mNydYfO2BDxAonfcRb9eZU81YwlvrmKOE/v8uW',1,'20168754','https://ui-avatars.com/api/?name=F&color=fff&background=F455BB&size=100','2024-06-17 05:48:41','2024-06-30 06:37:38',6,19),(120,'Juan Carlos','Martnez','Prez','jcmartinez@gmail.com','$2a$10$dpIf8rS0o9dfbJgnpf17UewX2Qz7TKJSw1Zio8rUW7BXkJtxISVVC',1,'72659382','https://ui-avatars.com/api/?name=J&color=fff&background=37CC84&size=100','2024-06-17 05:50:10','2024-06-17 05:50:10',NULL,NULL),(121,'Ana Sofa','Hernndez','Gonzlez','ashernandez@pucp.edu.pe','$2a$10$G/50C6OTwIpBNfq4NkzwVuJ37Amsup39H4KaQBPA4ntvXbC.uOPXO',1,'91837465','https://ui-avatars.com/api/?name=A&color=fff&background=EB10F7&size=100','2024-06-17 05:50:10','2024-06-17 05:50:10',NULL,NULL),(122,'Diego Fernando','Ramrez','Mendoza','dframirez@dominio.com','$2a$10$TowtWadxAHAb5Z1vsUp0XuFsn7R6rC8/88e9zkBt.1JHi1FGCwVgC',1,'82639475','https://ui-avatars.com/api/?name=D&color=fff&background=58ED00&size=100','2024-06-17 05:54:10','2024-06-30 19:11:18',8,NULL),(123,'Julio Csar','Chvez','Castro','jcchavez@dominio.com','$2a$10$xQ0bQPQIR/NgWxSkUavtFuIZsjJrSz7WZ9U.UYwmfRYF/7gGwcsMy',1,'82936475','https://ui-avatars.com/api/?name=J&color=fff&background=76D132&size=100','2024-06-17 05:54:11','2024-07-04 04:18:24',6,NULL),(124,'Nicols Andrs','Prez','Lpez','naprez@dominio.edu.pe','$2a$10$JI5UbdhuFmrPZeulsgE1aOxQp8zdanXZgpxjaZxd9yUnhvwY6fKZu',1,'72659438','https://ui-avatars.com/api/?name=N&color=fff&background=8EE811&size=100','2024-06-17 05:54:12','2024-07-04 04:30:39',NULL,NULL),(125,'Carla Patricia','Rivera','Torres','cprivera@dominio.com','$2a$10$oN6/VdqZkQ6vkfCUvB0UzuKWQlw43lQrkv.yImOMmUG0ocUo/T/1y',1,'73582964','https://ui-avatars.com/api/?name=C&color=fff&background=E93CFE&size=100','2024-06-17 05:54:13','2024-06-17 05:54:13',NULL,NULL),(126,'Emilio Rafael','Surez','Gmez','ersua@dominio.edu.pe','$2a$10$1qC9oj3RBUy/dfO4r1WmG.2bo/WhKNr.ZF.1p/Go2qXIRqnAfOC0i',1,'91827364','https://ui-avatars.com/api/?name=E&color=fff&background=07577E&size=100','2024-06-17 05:54:14','2024-07-04 04:36:21',NULL,NULL),(127,'Mnica Beatriz','Vargas','Ortiz','mbvargas@dominio.com','$2a$10$HpddZ.fKeiyfwt/Fos2.7uZXcxTlwxRXulTvQLGcjXiIwuAyzAcTy',1,'83729465','https://ui-avatars.com/api/?name=M&color=fff&background=1101EB&size=100','2024-06-17 05:54:15','2024-06-17 05:54:15',NULL,NULL),(128,'Elena Gabriela','Torres','Guerrero','egtorres@dominio.edu.pe','$2a$10$DrROTcu.rxSn7KR.DJZwHeMcybZPI2xCdjzPX1YipK9jR/M3Yyxf6',1,'84629375','https://ui-avatars.com/api/?name=E&color=fff&background=62FE0C&size=100','2024-06-17 05:54:16','2024-06-17 05:54:16',NULL,NULL),(129,'Alejandro','Garza','Suarez','alejandra.garcia@dominio.com','$2a$10$FpA52IRqCvzoJqesm6yboObMLbvuHNFAjQEBIkZSYJl38mLS241wC',1,'12346673','https://ui-avatars.com/api/?name=A&color=fff&background=2419EE&size=100','2024-06-17 06:01:37','2024-06-30 06:37:32',1,16),(130,'Julio','Delgado','Cercado','jdelgado0501@gmail.com','$2a$10$E97BIJuh4ufZVgBLLHUbfOJup/O2I0X2b55fWEPL3OSWei9yCz1r2',1,'20201564','https://ui-avatars.com/api/?name=J&color=fff&background=17413E&size=100','2024-06-17 06:19:31','2024-06-17 06:20:58',1,3),(131,'Leonardo','Pereda','Flint','20001578@sample.com','$2a$10$qf93pKhfp4RcCDH3Aqqfpetoto4F1ruOMPVaJcWjdy3RcK5Pltx/.',1,'20001578','https://ui-avatars.com/api/?name=L&color=fff&background=3B17EE&size=100','2024-06-21 20:58:42','2024-06-28 04:51:50',NULL,NULL),(132,'Pedro','Tarantino','Vivar','19994578@sample.com','$2a$10$8QlO1P1FLkVGGPF6sFf1nOTSy0tp/DZx6NXeMKOaHDknIGycvkW/a',1,'19994578','https://ui-avatars.com/api/?name=P&color=fff&background=2BBD5F&size=100','2024-06-21 20:59:38','2024-06-22 02:58:07',6,NULL),(133,'Juan','Sanchez','Lozano','juanlozano1@pucp.edu.pe','$2a$10$Dh7DAIxVjcZEoisT1OISxu2RLLqFaaO1RKabEGdz8m9a5Ryk9Xq4u',1,'20001718','https://ui-avatars.com/api/?name=J&color=fff&background=A6377F&size=100','2024-06-22 04:59:22','2024-07-04 20:02:15',1,NULL),(134,'Tenorio','Juarez','Perez','abcd@a.com','$2a$10$9vlQqEieiBFGNESe.wmd2uLXH/SXwpr7ysMHF26nvAvy/2m5LX/.6',1,'20015241','https://ui-avatars.com/api/?name=T&color=fff&background=F2D877&size=100','2024-06-23 02:16:58','2024-06-23 19:16:20',8,NULL),(135,'Genaro','Rojas','Perez','genaro@pucp.edu.pe','$2a$10$B4OdSFIsJt0E0xoKyzoZVOdyLEIIFPuEvborWQnLOFZhOTtotugy6',1,'20021254','https://ui-avatars.com/api/?name=G&color=fff&background=21A214&size=100','2024-06-23 02:24:42','2024-06-23 02:29:17',11,NULL),(136,'Yvann','Soto','Peterson','hernandez.yvan@hotmail.com','$2a$10$ybDdaW9hgG7VwDeddSFxqerqhegbU0M4KuVtSXD2yXMnMV8TK2y1a',1,'20151025','https://ui-avatars.com/api/?name=Y&color=fff&background=701B30&size=100','2024-06-23 02:36:57','2024-06-23 18:32:26',12,NULL),(137,'Fernando','Colqui','Perez','brandosi3004@hotmail.com','$2a$10$UTNPjM/C0n8xQ7xnDvvlcOs9g7boIljVY14tFDXP3OuTabwZZclaO',1,'20195241','https://ui-avatars.com/api/?name=F&color=fff&background=52BF7A&size=100','2024-06-23 02:52:18','2024-06-23 02:52:18',12,NULL),(138,'Juan Alex','Perez','Garcia','12365789@gmail.com','$2a$10$4shl7zocS8WpEe0zvUBfmeP3JTv1oAWB6Rd7Ph9WQ53cKDtim3a1y',1,'12365789','https://ui-avatars.com/api/?name=J&color=fff&background=D2245C&size=100','2024-06-24 16:19:59','2024-06-25 00:31:53',3,NULL),(139,'Ricardo','Melendez','Olivo','ricardomelendezao@gmail.com','$2a$10$lc7vX14X/tsb5GhiXr3sfOEjC5xkF7u7j1S4rySw44UYMaMA4bqN6',1,'20200485','https://ui-avatars.com/api/?name=R&color=fff&background=8C96A4&size=100','2024-06-24 16:31:21','2024-06-25 01:05:33',3,NULL),(140,'Alex','Pereza','Garcia','34554312@gmail.com','$2a$10$qSp6LKn1gcfCBuJTZYm2cOIDgAugOfX2JmukoKGcuQZ.wX146riI.',1,'00000446','https://ui-avatars.com/api/?name=A&color=fff&background=5800AD&size=100','2024-06-25 00:56:09','2024-06-28 07:39:47',3,NULL),(141,'Zazxo','Pella','Rios','49878965@gmail.com','$2a$10$j0exABuiONCf6q1YYyd/RuavmXKSvQ8geA7FSg9xxChQr6QKiIzDy',1,'49878965','https://ui-avatars.com/api/?name=Z&color=fff&background=C572A2&size=100','2024-06-25 00:57:41','2024-06-25 00:57:41',1,3),(142,'Tracer','Delgado','Mulla','34567856@gmail.com','$2a$10$fae5xgbrlFzL46UWVkL2Auio3iafUh5C1wnSxnfJCmAWknKsxlHeq',1,'34567856','https://ui-avatars.com/api/?name=T&color=fff&background=370DBC&size=100','2024-06-25 00:58:49','2024-06-28 08:01:42',3,NULL),(143,'Juan Caso','Delmaza','Muzan','20201652@pucp.edu.pe','$2a$10$OWSgmdrPSv3NeO9j7FMFQexqCBDsXp4WOmFeRlJnju2AaSiUSPATC',1,'20201652','https://ui-avatars.com/api/?name=J&color=fff&background=3CC586&size=100','2024-06-27 02:50:47','2024-07-04 04:17:29',6,37),(144,'Alexito','Pro','Li','alex.pan@pucp.edu.pe','$2a$10$dPw6s6ZXHLskGC9.w7BvY.zc0ngAI3xjpQnwxCoZQMssHsMqU80x.',1,'12230123','https://ui-avatars.com/api/?name=A&color=fff&background=1766A6&size=100','2024-06-28 04:13:21','2024-06-30 07:46:13',6,NULL),(145,'Marcos','Aurelio','Ortiz','marco.aurelio.rojas@puke.com','$2a$10$giRJz82.BG/i9Zm0qGAZ8.0JO8f9Rg5A5PIBV1NjqMqrfjalYLN2i',1,'23233452','https://ui-avatars.com/api/?name=M&color=fff&background=A8F1F2&size=100','2024-06-28 05:51:46','2024-06-28 05:51:57',NULL,NULL),(146,'Willy Rogerio','Palomino','Cercado','leguialft0501@gmail.com','$2a$10$bAA4mcn3NsOPPtLV.g0RderSrKgmTrzIRU4uiZPdIcObX403ExQzi',1,'00002893','https://ui-avatars.com/api/?name=W&color=fff&background=0EEDEE&size=100','2024-06-28 07:03:46','2024-06-28 07:03:46',NULL,NULL),(147,'Manny','Packay','Rodas','manny.pacaky@puke.com','$2a$10$XJDChb1gAq7f6pYpgt7ki.JFTZEUXibvq01DPqBbflTWy.ksJILzC',1,'00002331','https://ui-avatars.com/api/?name=M&color=fff&background=37821B&size=100','2024-06-28 13:35:33','2024-06-28 13:36:59',NULL,NULL),(148,'Manuel','Cobrerez','Fuentes','mateo.cobre@puke.com','$2a$10$vbd1w37fZJGIXdGD4VeDruABKQZbZmTEG7KT1zpGxbx.9rpBrzQAW',1,'00b00331','https://ui-avatars.com/api/?name=M&color=fff&background=EBE0CC&size=100','2024-06-28 13:44:41','2024-06-30 06:37:13',1,17),(149,'Camilo','Sesto','Sentido','camilo.sesto@puke.com','$2a$10$S.L.XhQ.TFuDWPEfyOcwPOqxZPkHP/xNqRmcT/dVt7ylUrPwaugP2',1,'00002134','https://ui-avatars.com/api/?name=C&color=fff&background=3A64DD&size=100','2024-06-28 13:47:19','2024-06-28 16:12:19',11,NULL),(150,'Camilo','Cabello','Sentido','camila.cabello@puke.com','$2a$10$aGDHW/xCI0ilGILgIJdk0OrM7pR0xaSJ11AWNSxw8MNJf6J0sOQpi',1,'00000023','https://ui-avatars.com/api/?name=C&color=fff&background=B085D2&size=100','2024-06-28 13:50:43','2024-07-05 02:03:20',3,NULL),(151,'Marco','Bozio','Zapata','marco.bozio@puke.com','$2a$10$/fbAa3dKwFoVnZBMwEq2XeYHDxIFXW2Hc/JRZYxH2CLVtYwnIy93S',0,'00000231','https://ui-avatars.com/api/?name=M&color=fff&background=F22574&size=100','2024-06-28 13:58:09','2024-06-28 15:57:09',7,NULL),(152,'Primo','Martinez','Edgy','primo.martinez@puki.com','$2a$10$rLXWMiTVjLc0MYshxqhXt.UrEcMhDgnxOOU9TDl18BDZnIZuQZtQC',0,'00000268','https://ui-avatars.com/api/?name=P&color=fff&background=3403F0&size=100','2024-06-28 13:58:50','2024-06-30 04:23:03',7,NULL),(153,'Maricielo','Pineda','Alfaro','a00000487@dominio.com','$2a$10$uDnSU2twkbaOhQxD9wyDJuKcEYUm4lQ7dpsjnNDELdA2LESnbj.I2',1,'00000487','https://ui-avatars.com/api/?name=M&color=fff&background=77D257&size=100','2024-06-28 15:33:54','2024-06-28 15:33:54',15,NULL),(154,'Gianluca','Alvarado','Cornejo','00000658@dominio.sample.com','$2a$10$LAsdd98aF8WKpW42aJaqBOEvHkAsxO0m.EMan9WiVVjLCwSJ.xBeS',1,'00000658','https://ui-avatars.com/api/?name=G&color=fff&background=642EF3&size=100','2024-06-28 15:44:45','2024-06-28 20:19:30',NULL,NULL),(155,'Bryan','Machaca','Lujn','451@dominio.sample.com','$2a$10$GfywIg/BDgL337X5QPIUju4VLU0uKZDHhQxSDJoDiBpewC2p8m7Li',1,'00000451','https://ui-avatars.com/api/?name=B&color=fff&background=E7BD8A&size=100','2024-06-28 15:49:13','2024-06-28 15:50:20',1,16),(156,'Carolina','Montes','Gomez','0000459@domnio.sample.com','$2a$10$43JUNrijv.D6CLDekG1f3e0JrPesZzbjl1OAS0NGzKawohW1xmfua',1,'00000459','https://ui-avatars.com/api/?name=C&color=fff&background=0C0731&size=100','2024-06-28 15:51:36','2024-06-28 20:19:30',NULL,23),(157,'Tenorio','Perez','','457@dominio.sample.com','$2a$10$5qIQvOq.gvKxccYsrybBmOGnRhXNDlhzLOsz9IOVbYgIWqmeMjaPW',0,'00004457','https://ui-avatars.com/api/?name=P&color=fff&background=474654&size=100','2024-06-28 15:57:01','2024-06-30 19:11:18',NULL,NULL),(158,'Katheleen','Suzumiya','Paitn','20034578@dominio.sample.com','$2a$10$gMhM9cwTTRUbmfMXx3IsPedpGC6yvsimstUyBYfALFAbeiHJAyhVq',1,'20034578','https://ui-avatars.com/api/?name=K&color=fff&background=342CF7&size=100','2024-06-28 15:59:58','2024-06-28 15:59:58',13,NULL),(159,'Guillermo','Quispe','Tsukasa','00000485@dominio.sample.com','$2a$10$pBSbrvlnD1ZAB4LCQPjeNugZ207Dr2fqAoYunTcN.DOLsbn1PGhcu',1,'00000485','https://ui-avatars.com/api/?name=G&color=fff&background=FC0B58&size=100','2024-06-28 16:01:46','2024-06-28 20:29:01',NULL,NULL),(160,'Marcia','Bossio','Coronado','00000684@domnio.com','$2a$10$9h5zdL046XMCUb4V9yP/ROasTMJZxVQhOSqvdIYDi6jPS4RmuGcru',1,'00000684','https://ui-avatars.com/api/?name=M&color=fff&background=825FF4&size=100','2024-06-28 16:02:52','2024-06-28 16:02:52',21,NULL),(161,'Sergio','Nuez','Ascue','00006842@dominio.sample.com','$2a$10$OImEivw7qm8BzMrJmSInrOjELMcrVn7BtdW/AIdGFFQfqmvMI6u9G',0,'00006842','https://ui-avatars.com/api/?name=S&color=fff&background=BF4860&size=100','2024-06-28 16:04:21','2024-06-28 16:09:02',21,NULL),(162,'Miranda','Suarez','Li','007468@dominio.sample.com','$2a$10$pLJd/9gyu.3Mu5YWdgOLueECnv6/25gU8rt/TCnr9jKW1xYbXb49W',1,'00007468','https://ui-avatars.com/api/?name=M&color=fff&background=AA71AB&size=100','2024-06-28 16:06:45','2024-06-28 16:06:45',12,NULL),(163,'Fernanda','Gomez','Martinez','0000678@dominio.sample.com','$2a$10$W8sZwZFe8Z7g5./jMdDREu.1fpuToVMn1P1nfhyWF8am01GfIZ4KG',1,'00000678','https://ui-avatars.com/api/?name=F&color=fff&background=D83BB2&size=100','2024-06-28 16:08:37','2024-06-28 16:08:37',20,NULL),(164,'Pablo','Castillo','Fernandez','458@dominio.sample.com','$2a$10$Yw0aa.xGSH.TN6AE3TerHuQjGMSMyrXZ7/hboRkqpCnkhDv/zH/vW',0,'00000458','https://ui-avatars.com/api/?name=P&color=fff&background=20332E&size=100','2024-06-28 16:11:57','2024-06-28 16:13:07',11,NULL),(165,'Blanca','Flor','Panettone','alexpanli5@gmail.com','$2a$10$ft8hKjKFfu/ypCY4EIbhtuoX0yTYB5ZnDUhrzdqwn3YY.q2WMFrP6',1,'00008672','https://ui-avatars.com/api/?name=B&color=fff&background=EFE257&size=100','2024-06-28 20:34:35','2024-07-04 21:53:17',NULL,NULL),(166,'Rodolfooo','Quispe','Gutierrez','rodolfo2023@gmail.com','$2a$10$sjhgSHGFClqjFn7Ro8hoh.508.SkV394Mp/H4nVIdzpAgX76GF9le',1,'00008987','https://ui-avatars.com/api/?name=R&color=fff&background=648247&size=100','2024-06-28 20:35:31','2024-07-04 06:50:27',20,25),(167,'Momo','Poppins','','pl5br322b@ozmail.com','$2a$10$Ea8Gnn0ATX89UpvnsWyxZuMGPQISLcwQNCqVbx49xs6AhFrf7vOpy',1,'00002310','https://ui-avatars.com/api/?name=M&color=fff&background=8B1AF4&size=100','2024-06-28 20:44:32','2024-07-03 21:53:28',20,NULL),(168,'Alexita','Pan','','dw034go6h@mozmail.com','$2a$10$fMaAb2mcz3DrF17Zj4UTfu2aDFOVjQJIJxPT5.s8Yw1XcNguwSGY.',1,'00091781','https://ui-avatars.com/api/?name=A&color=fff&background=2E6BF1&size=100','2024-06-28 20:47:45','2024-06-30 03:46:13',21,NULL),(169,'Renatto','Garcia','Arce','a20191668@pucp.edu.pe','$2a$10$NbrD06YribHh3ljw7uiNLO5deYAbjNVqpFyyD9Qr5/dtErEskwCfy',1,'20191668','https://ui-avatars.com/api/?name=R&color=fff&background=9BBA19&size=100','2024-06-29 06:54:22','2024-07-04 20:02:15',1,NULL),(170,'Mara','Lpez','Rodrguez','mlopezr@universidad.edu','$2a$10$8//Lu5WUlfLm7LavTqc6memix3fmX11u0LN6g8YifhnaZmUW16.Vu',1,'00000012','https://ui-avatars.com/api/?name=M&color=fff&background=722776&size=100','2024-06-29 08:59:59','2024-07-04 20:02:15',1,NULL),(171,'Donnatello','Morales','Borges','0wv36w6hy@relay.firefox.com','$2a$10$uvPwZYQTuSTxPFOLXJsuH.LqaO1Hl0.I2Ff95Wt5SG4fMiR1YFScu',0,'0000A478','https://ui-avatars.com/api/?name=D&color=fff&background=84962B&size=100','2024-06-30 02:41:45','2024-06-30 07:56:24',1,NULL),(172,'Carol','Granolas','','carol.granolas@mondelez.com','$2a$10$QHqR941er2oE/BBxDIc9rO3zW0P.J1NP5gMCADJTbp3k8paobZO/m',1,'00001324','https://ui-avatars.com/api/?name=C&color=fff&background=1DB346&size=100','2024-06-30 02:42:50','2024-06-30 07:22:08',21,NULL),(173,'React','Zero','Two','React@ABC.com','$2a$10$rxB9WJKuJ3BABVpvMqcBie6Hhoc9JZ/q87.WzGVnjULyCRzVAAXCK',1,'00000ABC','https://ui-avatars.com/api/?name=R&color=fff&background=D68B33&size=100','2024-06-30 02:48:57','2024-06-30 02:48:57',NULL,NULL),(174,'Anna','Rojas','','prueba.prueba@correo.com','$2a$10$MPekvpP.zB0yDhkNsJQAl.uOXArVdh.TgdR2VenrKX/W2ooeRDiwu',1,'0000000A','https://ui-avatars.com/api/?name=A&color=fff&background=67D533&size=100','2024-06-30 03:00:00','2024-06-30 03:50:21',NULL,NULL),(175,'Pablo','Perez','','a786@sample.com','$2a$10$J0/c2CihynEAAkUB8NVviO870kLkfSP7Z8EfN2mDd1OOHmxyInUsS',1,'0000a786','https://ui-avatars.com/api/?name=P&color=fff&background=355202&size=100','2024-06-30 03:32:21','2024-06-30 03:32:21',3,NULL),(176,'Mireya','Cassandra','Salas','485@dominio.sample.com','$2a$10$1fp1TvpunaVTK1L9/8m16.u9kLiBNKq4h8tefqGiALUeGnqQ5/BIW',1,'00000481','https://ui-avatars.com/api/?name=M&color=fff&background=9A501A&size=100','2024-06-30 03:34:31','2024-06-30 03:52:03',1,18),(177,'Maria','Cartagena','Rosales','457841@dominio.com','$2a$10$Hb1FDl/7vJ7oF6COBIMuaOnscObxP9HbQDUecCSiiRjXjiiOTiSd6',1,'00457841','https://ui-avatars.com/api/?name=M&color=fff&background=7D2EF0&size=100','2024-06-30 03:51:07','2024-06-30 03:51:07',NULL,NULL),(178,'Juan','Prez','Gmez','juan.perez@example.com','$2a$10$cqcSXt1nIQxkP4qm.8ZBE.hl1CPTjXZXhhwQDkEqz7y/xDjtYtLWa',1,'02021001','https://ui-avatars.com/api/?name=J&color=fff&background=90EF73&size=100','2024-06-30 03:57:09','2024-07-04 04:20:15',6,43),(179,'Mara','Gonzlez','Lpez','maria.gonzalez@example.com','$2a$10$8orydIHPoXL7Dj.quoNZ1OAqccw2gXk9xhEBde9mMwiwuhAlNqp1m',1,'02021002','https://ui-avatars.com/api/?name=M&color=fff&background=DC9402&size=100','2024-06-30 03:57:10','2024-06-30 03:57:10',NULL,NULL),(180,'Carlos','Martnez','Snchez','carlos.martinez@example.com','$2a$10$zt9G0vStTTviSRRTLBzhyOQQ9jVuBwlT89wTw.YnHVrDxP/ADvNAi',1,'02021003','https://ui-avatars.com/api/?name=C&color=fff&background=AD0C06&size=100','2024-06-30 03:57:10','2024-06-30 03:57:10',NULL,NULL),(181,'Luisa','Rodrguez','Fernndez','luisa.rodriguez@example.com','$2a$10$se0oXxTcCptZYz4as1.5E.uinT4SmyCQtzDHstkf1N3nvZRHI5gha',1,'02021004','https://ui-avatars.com/api/?name=L&color=fff&background=2AA484&size=100','2024-06-30 03:57:11','2024-06-30 03:57:11',NULL,NULL),(182,'Sofa','Hernndez','Garca','sofia.hernandez@example.com','$2a$10$UuBqu/AYPve99k9dFqYBZumRAUo6sd6nwve7m5X.jxHLEoHs.z4Ha',1,'02021006','https://ui-avatars.com/api/?name=S&color=fff&background=EF4658&size=100','2024-06-30 03:57:12','2024-06-30 03:57:12',NULL,NULL),(183,'Marcelo','Ruiz','Serrano','ana.ruiz@example.com','$2a$10$aYMRKE1n.kwhY/EhZ17blOYY9qajYKhMy6nKJSzkZrP1y4N5dTTbG',1,'02021008','https://ui-avatars.com/api/?name=M&color=fff&background=B18E30&size=100','2024-06-30 03:57:13','2024-06-30 03:57:13',NULL,NULL),(184,'Miguel','Lpez','Daz','miguel.lopez@example.com','$2a$10$gO4GBff5ip1WEBCHumMt8ungucgjaByAKqPMg.KASFkH9NJ0REOX.',1,'02021009','https://ui-avatars.com/api/?name=M&color=fff&background=ED4296&size=100','2024-06-30 03:57:14','2024-06-30 03:57:14',NULL,NULL),(185,'Laura','Gmez','','laura.gomez@example.com','$2a$10$p.YYHJgETFVGrPfJk2xfzOKymchgKakL.P.SJBlAPHUWHPP1XQheu',1,'02021010','https://ui-avatars.com/api/?name=L&color=fff&background=59F997&size=100','2024-06-30 03:57:15','2024-07-04 04:41:31',48,47),(186,'Carlos','Granolas','','1234@dominio.com','$2a$10$Srw3zYac2u0HTF6/b96RIe673TBd6vLQJ/fvIkz0rmaYnvhx3.YuO',0,'00001234','https://ui-avatars.com/api/?name=C&color=fff&background=B560C9&size=100','2024-06-30 04:01:18','2024-06-30 04:04:15',21,NULL),(187,'Camila','Perez','','154@dominio.com','$2a$10$z/609n1QRdI8K3Rd9.HEIOkW97nA0ikT2zfPYHfNiSkohuWnNrNRW',1,'00000154','https://ui-avatars.com/api/?name=C&color=fff&background=EC33BB&size=100','2024-06-30 04:08:54','2024-06-30 04:08:54',6,NULL),(188,'Sofia','Palermo','Jara','1578@dominio.com','$2a$10$4vnaQkpLyBz47bodSrke1e38faXomGSzKCeIzO3IrudOK.2Bwn6oC',1,'00001578','https://ui-avatars.com/api/?name=S&color=fff&background=23143F&size=100','2024-06-30 04:23:38','2024-06-30 07:18:45',7,NULL),(189,'Carolina','Hernandez','Mamani','157@dominio.com','$2a$10$r1I2gfwL7UprlyEmeFjA0.Gd1C9jKu866/A.lM1f4wEhDohOEZ1bu',0,'00000157','https://ui-avatars.com/api/?name=C&color=fff&background=F6E273&size=100','2024-06-30 04:27:42','2024-06-30 04:28:21',8,NULL),(190,'Pedro','Klhevnikov','','ab45@dominio.com','$2a$10$PeVOFYSvt2BXVAJbCdVuMedycCdFXsjxNwNeKNmdkH5sXP5PZZYxW',1,'0000ab45','https://ui-avatars.com/api/?name=P&color=fff&background=708FC6&size=100','2024-06-30 04:53:26','2024-07-03 01:30:29',44,NULL),(191,'Fernanda','Zuiga','','4587sa@dominio.com','$2a$10$SqOx3GGXFKCvyAugc55QJewogjdGzST5aBV8NLFwjiwBwFy95PaAe',1,'004587sa','https://ui-avatars.com/api/?name=F&color=fff&background=AE66D2&size=100','2024-06-30 04:55:14','2024-06-30 06:37:03',1,17),(192,'Marta','Habla','','martha.talking@puke.com','$2a$10$MwKjV4vfen4Xo81g8tmIDebhhwf.67FqYZ.ntXjEFXEJ1CMEECN5y',0,'00002341','https://ui-avatars.com/api/?name=M&color=fff&background=DBEE20&size=100','2024-06-30 05:56:02','2024-06-30 06:01:42',3,NULL),(193,'Martin','Rivera','Vivar','457x@dominio.com','$2a$10$tBBQH519oM41JwMgrm.kbeL9XaAapOpzeNyLftafYl87xdhVq6MXS',1,'0000457x','https://ui-avatars.com/api/?name=M&color=fff&background=FD2924&size=100','2024-06-30 06:14:57','2024-06-30 06:15:28',NULL,NULL),(194,'Pedro','Castro','Silva','485@dominio.com','$2a$10$cLwWIMVnXyesiq0SxRapU.Tq1DLfmdB0bfeJiA2KXo7pSMGZoPsum',1,'000s0485','https://ui-avatars.com/api/?name=P&color=fff&background=7DFF8C&size=100','2024-06-30 06:41:11','2024-06-30 06:41:29',1,1),(195,'Pedro','Ramrez','Jurez','pedro.ramirez@example.com','$2a$10$hJpyEr7JMipJxMo63GhNgOpY8GCmx08vN99wA4AHjZnOrRGV99ES6',1,'02021005','https://ui-avatars.com/api/?name=P&color=fff&background=5CF9D4&size=100','2024-06-30 06:44:49','2024-06-30 06:44:49',1,1),(196,'Merlin','Maguin','','merlin.maguin@pukin.com','$2a$10$iaJGcYzabgAlsqcxNGsufembwABgX/oDWwl2kag89bP8k/jGSp6T2',1,'00000441','https://ui-avatars.com/api/?name=M&color=fff&background=4345B0&size=100','2024-06-30 07:22:59','2024-06-30 07:22:59',8,NULL),(197,'Pedro','Sifuentes','','9css3wl0c@mozmail.com','$2a$10$MPUyT1Q6JbXieuLjN5wv3uob7ChP8osv.UTxwIz2s/N9UJpkmv2Ze',1,'004578sf','https://ui-avatars.com/api/?name=P&color=fff&background=9C9C82&size=100','2024-06-30 07:58:14','2024-06-30 07:58:14',1,NULL),(198,'Alberto','Sinfuentes','Altamirano','aleberto@gmail.com','$2a$10$DQAgBbhIx6hxFAVlG9et2.QYNZ/bN3BHChnnJFEJkaqXrvI9UVr6G',1,'00002552','https://ui-avatars.com/api/?name=A&color=fff&background=39749F&size=100','2024-06-30 14:33:56','2024-06-30 14:34:11',NULL,NULL),(199,'Alberto','Sinfuentes','','sasdsadsdsd@gmail.com','$2a$10$3QN.Z68ve69M1HXPT67C1O6c11ev0VzsBYW2CktnCKgpeceECzuuO',1,'00024456','https://ui-avatars.com/api/?name=A&color=fff&background=00A72F&size=100','2024-06-30 14:41:19','2024-07-05 00:34:03',25,NULL),(200,'Juan','Cruz','','juancruz@gmail.com','$2a$10$FHXeA0JduiB2qOxsDEf3CeZGbbLwYQMemD0mQjgTEflusW.tySjWK',1,'00123849','https://ui-avatars.com/api/?name=J&color=fff&background=2B4460&size=100','2024-06-30 14:44:48','2024-06-30 14:46:18',NULL,NULL),(201,'Jose','Paredes','Nunez','joseparedes@gmail.com','$2a$10$Qhr//lZPv7rOiVmZCaq2oOHkg1orXdBGWxBzuObE6349nl4yThto.',1,'00203933','https://ui-avatars.com/api/?name=J&color=fff&background=C6AB4D&size=100','2024-06-30 14:48:16','2024-06-30 14:48:16',27,NULL),(202,'Juan','Sanchez','','juan.sanchez@gmail.com','$2a$10$yfrSrsRoHgdKNjqNEfU20.Bh2AkQ4whZT1sV3p6VTuKEllenQ0h8G',1,'00002019','https://ui-avatars.com/api/?name=J&color=fff&background=082D41&size=100','2024-06-30 15:02:44','2024-06-30 15:16:57',20,NULL),(203,'Jazmin','Abanto','','jazb@dominio.com','$2a$10$IZS52k0pCdsHfTdrNccM9uS2I8Fr3BkzUPLL2S/7PUkfOiY0GA.4.',1,'00000494','https://ui-avatars.com/api/?name=J&color=fff&background=B486D3&size=100','2024-06-30 18:20:02','2024-06-30 19:14:15',NULL,NULL),(204,'Adrian','Centeno','Suarez','00000321@dominio.sample.com','$2a$10$6gO3hXznA..DiqHwydMYAOjKRDBW4RbhGMLx6SlHlUwJmDqv2YV42',1,'00000321','https://ui-avatars.com/api/?name=A&color=fff&background=5B7394&size=100','2024-06-30 18:55:09','2024-06-30 19:06:24',NULL,NULL),(205,'Sabrina','Morales','','00008421@dominio.sample.com','$2a$10$ttddShXYTyS.vuEWCyy63uzgmBcKEbG7MQmHsRIyDPol8aJlC2HNC',1,'00008421','https://ui-avatars.com/api/?name=S&color=fff&background=5C687A&size=100','2024-06-30 18:59:43','2024-06-30 19:06:24',NULL,NULL),(206,'Anderson','Sifuentes','','00004874@dominio.sample.com','$2a$10$XaIjbMK6OtSnyCQDId37JexFGQWALLdiGLWmxJb3v2U.uEJUjSYQ6',1,'00004874','https://ui-avatars.com/api/?name=A&color=fff&background=DE806A&size=100','2024-06-30 19:02:55','2024-06-30 19:06:24',NULL,NULL),(207,'Jorge','Perez','Reyes','perezcat7@gmail.com','$2a$10$8sYvFezCTPlCshY3ISWmYeaXP1SIKpNzgtdOLp5b4SGOCf4S6nMcW',1,'20190458','https://ui-avatars.com/api/?name=J&color=fff&background=3BF3E1&size=100','2024-06-30 23:13:50','2024-07-05 02:47:04',7,NULL),(210,'Tony','Reyes','','tidiyid310@devncie.com','$2a$10$fw4bq0inKmR2bG3M.S5FHuSu/Eme4ESRxIGa6NfnP8o7FhM7VlEwe',1,'20181521','https://ui-avatars.com/api/?name=T&color=fff&background=4EE404&size=100','2024-07-01 22:27:57','2024-07-02 02:42:54',41,27),(218,'Prueba','Prueba','','2020@gmail.com','$2a$10$l0oPpUqauUu9HKK4rW3cieFe2oiY/C.xEZ5qKib2/hHdl4HZVmb9y',1,'00002020','https://ui-avatars.com/api/?name=P&color=fff&background=D4F8B1&size=100','2024-07-02 01:58:39','2024-07-02 01:58:39',NULL,NULL),(219,'Testeo','Testeo','','9847@gmail.com','$2a$10$GBd7ZaCVLGENFlJqU7ED/.le5vb/BwpHSq.2g.uUTkA27UFvWSRpO',1,'00009847','https://ui-avatars.com/api/?name=T&color=fff&background=3F5C4F&size=100','2024-07-02 02:17:13','2024-07-02 02:19:20',NULL,NULL),(220,'Josea','Martinsad','Martin','martin@pupc.edu.pe','$2a$10$Ue9ejaUz95hnNSq5WwcWru8PtcYaxl7.xovcqJXygCWCKq/gxRTom',1,'00020183','https://ui-avatars.com/api/?name=J&color=fff&background=B45C98&size=100','2024-07-02 02:38:38','2024-07-02 04:07:18',3,NULL),(221,'Martin','Martin','Martin','martinmartin@pucp.edu.pe','$2a$10$gW027FNaF16SM7kI5/ZY2OZrESaziMup8EHZNOmUSO6D51XGuQNIy',1,'02019342','https://ui-avatars.com/api/?name=M&color=fff&background=CE365B&size=100','2024-07-02 02:40:40','2024-07-02 02:42:30',41,NULL),(222,'Martin','Martin','Martin','Martinx3@pupc.edu.pe','$2a$10$36HOVWlxpan0lnP6uFSQgu7xpMeCpIHJMebyj0ICNUqr0cI9Diyhi',1,'20142432','https://ui-avatars.com/api/?name=M&color=fff&background=A4FDE8&size=100','2024-07-02 02:41:03','2024-07-02 02:41:03',25,NULL),(223,'Renatto','Solis','','renatto_02_29@hotmail.com','$2a$10$1RdPMBhCV3ldujmB6p6ZM.IizYigu4OzZPEkNbSU9MdTCNDeAqXBm',1,'00008574','https://ui-avatars.com/api/?name=R&color=fff&background=67BB46&size=100','2024-07-02 03:59:31','2024-07-02 03:59:31',NULL,NULL),(224,'Renatto','Delgado','','386@gmail.com','$2a$10$AaLrUiFPiCDo.nLFkWb8Su1xVtNId8NTsjDcadd7FrijyJu3WMEmq',1,'00000386','https://ui-avatars.com/api/?name=R&color=fff&background=1D87EE&size=100','2024-07-02 04:08:19','2024-07-02 04:08:27',3,NULL),(225,'Jeanpierr','Suarez','Facundo','jfsuarez@pucp.edu.pe','$2a$10$wKzIq3/8VLBP34KSACvmIucOypzP93SK5r03zmvICc8WPz22MwBqi',1,'20196346','https://ui-avatars.com/api/?name=J&color=fff&background=CAF086&size=100','2024-07-03 01:26:39','2024-07-03 01:26:39',1,3),(226,'Luis','Flores','Garcia','luis.flores@pucp.edu.pe','$2a$10$WIqOwn0bdgf1iZGVBX3w1u0wsxMfVCeSwCDF3r2/zu8T.alavUpiy',1,'19960275','https://ui-avatars.com/api/?name=L&color=fff&background=CD5A91&size=100','2024-07-03 01:52:03','2024-07-03 02:12:56',45,NULL),(227,'Alumnoa','Prueba  P','Unop','flores.la@gmail.com','$2a$10$mi/Yrhn1BtKUpgHGg7bRA.aHbvyDuJQbvRSRw/hkMNUb7tbwYUUbS',1,'20220411','https://ui-avatars.com/api/?name=A&color=fff&background=FF96D1&size=100','2024-07-03 01:59:57','2024-07-03 02:03:01',45,NULL),(228,'Alumnob','Pruebab','Test','laf_luis@hotmail.com','$2a$10$SJowg9JNnfyAfsXTy2Ez2ejrrux8llgIfxauRNR0IpSDDYbMLLqoK',1,'19960987','https://ui-avatars.com/api/?name=A&color=fff&background=44572D&size=100','2024-07-03 02:08:58','2024-07-03 02:08:58',45,NULL),(229,'Alumnoc','Pruebac','Test','laf_luis@yahoo.com','$2a$10$10YJBYn4mNkwf03Pl6BgM.rZK29QEgbcqyMxTTGx.LnxC606RON72',1,'19960988','https://ui-avatars.com/api/?name=A&color=fff&background=054FD0&size=100','2024-07-03 02:08:59','2024-07-03 02:08:59',45,NULL),(230,'Coordinador ','Especialidad','Prueba','sctn.gp@pucp.pe','$2a$10$7Sm2cdN3mi/7ERux9sQ.u.fnjeAR1xpqxjYKq7XsKE06Idfx2p8Tq',1,'19776543','https://ui-avatars.com/api/?name=C&color=fff&background=74A2B3&size=100','2024-07-03 02:14:46','2024-07-03 02:14:46',45,NULL),(231,'Coordinador ','Programa','Test','lflores@fymconsulting.com.pe','$2a$10$4Qdq7w.RK98Ait0YsC8CkOCehJTh3WQjPv0sdkxxpLraBTQ1wvHNG',1,'12345676','https://ui-avatars.com/api/?name=C&color=fff&background=FAC1EB&size=100','2024-07-03 02:19:20','2024-07-03 02:24:05',45,29),(232,'Ramirez','Cabrera','','ramirez.cabrera@gmail.com','$2a$10$HJ9LPZnZfJBlcMhY1sOiR.LBcWddJMzOrS5cTmZDcctxKG3ldncs2',1,'20147575','https://ui-avatars.com/api/?name=R&color=fff&background=0B3CEF&size=100','2024-07-03 16:52:06','2024-07-03 17:22:12',46,NULL),(233,'Renato','Yupanqui','Perez','renato.yu@gmail.com','$2a$10$RXNzzDi9lfze7eGNAUkA7.Xtt0KFoK5MFkiAaXFMXt6Zx/s1tEwem',1,'20145236','https://ui-avatars.com/api/?name=R&color=fff&background=FC28E3&size=100','2024-07-03 17:08:51','2024-07-03 17:22:36',46,31),(234,'Pepe','Aurelio','Delgado','fohoquvinaga@rungel.net','$2a$10$8OQwW1VnoHSNAo1JH3fRW.cMYRcOMdmDBy60Kz8ZjdQKeVdvMO3gu',1,'02001111','https://ui-avatars.com/api/?name=P&color=fff&background=674413&size=100','2024-07-03 17:53:11','2024-07-03 17:53:11',46,32),(235,'Ros','Reyes','Daro','email@example.com','$2a$10$PnBIHizHY/2DNMmLXybGbe2PVLvZ60dFdyi1869/7CjJ6xuUdElPy',1,'20170010','https://ui-avatars.com/api/?name=R&color=fff&background=D7D28B&size=100','2024-07-03 20:48:16','2024-07-03 20:48:16',46,32),(236,'Maria','Cara','','123@gmail.com','$2a$10$XZdm2wAaC1gf2p1F97hq3O/aGAJcEktEYRPS9KV92vCjfz/hZFI.C',1,'00000123','https://ui-avatars.com/api/?name=M&color=fff&background=16C708&size=100','2024-07-03 21:19:46','2024-07-04 20:02:15',1,NULL),(237,'Rosa','Jaramillo','Cercado','423@gmail.com','$2a$10$dmg/3x38a6.vegEsy0//e.GaIelFFC0W56d9v8VcJpt.K0OaE/i9O',1,'00000423','https://ui-avatars.com/api/?name=R&color=fff&background=468F3F&size=100','2024-07-03 21:24:30','2024-07-04 20:02:15',1,NULL),(238,'Jos','Prez','Pamelon','jose.perez@email.com','$2a$10$dEt/Le.eWef16DrHU97KRupo2YKlMyQYya0I8FOVh.8zUOgIv31jO',1,'20141111','https://ui-avatars.com/api/?name=J&color=fff&background=12A69F&size=100','2024-07-03 21:32:08','2024-07-03 21:32:08',46,32),(239,'Pedro','Martn','Sez','pedro.martin@dominio.sample','$2a$10$kuJmWqDEY9wLoMKMfFYvmOTppQyl4yeIaAz8vYgC.OoywrCQWPD1m',1,'000d1010','https://ui-avatars.com/api/?name=P&color=fff&background=49C69C&size=100','2024-07-03 21:32:34','2024-07-03 23:13:54',NULL,NULL),(240,'Jess','Lujn','Carrion','jl@dominio.sample','$2a$10$Rrw3lzRfXP7cS1xdPB.L7.9XxNQK6UH6OP0dAj3ozIv48CnS0B/aS',1,'00001232','https://ui-avatars.com/api/?name=J&color=fff&background=F62757&size=100','2024-07-03 21:36:14','2024-07-04 20:02:15',1,NULL),(241,'Jhonathan','Romn','Pereda','jr@dominio.sample','$2a$10$sqss0ZBXarsdTsTnyPfvt.opOOYXodR/WcO6RBiK85uPSiQi8Y3N2',1,'00001235','https://ui-avatars.com/api/?name=J&color=fff&background=FD4BD8&size=100','2024-07-03 21:36:18','2024-07-04 20:02:15',1,NULL),(242,'Roberto','Castillo','Martnez','roberto.castillo@dominio.sample','$2a$10$UxxQM49d.VdKUiWdz0XRqOHUdmveux.bDa1TqytMzZoEnkYAuKylO',1,'00002626','https://ui-avatars.com/api/?name=R&color=fff&background=B54699&size=100','2024-07-03 21:41:58','2024-07-03 21:53:28',20,NULL),(243,'Sonia','Delgado','Vega','sonia.delgado@dominio.sample','$2a$10$kGMe0JBN4QGu772.N89b5eJbrViEG28WqfsTVvsbgFpjIH3IHTkre',1,'00002727','https://ui-avatars.com/api/?name=S&color=fff&background=E5D8ED&size=100','2024-07-03 21:42:02','2024-07-03 21:53:28',20,NULL),(244,'Beatriz','Pea','Ruiz','beatriz.pena@dominio.sample','$2a$10$A.qVn8cW.mYoGEMOEjelguSqo/I4luJGRjDNEo4AaWfToeK71wwDC',1,'00002929','https://ui-avatars.com/api/?name=B&color=fff&background=1C30F6&size=100','2024-07-03 21:42:06','2024-07-03 21:53:28',20,NULL),(245,'Clara','Ortiz','Fernndez','clara.ortiz@dominio.sample','$2a$10$n//b69qmXbU2.u3MINwfxO0.i88SqxzuNuDuFwYLdjAeaYs3Dq42W',1,'00003030','https://ui-avatars.com/api/?name=C&color=fff&background=CE8F54&size=100','2024-07-03 21:42:10','2024-07-03 21:53:28',20,NULL),(246,'Emilio','Gallego','Sez','emilio.gallego@dominio.sample','$2a$10$Upw4qfeW/9HrIsQbSFKgf.jE1xRxOwJrdbzxoZ9cOAWlcBZ0GwItO',1,'00003131','https://ui-avatars.com/api/?name=E&color=fff&background=DA907A&size=100','2024-07-03 21:42:16','2024-07-03 21:53:28',20,NULL),(247,'Esteban','Romero','Lpez','esteban.romero@dominio.sample','$2a$10$4IVqwjhgX1Jyup6i1rYkvOyS8toMhVF15C4hQI/YjqxuMQRTlGyLa',1,'00004141','https://ui-avatars.com/api/?name=E&color=fff&background=852506&size=100','2024-07-03 21:44:56','2024-07-03 21:44:56',13,NULL),(248,'Alicia','Medina','Garca','alicia.medina@dominio.sample','$2a$10$SEJJh/bVxqJdD23g.TKMqusfgZHSTYKvkU/3Dfr3FNj1XeB.x/Dre',1,'00005151','https://ui-avatars.com/api/?name=A&color=fff&background=379066&size=100','2024-07-03 21:44:59','2024-07-03 21:44:59',13,NULL),(249,'Carlos','Nieto','Fernndez','carlos.nieto@dominio.sample','$2a$10$gzkxCIQO5xSWHVAgD9fYGeR0l5Du68sFJShuOGvadna80ALfDe9TW',1,'00006161','https://ui-avatars.com/api/?name=C&color=fff&background=2EFF7F&size=100','2024-07-03 21:45:02','2024-07-03 21:45:02',13,NULL),(250,'Valeria','Prez','Ramrez','valeria.perez@dominio.sample','$2a$10$XEpAUFxXFQoOZsAjiiFc2u7SD.tyl1LQ/Ue3rE1uaml/C88rr7dX.',1,'00007171','https://ui-avatars.com/api/?name=V&color=fff&background=92F600&size=100','2024-07-03 21:45:06','2024-07-03 21:45:06',13,NULL),(251,'Sofa','Garca','Vargas','sofia.garcia@dominio.sample','$2a$10$HX/fdLTAASrhKphKAc5vGeME/Gu0XM5P.FsOqgxGgDxfd7LJRBwmC',1,'00005050','https://ui-avatars.com/api/?name=S&color=fff&background=D94C7C&size=100','2024-07-03 21:48:17','2024-07-03 21:53:28',20,NULL),(252,'Marco','Garca','Vargas','marco.garcia@dominio.sample','$2a$10$rez5xLEpMkThHxwv.DgbG.XtAaItX0hv4tEN9RTqXmC15jYPhJmmy',1,'00005060','https://ui-avatars.com/api/?name=M&color=fff&background=C819A6&size=100','2024-07-03 21:49:51','2024-07-03 21:53:28',20,NULL),(253,'Julien','Martnez','Prez','julio.martinez@dominio.sample','$2a$10$e58p5LgcZ5I.VGS6.P4Hb./PwDUR.v9YLYM2kkB8M9hOwPcRYnbl6',1,'00106360','https://ui-avatars.com/api/?name=J&color=fff&background=CD82CB&size=100','2024-07-03 21:57:08','2024-07-03 22:01:56',13,NULL),(254,'Marian','Fernndez','Lpez','mariana.fernandez@dominio.sample','$2a$10$pddrNKQ1zqdy3J7DKnD/mOFpNqqBOIc73/GZfAB89yvHvuqd3FPPK',1,'00217470','https://ui-avatars.com/api/?name=M&color=fff&background=97CDAF&size=100','2024-07-03 21:57:12','2024-07-03 22:01:57',13,NULL),(255,'Josue','Gmez','Snchez','ricardo.gomez@dominio.sample','$2a$10$3Y8kI1xRNR7roZZPY7czke6Oi0MJESH6CsEQZwgyXwS3yg8TVe3Vu',1,'00748580','https://ui-avatars.com/api/?name=J&color=fff&background=ABD40A&size=100','2024-07-03 21:57:15','2024-07-03 22:01:58',13,NULL),(256,'Elena','Rodrguez','Hernndez','elena.rodriguez@dominio.sample','$2a$10$Nm8I7O.KGEuWKNq.MEMEDONCDjZV7wtqKnID.BVV6eqr/e5KUa0Rm',1,'00789690','https://ui-avatars.com/api/?name=E&color=fff&background=D31BD3&size=100','2024-07-03 21:57:19','2024-07-03 21:57:19',1,1),(257,'Marlon','Morales','Garca','javier.morales@dominio.sample','$2a$10$GcrskaSM3wL2nPyNv402gu2af3wnIfj8FZV..TV1FWFaOwGGRgmfm',1,'00651712','https://ui-avatars.com/api/?name=M&color=fff&background=7EC4F8&size=100','2024-07-03 21:57:22','2024-07-03 22:17:38',1,3),(258,'Julien','Martnez','Prez','julien.martinez@dominio.sample','$2a$10$hi0E8W7wFRXHVnts7ZDJEOkBCCTAW/.mquBHzZ0ao6IARgYGziDPe',1,'0106360x','https://ui-avatars.com/api/?name=J&color=fff&background=C2F84E&size=100','2024-07-03 22:02:30','2024-07-03 22:17:35',13,NULL),(259,'Mariano','Fernndez','','marian.fernandez@dominio.sample','$2a$10$CMUXxDDMxLYkQ2BhMIXeIOrOXCyzj3ubC1Utj9WBoTf9KVc075iBW',1,'217470bd','https://ui-avatars.com/api/?name=M&color=fff&background=06F5D3&size=100','2024-07-03 22:02:34','2024-07-03 22:17:36',13,NULL),(260,'Pedro','Salinas','Snchez','josue.gomez@dominio.sample','$2a$10$66p91c8POhJ8JZ9QkWipv.IiS/CaArHfcj7tmQflWvP5hKiORCPpu',1,'0074858b','https://ui-avatars.com/api/?name=P&color=fff&background=2FACE2&size=100','2024-07-03 22:02:37','2024-07-03 22:17:37',13,NULL),(261,'Jhon','Smith','Gmez','juan.perez@dominio.sample','$2a$10$9ZwQjtQIwI0sATItI/FEh.A3wxOdlHao2mQJvJBYcZlTXVhWmrg/.',1,'00851123','https://ui-avatars.com/api/?name=J&color=fff&background=CB403C&size=100','2024-07-03 22:43:27','2024-07-03 23:13:50',NULL,NULL),(262,'Ana','Martnez','Ramrez','ana.martinez@dominio.sample','$2a$10$V.BRm3P0Xsw.pAxIDSBtq.dik3TVOhsbAd514brbL2yymKfSOFTDu',1,'00462222','https://ui-avatars.com/api/?name=A&color=fff&background=4108D6&size=100','2024-07-03 22:43:31','2024-07-04 04:18:48',6,36),(263,'Carlos','Lopez','Fernndez','carlos.lopez@dominio.sample','$2a$10$/Q5mqX7KLacgkNEbRaFxOuyTCno8559YqboXxhNxGpRzB/Ey1kXvG',1,'00253333','https://ui-avatars.com/api/?name=C&color=fff&background=35F66F&size=100','2024-07-03 22:43:35','2024-07-03 23:13:51',NULL,NULL),(264,'Sofia','Gonzlez','Hernndez','sofia.gonzalez@dominio.sample','$2a$10$GW58tSHP30CGtewI08L9T.2V.RaKXuFwzINgmdwP5zmaw0/PfJaJ6',1,'00454444','https://ui-avatars.com/api/?name=S&color=fff&background=D41E6B&size=100','2024-07-03 22:43:38','2024-07-03 23:13:51',NULL,NULL),(265,'Diego','Rodrguez','Torres','diego.rodriguez@dominio.sample','$2a$10$TjA.9H4jqjgziHFNFmXjJudvoKUX6lDpDCp4rxQ6MB6QpLT6xPAqa',1,'00785555','https://ui-avatars.com/api/?name=D&color=fff&background=3A2DEC&size=100','2024-07-03 22:43:41','2024-07-03 23:13:51',NULL,NULL),(266,'Luca','Hernndez','Garca','lucia.hernandez@dominio.sample','$2a$10$L79M02wqOOjYn6OsES837eMCZqqaFmCAqPTFsNBfZ5SR2fCF8UKmq',1,'00206666','https://ui-avatars.com/api/?name=L&color=fff&background=E7389F&size=100','2024-07-03 22:43:45','2024-07-03 23:13:52',NULL,NULL),(267,'Ral','Jimnez','Castro','raul.jimenez@dominio.sample','$2a$10$3hxBjgmpqpCSn1wtLAEZQeMEUyggyF68Ebrd33ymFzTsIevzGb8my',1,'00327777','https://ui-avatars.com/api/?name=R&color=fff&background=2D635C&size=100','2024-07-03 22:43:49','2024-07-03 23:13:52',NULL,NULL),(268,'Elena','Moreno','Romero','elena.moreno@dominio.sample','$2a$10$fi/KvvVlRo7wNkmAk7I8quOn8rM9PCMyDMqbLkcdJA4KjfVUM8mLe',1,'00018888','https://ui-avatars.com/api/?name=E&color=fff&background=6EEBD6&size=100','2024-07-03 22:43:52','2024-07-03 23:13:53',NULL,NULL),(269,'Mara','Garca','Ruiz','maria.g@dominio.sample','$2a$10$2Adk2nFTJgWa9rSU/atGZOu1V.Un2R7k/kI0mHj8jc0DKMzAd5pPG',1,'000x9999','https://ui-avatars.com/api/?name=M&color=fff&background=25692E&size=100','2024-07-03 22:43:55','2024-07-04 04:28:37',NULL,NULL),(270,'Laura','Santos','Moreno','laura.santos@dominio.sample','$2a$10$XKSGZMS9DqMuvBz.pf/4Kun.2g0yilo.6RGM7J/RIWPGRjsgb64fy',1,'000d1212','https://ui-avatars.com/api/?name=L&color=fff&background=2D1F5F&size=100','2024-07-03 22:43:59','2024-07-03 23:13:54',NULL,NULL),(271,'Javier','Ortiz','Prez','javier.ortiz@dominio.sample','$2a$10$TNXb.soONWXgvnMRN6zIIOuXzZdYj.lotSOjUgU8uer9fwbnuavAG',1,'000a1313','https://ui-avatars.com/api/?name=J&color=fff&background=78DF92&size=100','2024-07-03 22:44:02','2024-07-03 23:13:54',NULL,NULL),(272,'Paula','Ramrez','Hernndez','paula.ramirez@dominio.sample','$2a$10$GolUS2/TSbrrP3QNacSmN.bih5D/KeKTnEOCQIOAmBHKGUolQ2LwW',1,'000a1414','https://ui-avatars.com/api/?name=P&color=fff&background=CA5AA9&size=100','2024-07-03 22:44:04','2024-07-03 23:13:55',NULL,NULL),(273,'David','Cruz','Gonzlez','david.cruz@dominio.sample','$2a$10$449vllzisMTXvw.2qvQvlOPNXV1or5GHo6lVSdGNb2Ic6.Uv7hEAm',1,'000a1515','https://ui-avatars.com/api/?name=D&color=fff&background=33AD65&size=100','2024-07-03 22:44:08','2024-07-03 23:13:55',NULL,NULL),(274,'Sandra','Vargas','Lopez','sandra.vargas@dominio.sample','$2a$10$1H8VWJObmp7vBlphD3U7R.ThlHypHLRRnn3mnvNsC/ae7pSUCpxl6',1,'000a1616','https://ui-avatars.com/api/?name=S&color=fff&background=E5112F&size=100','2024-07-03 22:44:08','2024-07-03 23:13:56',NULL,NULL),(275,'Miguel','Silva','Martnez','miguel.silva@dominio.sample','$2a$10$tSl2hoGh7ERGGlqhwhUAj.W1B/N4m1cM6fS0pgsXkjvI9CEBeznzi',1,'000a1717','https://ui-avatars.com/api/?name=M&color=fff&background=29CE24&size=100','2024-07-03 22:44:11','2024-07-03 23:13:57',NULL,NULL),(276,'Isabel','Nez','Torres','isabel.nunez@dominio.sample','$2a$10$0San5OsCgKaDTYBKCpFGJO5E7PTRA9WY2lLGFNfujdp38Its6DVLK',1,'00451818','https://ui-avatars.com/api/?name=I&color=fff&background=3BB433&size=100','2024-07-03 22:44:12','2024-07-03 23:13:57',NULL,NULL),(277,'Andrs','Reyes','Jimnez','andres.reyes@dominio.sample','$2a$10$UiD7LOeRbo6t0yhv/PhMPeWBV1aSJ.TF.ohOrOFFRiCSMf5.OIBhm',1,'00651919','https://ui-avatars.com/api/?name=A&color=fff&background=9CDB9C&size=100','2024-07-03 22:44:15','2024-07-04 04:17:54',6,NULL),(278,'Carmen','Rojas','Garca','carmen.rojas@dominio.sample','$2a$10$2ZtTrGAYQpEkCj7vE3pk0O7tJQjvPVnoU4tMByaNu3ZW7uiMKAMiS',1,'00872020','https://ui-avatars.com/api/?name=C&color=fff&background=77AED1&size=100','2024-07-03 22:44:17','2024-07-03 23:13:58',NULL,NULL),(279,'Lucas','Herrera','Martn','lucas.herrera@dominio.sample','$2a$10$/wafQLUiBRuu7Us.fZW2.O7jvAH75Ahpe8S/hU8GPmx9gymi.EQKG',1,'00852121','https://ui-avatars.com/api/?name=L&color=fff&background=8E0292&size=100','2024-07-03 22:44:19','2024-07-04 04:20:57',6,NULL),(280,'Dva','Solis','','abc@gmail.com','$2a$10$4AQDlGtsPaCxBXh5QEc/guBLhoboaTdesLOEPEWDFk9rPGhcQM/hS',1,'00000abc','https://ui-avatars.com/api/?name=D&color=fff&background=5489D5&size=100','2024-07-03 22:49:37','2024-07-03 22:52:05',NULL,NULL),(281,'Echo','Zoo','','cba@gmail.com','$2a$10$KTH6z.7nqbUhJ1ieUPZP7u75mGYDqO7bNJS2xHoJKgu4Y4Gs7Dkqa',1,'00000cba','https://ui-avatars.com/api/?name=E&color=fff&background=9B87BD&size=100','2024-07-03 22:49:40','2024-07-03 22:52:05',NULL,NULL),(282,'Rodrigo','Sarmiento','Torres','rodrigo.rodriguez@dominio.sample','$2a$10$fbEfVqxazeV1QOR9nuGeeuNx/V1lN2wTLcloE7ueOUBu7/DdLgYvq',1,'00785558','https://ui-avatars.com/api/?name=R&color=fff&background=2A2E46&size=100','2024-07-03 22:52:18','2024-07-04 04:42:27',48,48),(283,'Roderick','Sarmiento','Torres','Roderick.rodriguez@dominio.sample','$2a$10$hRZfU4o5EOwnOvvRO1qxdOV4/aeaMFP4kSLaV9.TPujCa/Szkv0jy',1,'00785558','https://ui-avatars.com/api/?name=R&color=fff&background=26CCFD&size=100','2024-07-03 22:52:18','2024-07-03 22:54:24',NULL,NULL),(284,'Dva','Delgado','','pre@gmail.com','$2a$10$CqQNnvu/xfJgiEuz4o8F1.mOAJYIyizsd.nj49lZotuhxb14yWfUG',1,'00000pre','https://ui-avatars.com/api/?name=D&color=fff&background=F62FA7&size=100','2024-07-03 22:56:43','2024-07-03 22:59:52',NULL,NULL),(285,'Amor','Zoo','','ytr@gmail.com','$2a$10$X/5bYMrc1bX98KfedOzGYOkJZRZN2wU7zbvGcIzf78AIB39I9/nrG',1,'00000ytr','https://ui-avatars.com/api/?name=A&color=fff&background=959EF5&size=100','2024-07-03 22:56:46','2024-07-03 22:59:58',NULL,NULL),(286,'Piero','Santos','Moreno','piero.santos@dominio.sample','$2a$10$/x.VhHggTCOzpuGrkoYR8..D4Ok1GvkLTsnlnIQ4iMMWbeOKaTaH2',1,'00a1370x','https://ui-avatars.com/api/?name=P&color=fff&background=42D309&size=100','2024-07-03 23:03:10','2024-07-03 23:13:59',NULL,NULL),(287,'Javier','Lozano','Loayza','4587x@dominio.sample','$2a$10$JSuPnFO3PH/mD5XL4lfRnue62VmZC2U5Parwvc5s7e.Lrc0i.lJBq',1,'0004587x','https://ui-avatars.com/api/?name=J&color=fff&background=AAEA12&size=100','2024-07-04 04:41:09','2024-07-04 04:41:09',48,46),(288,'Iris','Centeno','Aguilera','acg@dominio.sample','$2a$10$CwylidhWmV8N7NUvwh1kru0WUX4p2hVpWEZh21kVJuhFknVGxTpea',1,'00000x94','https://ui-avatars.com/api/?name=I&color=fff&background=006CAA&size=100','2024-07-04 20:05:07','2024-07-04 20:07:51',1,NULL),(289,'Saul','Quiroz','','squiros@dominio.sample','$2a$10$wtpZL5SXlLGhiE64aCn0Puw1dsKg9SXLEJ53LFHgCpc5kKi95qsja',1,'000x9887','https://ui-avatars.com/api/?name=S&color=fff&background=416F0D&size=100','2024-07-04 20:18:02','2024-07-04 20:18:58',1,NULL),(290,'Jhon','Valdez','','jvald@dominio.sample','$2a$10$XrqeA.F1E26BVed0W.pDveN3hZUHG7gilErYwN9ZF1qPiE4Alexz6',1,'00x98784','https://ui-avatars.com/api/?name=J&color=fff&background=720308&size=100','2024-07-04 20:21:30','2024-07-04 20:21:56',1,NULL),(291,'Edgar','Mendoza','','edmendo@dominio.sample','$2a$10$9DbkMjAYt4QO25HhhzFhtem6EZ7uB/X8M/bRUWCRe8ho3bzuEt2W6',1,'0x984844','https://ui-avatars.com/api/?name=E&color=fff&background=9F1D05&size=100','2024-07-04 20:23:55','2024-07-04 20:24:29',1,NULL),(292,'Arian','Vivar','','avivar@dominio.sample','$2a$10$6UYCRkK9Dfud/eypu2obauH8OH.aGnZ5VaWj4K0QAmmObTwkz3LxW',1,'0x944861','https://ui-avatars.com/api/?name=A&color=fff&background=89E8AD&size=100','2024-07-04 20:26:48','2024-07-04 20:27:36',1,NULL),(293,'Manuel','Campuzano','','manuc@domnio.sample','$2a$10$Js.UANEuEMbXSGvRzUn8he.y1BSIjBaL5B9VdrK32WgB7kaYGjo3O',1,'0x874515','https://ui-avatars.com/api/?name=M&color=fff&background=ED697D&size=100','2024-07-04 20:48:46','2024-07-04 20:53:42',NULL,NULL),(294,'Julian','Quiroz','','juquirju@dominio.com','$2a$10$mXNFxlW0nMq/c25GPYNoSOFIOOfS4MJZ95h6bzDCYWcWx7oW3WStC',1,'0x948111','https://ui-avatars.com/api/?name=J&color=fff&background=07F4E3&size=100','2024-07-04 20:59:39','2024-07-04 21:00:42',NULL,NULL),(295,'Piero','Cueva','','picueva@dominio.sample','$2a$10$QMR9OIS85ylYdqSEUeWoEOMh.JnlLWRxGGoJejPQ3VljoiZxoq4uK',1,'40x94511','https://ui-avatars.com/api/?name=P&color=fff&background=4B749E&size=100','2024-07-04 21:11:57','2024-07-04 21:13:13',NULL,NULL),(296,'Bernardo','Caballero','','bernardo.caba@gmail.com','$2a$10$Go86jZxwUg6hACNMFVTzm.MtbnmYFP6GIZ47ufvdQblMW.dkFsZFi',1,'20142014','https://ui-avatars.com/api/?name=B&color=fff&background=8F864F&size=100','2024-07-04 22:19:14','2024-07-04 22:19:14',1,17),(297,'Mario','Melendez','','marlendex@dominio.com','$2a$10$.qEgM9XBQwDUHtenQJPDm.0i5ea/qQnGSxkBS0TZ3nsqJUr5t1Z/W',1,'0x874842','https://ui-avatars.com/api/?name=M&color=fff&background=AD8047&size=100','2024-07-04 22:29:08','2024-07-04 22:29:08',55,NULL),(298,'Humbert','Clarin','','hum.cla@gmail.com','$2a$10$BHwkuD7dhJwRps7nXBfhNOuwCa//O3.CpkdV7AUUURhbWtoLLAU5e',1,'20142222','https://ui-avatars.com/api/?name=H&color=fff&background=0E1F02&size=100','2024-07-04 22:30:24','2024-07-04 22:30:24',1,3),(299,'Hernando','Laurence','','hern.la@gmail.com','$2a$10$i9xTEJ0xMXmbidZuiMUyiuQKdpp.Hhwi9izGBpdbA1sLclITBXria',1,'21410214','https://ui-avatars.com/api/?name=H&color=fff&background=5B1DFD&size=100','2024-07-04 22:37:14','2024-07-04 22:37:14',1,33),(300,'Johan','Perez','','jo.perez@gmail.com','$2a$10$RnMpN62WOQmlXmsvV8FSROUIck9vGJvyoVuaq0CF6EZjvbdVf3CFe',1,'20012121','https://ui-avatars.com/api/?name=J&color=fff&background=880E2F&size=100','2024-07-04 23:13:23','2024-07-04 23:13:23',1,50),(301,'Javier','Hernandez','Perez','aaaa.aaa@gmail.com','$2a$10$HvZvHOt7Fde9twBBtSTPk.gMseFVEyOUOTvO0YLvesFAgL1YNrga6',1,'01221211','https://ui-avatars.com/api/?name=J&color=fff&background=B8A276&size=100','2024-07-05 00:37:56','2024-07-05 00:37:56',NULL,NULL),(302,'Josemi','Hernandez','Perez','jose.aaa@gmail.com','$2a$10$MIZGlgvQahbporgZPiHlRO9B3liw4xfiffTfUNEvLDAIe5ZEkoPve',1,'25141211','https://ui-avatars.com/api/?name=J&color=fff&background=71379F&size=100','2024-07-05 00:44:14','2024-07-05 00:44:14',NULL,NULL),(303,'Jorge','Carlos','Perez','jorge.ca@gmail.com','$2a$10$gG3AykJP6GJ3WEVnAeCNU.I1wcJe1.L1uoLv6GJn2Zf6CKNA9fUVm',1,'25414544','https://ui-avatars.com/api/?name=J&color=fff&background=4FACF4&size=100','2024-07-05 00:44:18','2024-07-05 00:44:18',NULL,NULL),(304,'Gerardo','Ginez','','gerar.gine@gmail.com','$2a$10$EN/5GYF3lfhcgfGAhAp8ge9mTk9owlfMjICzAqz6phP5s/XuGH.J2',1,'14542141','https://ui-avatars.com/api/?name=G&color=fff&background=472D5C&size=100','2024-07-05 00:46:20','2024-07-05 00:46:20',20,25),(305,'Viviana','Vera','Perez','vivi.vera@gmail.com','$2a$10$KGnP9Cj/UvJQePN2bMoxqOIb.EQ1CyXDTztOGmQ0NzrWqFKovLr0a',1,'20141024','https://ui-avatars.com/api/?name=V&color=fff&background=FFF8C5&size=100','2024-07-05 00:50:15','2024-07-05 00:50:15',NULL,NULL);
/*!40000 ALTER TABLE `Usuario` ENABLE KEYS */;
UNLOCK TABLES;

--
-- Dumping events for database 'MentifyNuevo'
--

--
-- Dumping routines for database 'MentifyNuevo'
--
/*!40103 SET TIME_ZONE=@OLD_TIME_ZONE */;

/*!40101 SET SQL_MODE=@OLD_SQL_MODE */;
/*!40014 SET FOREIGN_KEY_CHECKS=@OLD_FOREIGN_KEY_CHECKS */;
/*!40014 SET UNIQUE_CHECKS=@OLD_UNIQUE_CHECKS */;
/*!40101 SET CHARACTER_SET_CLIENT=@OLD_CHARACTER_SET_CLIENT */;
/*!40101 SET CHARACTER_SET_RESULTS=@OLD_CHARACTER_SET_RESULTS */;
/*!40101 SET COLLATION_CONNECTION=@OLD_COLLATION_CONNECTION */;
/*!40111 SET SQL_NOTES=@OLD_SQL_NOTES */;

-- Dump completed on 2024-07-04 21:57:34
